CapabilityID,ProfileID,Family,ExpectedSupported,ActualSupported,PlanningDisposition,Status
RSCAP-001,nr_rel18_rsla_strict,DMRS,true,true,EXECUTE,PASS
RSCAP-002,nr_rel18_rsla_strict,DMRS,true,true,EXECUTE,PASS
RSCAP-003,nr_rel18_rsla_strict,DMRS,true,true,EXECUTE,PASS
RSCAP-004,nr_rel18_rsla_strict,DMRS,true,true,EXECUTE,PASS
RSCAP-005,nr_rel18_rsla_strict,DMRS,true,true,EXECUTE,PASS
RSCAP-006,nr_rel18_rsla_strict,DMRS,true,true,EXECUTE,PASS
RSCAP-007,nr_rel18_rsla_strict,DMRS,true,true,EXECUTE,PASS
RSCAP-008,nr_rel18_rsla_strict,DMRS,true,true,EXECUTE,PASS
RSCAP-009,nr_rel18_rsla_strict,DMRS,true,true,EXECUTE,PASS
RSCAP-010,nr_rel18_rsla_strict,DMRS,true,true,EXECUTE,PASS
RSCAP-011,nr_rel18_rsla_strict,DMRS,true,true,EXECUTE,PASS
RSCAP-012,nr_rel18_rsla_strict,DMRS,true,true,EXECUTE,PASS
RSCAP-013,nr_rel18_rsla_strict,DMRS,true,true,EXECUTE,PASS
RSCAP-014,nr_rel18_rsla_strict,DMRS,true,true,EXECUTE,PASS
RSCAP-015,nr_rel18_rsla_strict,DMRS,true,true,EXECUTE,PASS
RSCAP-016,nr_rel18_rsla_strict,DMRS,true,true,EXECUTE,PASS
RSCAP-017,nr_rel18_rsla_strict,DMRS,true,true,EXECUTE,PASS
RSCAP-018,nr_rel18_rsla_strict,DMRS,true,true,EXECUTE,PASS
RSCAP-019,nr_rel18_rsla_strict,DMRS,true,true,EXECUTE,PASS
RSCAP-020,nr_rel18_rsla_strict,DMRS,true,true,EXECUTE,PASS
RSCAP-021,nr_rel18_rsla_strict,DMRS,true,true,EXECUTE,PASS
RSCAP-022,nr_rel18_rsla_strict,DMRS,true,true,EXECUTE,PASS
RSCAP-023,nr_rel18_rsla_strict,DMRS,true,true,EXECUTE,PASS
RSCAP-024,nr_rel18_rsla_strict,DMRS,true,true,EXECUTE,PASS
RSCAP-025,nr_rel18_rsla_strict,DMRS,true,true,EXECUTE,PASS
RSCAP-026,nr_rel18_rsla_strict,DMRS,true,true,EXECUTE,PASS
RSCAP-027,nr_rel18_rsla_strict,DMRS,true,true,EXECUTE,PASS
RSCAP-028,nr_rel18_rsla_strict,DMRS,true,true,EXECUTE,PASS
RSCAP-029,nr_rel18_rsla_strict,DMRS,true,true,EXECUTE,PASS
RSCAP-030,nr_rel18_rsla_strict,DMRS,true,true,EXECUTE,PASS
RSCAP-031,nr_rel18_rsla_strict,DMRS,true,true,EXECUTE,PASS
RSCAP-032,nr_rel18_rsla_strict,DMRS,true,true,EXECUTE,PASS
RSCAP-033,nr_rel18_rsla_strict,DMRS,true,true,EXECUTE,PASS
RSCAP-034,nr_rel18_rsla_strict,DMRS,true,true,EXECUTE,PASS
RSCAP-035,nr_rel18_rsla_strict,DMRS,true,true,EXECUTE,PASS
RSCAP-036,nr_rel18_rsla_strict,DMRS,true,true,EXECUTE,PASS
RSCAP-037,nr_rel18_rsla_strict,DMRS,true,true,EXECUTE,PASS
RSCAP-038,nr_rel18_rsla_strict,DMRS,true,true,EXECUTE,PASS
RSCAP-039,nr_rel18_rsla_strict,DMRS,true,true,EXECUTE,PASS
RSCAP-040,nr_rel18_rsla_strict,DMRS,true,true,EXECUTE,PASS
RSCAP-041,nr_rel18_rsla_strict,DMRS,true,true,EXECUTE,PASS
RSCAP-042,nr_rel18_rsla_strict,DMRS,true,true,EXECUTE,PASS
RSCAP-043,nr_rel18_rsla_strict,DMRS,true,true,EXECUTE,PASS
RSCAP-044,nr_rel18_rsla_strict,DMRS,true,true,EXECUTE,PASS
RSCAP-045,nr_rel18_rsla_strict,DMRS,true,true,EXECUTE,PASS
RSCAP-046,nr_rel18_rsla_strict,DMRS,true,true,EXECUTE,PASS
RSCAP-047,nr_rel18_rsla_strict,DMRS,true,true,EXECUTE,PASS
RSCAP-048,nr_rel18_rsla_strict,DMRS,true,true,EXECUTE,PASS
RSCAP-049,nr_rel18_rsla_strict,CSI-RS,true,true,EXECUTE,PASS
RSCAP-050,nr_rel18_rsla_strict,CSI-RS,true,true,EXECUTE,PASS
RSCAP-051,nr_rel18_rsla_strict,CSI-RS,true,true,EXECUTE,PASS
RSCAP-052,nr_rel18_rsla_strict,CSI-RS,true,true,EXECUTE,PASS
RSCAP-053,nr_rel18_rsla_strict,CSI-RS,true,true,EXECUTE,PASS
RSCAP-054,nr_rel18_rsla_strict,CSI-RS,true,true,EXECUTE,PASS
RSCAP-055,nr_rel18_rsla_strict,CSI-RS,true,true,EXECUTE,PASS
RSCAP-056,nr_rel18_rsla_strict,CSI-RS,true,true,EXECUTE,PASS
RSCAP-057,nr_rel18_rsla_strict,CSI-RS,true,true,EXECUTE,PASS
RSCAP-058,nr_rel18_rsla_strict,CSI-RS,true,true,EXECUTE,PASS
RSCAP-059,nr_rel18_rsla_strict,CSI-RS,true,true,EXECUTE,PASS
RSCAP-060,nr_rel18_rsla_strict,CSI-RS,true,true,EXECUTE,PASS
RSCAP-061,nr_rel18_rsla_strict,CSI-RS,true,true,EXECUTE,PASS
RSCAP-062,nr_rel18_rsla_strict,CSI-RS,true,true,EXECUTE,PASS
RSCAP-063,nr_rel18_rsla_strict,CSI-RS,true,true,EXECUTE,PASS
RSCAP-064,nr_rel18_rsla_strict,CSI-RS,true,true,EXECUTE,PASS
RSCAP-065,nr_rel18_rsla_strict,CSI-RS,true,true,EXECUTE,PASS
RSCAP-066,nr_rel18_rsla_strict,CSI-RS,true,true,EXECUTE,PASS
RSCAP-067,nr_rel18_rsla_strict,CSI-RS,true,true,EXECUTE,PASS
RSCAP-068,nr_rel18_rsla_strict,CSI-RS,true,true,EXECUTE,PASS
RSCAP-069,nr_rel18_rsla_strict,CSI-RS,true,true,EXECUTE,PASS
RSCAP-070,nr_rel18_rsla_strict,CSI-RS,true,true,EXECUTE,PASS
RSCAP-071,nr_rel18_rsla_strict,CSI-RS,true,true,EXECUTE,PASS
RSCAP-072,nr_rel18_rsla_strict,CSI-RS,true,true,EXECUTE,PASS
RSCAP-073,nr_rel18_rsla_strict,CSI-RS,true,true,EXECUTE,PASS
RSCAP-074,nr_rel18_rsla_strict,CSI-RS,true,true,EXECUTE,PASS
RSCAP-075,nr_rel18_rsla_strict,CSI-RS,true,true,EXECUTE,PASS
RSCAP-076,nr_rel18_rsla_strict,CSI-RS,true,true,EXECUTE,PASS
RSCAP-077,nr_rel18_rsla_strict,CSI-RS,true,true,EXECUTE,PASS
RSCAP-078,nr_rel18_rsla_strict,CSI-RS,true,true,EXECUTE,PASS
RSCAP-079,nr_rel18_rsla_strict,CSI-RS,true,true,EXECUTE,PASS
RSCAP-080,nr_rel18_rsla_strict,CSI-RS,true,true,EXECUTE,PASS
RSCAP-081,nr_rel18_rsla_strict,CSI-RS,true,true,EXECUTE,PASS
RSCAP-082,nr_rel18_rsla_strict,CSI-RS,true,true,EXECUTE,PASS
RSCAP-083,nr_rel18_rsla_strict,CSI-RS,true,true,EXECUTE,PASS
RSCAP-084,nr_rel18_rsla_strict,CSI-RS,true,true,EXECUTE,PASS
RSCAP-085,nr_rel18_rsla_strict,SRS,true,true,EXECUTE,PASS
RSCAP-086,nr_rel18_rsla_strict,SRS,true,true,EXECUTE,PASS
RSCAP-087,nr_rel18_rsla_strict,SRS,true,true,EXECUTE,PASS
RSCAP-088,nr_rel18_rsla_strict,SRS,true,true,EXECUTE,PASS
RSCAP-089,nr_rel18_rsla_strict,SRS,true,true,EXECUTE,PASS
RSCAP-090,nr_rel18_rsla_strict,SRS,true,true,EXECUTE,PASS
RSCAP-091,nr_rel18_rsla_strict,SRS,true,true,EXECUTE,PASS
RSCAP-092,nr_rel18_rsla_strict,SRS,true,true,EXECUTE,PASS
RSCAP-093,nr_rel18_rsla_strict,SRS,true,true,EXECUTE,PASS
RSCAP-094,nr_rel18_rsla_strict,SRS,true,true,EXECUTE,PASS
RSCAP-095,nr_rel18_rsla_strict,SRS,true,true,EXECUTE,PASS
RSCAP-096,nr_rel18_rsla_strict,SRS,true,true,EXECUTE,PASS
RSCAP-097,nr_rel18_rsla_strict,SRS,true,true,EXECUTE,PASS
RSCAP-098,nr_rel18_rsla_strict,SRS,true,true,EXECUTE,PASS
RSCAP-099,nr_rel18_rsla_strict,SRS,true,true,EXECUTE,PASS
RSCAP-100,nr_rel18_rsla_strict,SRS,true,true,EXECUTE,PASS
RSCAP-101,nr_rel18_rsla_strict,SRS,true,true,EXECUTE,PASS
RSCAP-102,nr_rel18_rsla_strict,SRS,true,true,EXECUTE,PASS
RSCAP-103,nr_rel18_rsla_strict,SRS,true,true,EXECUTE,PASS
RSCAP-104,nr_rel18_rsla_strict,SRS,true,true,EXECUTE,PASS
RSCAP-105,nr_rel18_rsla_strict,SRS,true,true,EXECUTE,PASS
RSCAP-106,nr_rel18_rsla_strict,SRS,true,true,EXECUTE,PASS
RSCAP-107,nr_rel18_rsla_strict,SRS,true,true,EXECUTE,PASS
RSCAP-108,nr_rel18_rsla_strict,SRS,true,true,EXECUTE,PASS
RSCAP-109,nr_rel18_rsla_strict,SRS,true,true,EXECUTE,PASS
RSCAP-110,nr_rel18_rsla_strict,SRS,true,true,EXECUTE,PASS
RSCAP-111,nr_rel18_rsla_strict,SRS,true,true,EXECUTE,PASS
RSCAP-112,nr_rel18_rsla_strict,SRS,true,true,EXECUTE,PASS
RSCAP-113,nr_rel18_rsla_strict,SRS,true,true,EXECUTE,PASS
RSCAP-114,nr_rel18_rsla_strict,SRS,true,true,EXECUTE,PASS
RSCAP-115,nr_rel18_rsla_strict,SRS,true,true,EXECUTE,PASS
RSCAP-116,nr_rel18_rsla_strict,SRS,true,true,EXECUTE,PASS
RSCAP-117,nr_rel18_rsla_strict,SRS,true,true,EXECUTE,PASS
RSCAP-118,nr_rel18_rsla_strict,SRS,true,true,EXECUTE,PASS
RSCAP-119,nr_rel18_rsla_strict,SRS,true,true,EXECUTE,PASS
RSCAP-120,nr_rel18_rsla_strict,SRS,true,true,EXECUTE,PASS
RSCAP-121,nr_rel18_rsla_strict,TRS,true,true,EXECUTE,PASS
RSCAP-122,nr_rel18_rsla_strict,TRS,true,true,EXECUTE,PASS
RSCAP-123,nr_rel18_rsla_strict,TRS,true,true,EXECUTE,PASS
RSCAP-124,nr_rel18_rsla_strict,TRS,true,true,EXECUTE,PASS
RSCAP-125,nr_rel18_rsla_strict,TRS,true,true,EXECUTE,PASS
RSCAP-126,nr_rel18_rsla_strict,TRS,true,true,EXECUTE,PASS
RSCAP-127,nr_rel18_rsla_strict,TRS,true,true,EXECUTE,PASS
RSCAP-128,nr_rel18_rsla_strict,TRS,true,true,EXECUTE,PASS
RSCAP-129,nr_rel18_rsla_strict,PTRS,true,true,EXECUTE,PASS
RSCAP-130,nr_rel18_rsla_strict,PTRS,true,true,EXECUTE,PASS
RSCAP-131,nr_rel18_rsla_strict,PTRS,true,true,EXECUTE,PASS
RSCAP-132,nr_rel18_rsla_strict,PTRS,true,true,EXECUTE,PASS
RSCAP-133,nr_rel18_rsla_strict,PTRS,true,true,EXECUTE,PASS
RSCAP-134,nr_rel18_rsla_strict,PTRS,true,true,EXECUTE,PASS
RSCAP-135,nr_rel18_rsla_strict,PTRS,true,true,EXECUTE,PASS
RSCAP-136,nr_rel18_rsla_strict,PTRS,true,true,EXECUTE,PASS
RSCAP-137,nr_rel18_rsla_strict,PTRS,true,true,EXECUTE,PASS
RSCAP-138,nr_rel18_rsla_strict,PTRS,true,true,EXECUTE,PASS
RSCAP-139,nr_rel18_rsla_strict,PTRS,true,true,EXECUTE,PASS
RSCAP-140,nr_rel18_rsla_strict,PTRS,true,true,EXECUTE,PASS
RSCAP-141,nr_rel18_measurement_strict,MEASUREMENT,true,true,EXECUTE,PASS
RSCAP-142,nr_rel18_measurement_strict,MEASUREMENT,true,true,EXECUTE,PASS
RSCAP-143,nr_rel18_measurement_strict,MEASUREMENT,true,true,EXECUTE,PASS
RSCAP-144,nr_rel18_measurement_strict,MEASUREMENT,true,true,EXECUTE,PASS
RSCAP-145,nr_rel18_measurement_strict,MEASUREMENT,true,true,EXECUTE,PASS
RSCAP-146,nr_rel18_measurement_strict,MEASUREMENT,true,true,EXECUTE,PASS
RSCAP-147,nr_rel18_measurement_strict,MEASUREMENT,true,true,EXECUTE,PASS
RSCAP-148,nr_rel18_measurement_strict,MEASUREMENT,true,true,EXECUTE,PASS
RSCAP-149,nr_rel18_csi_report_strict,CSI_REPORT,true,true,EXECUTE,PASS
RSCAP-150,nr_rel18_csi_report_strict,CSI_REPORT,true,true,EXECUTE,PASS
RSCAP-151,nr_rel18_csi_report_strict,CSI_REPORT,true,true,EXECUTE,PASS
RSCAP-152,nr_rel18_csi_report_strict,CSI_REPORT,true,true,EXECUTE,PASS
RSCAP-153,nr_rel18_csi_report_strict,CSI_REPORT,true,true,EXECUTE,PASS
RSCAP-154,nr_rel18_csi_report_strict,CSI_REPORT,true,true,EXECUTE,PASS
RSCAP-155,nr_rel18_csi_report_strict,CSI_REPORT,true,true,EXECUTE,PASS
RSCAP-156,nr_rel18_csi_report_strict,CSI_REPORT,true,true,EXECUTE,PASS
RSCAP-157,calibrated_link_adaptation_strict,EFFECTIVE_SINR,true,true,EXECUTE,PASS
RSCAP-158,calibrated_link_adaptation_strict,EFFECTIVE_SINR,true,true,EXECUTE,PASS
RSCAP-159,calibrated_link_adaptation_strict,EFFECTIVE_SINR,true,true,EXECUTE,PASS
RSCAP-160,calibrated_link_adaptation_strict,EFFECTIVE_SINR,true,true,EXECUTE,PASS
RSCAP-161,calibrated_link_adaptation_strict,EFFECTIVE_SINR,true,true,EXECUTE,PASS
RSCAP-162,calibrated_link_adaptation_strict,EFFECTIVE_SINR,true,true,EXECUTE,PASS
RSCAP-163,calibrated_link_adaptation_strict,EFFECTIVE_SINR,true,true,EXECUTE,PASS
RSCAP-164,calibrated_link_adaptation_strict,EFFECTIVE_SINR,true,true,EXECUTE,PASS
RSCAP-165,calibrated_link_adaptation_strict,EFFECTIVE_SINR,true,true,EXECUTE,PASS
RSCAP-166,calibrated_link_adaptation_strict,EFFECTIVE_SINR,true,true,EXECUTE,PASS
RSCAP-167,calibrated_link_adaptation_strict,EFFECTIVE_SINR,true,true,EXECUTE,PASS
RSCAP-168,calibrated_link_adaptation_strict,EFFECTIVE_SINR,true,true,EXECUTE,PASS
RSCAP-169,calibrated_link_adaptation_strict,OLLA,true,true,EXECUTE,PASS
RSCAP-170,calibrated_link_adaptation_strict,OLLA,true,true,EXECUTE,PASS
RSCAP-171,calibrated_link_adaptation_strict,OLLA,true,true,EXECUTE,PASS
RSCAP-172,calibrated_link_adaptation_strict,OLLA,true,true,EXECUTE,PASS
RSCAP-173,calibrated_link_adaptation_strict,OLLA,true,true,EXECUTE,PASS
RSCAP-174,calibrated_link_adaptation_strict,OLLA,true,true,EXECUTE,PASS
RSCAP-175,unsupported_extension,CSI-RS,false,false,REJECT,PASS
RSCAP-176,unsupported_extension,SRS,false,false,REJECT,PASS
RSCAP-177,unsupported_extension,TRS,false,false,REJECT,PASS
RSCAP-178,unsupported_extension,MEASUREMENT,false,false,REJECT,PASS
RSCAP-179,unsupported_extension,CSI_REPORT,false,false,REJECT,PASS
RSCAP-180,unsupported_extension,EFFECTIVE_SINR,false,false,REJECT,PASS
