FileName,ByteCount,SHA256
CODEX_PROMPT_18_WEBGUI_SINGLE_SCENARIO_FULL_STACK_QUALIFICATION.md,18313,529d28d43c49886ac624be237e0125fea717e9a2324c0622518f4eee35a19b54
FULL_STACK_WEBGUI_RUN_GUIDE.md,2575,6f641dee547fd8653b61b432b911aee72a1478ace8d21f97926d932d24b3561f
PACK_INVENTORY_SHA256.csv,1685,0a792a431064c636babc86142b3f5f2e15d3a2df21014c6747d82f9eef8de292
PACK_README.md,553,cd43c616fbc33554b31ecac7f13a8f3a24a06417a093f708eea458ae02a2e700
PACK_VALIDATION_SUMMARY.json,426,253a3d8fe128f4234ae5864cb9077807ba2a320741f94f1c701f43ea40cd8d58
PACK_VERIFIER_OUTPUT.txt,12,39d8da812b3a4d964a619852f6c6c5e506d3c73316b0b0aedbdfd4f774b6eb09
full_stack_acceptance_rules.csv,71902,60a3a437dc181f552b2c239a073ff11efc585661a7c45efcacb1b885a8e9bf7b
full_stack_artifact_manifest_schema.json,2225,d72ebf3c04f765c9910f3471c6539d80a795b9721884c143183f283fe035f82a
full_stack_component_coverage_matrix.csv,37216,c9434516c1e1953def5866e8224bf175f1f7c7edd64c25db43001c0b571f03d8
full_stack_negative_fault_injection_matrix.csv,7400,ab63269bbd4116dee1fdc704bdd15a700c1b4368db37ee44e508cb23af710921
full_stack_required_artifact_registry.csv,459981,1b5a50160c49e257df423a7efd5bec6b792788d1c5ed4539c95af063e9a30b61
full_stack_subcase_matrix.csv,10606,e8ee707dec957cc8f7aee7a8a474e683d59be96c107f2b4f4c751f3e002e1b62
full_stack_value_correctness_contract.csv,13796,f362f4dab64077a42ccf7599cff245b449c7c354bf4972b8294d5a93d7b97ebb
full_stack_webgui_page_contract.csv,1530,58ca2986511b6b6a78e3b07210459f252a2230db9c3b84da81867cfb20749fc4
lls_webgui_full_stack_sinr_geometry_qualification.yaml,6358,5813f36b3069663c3105c214b533f8d6c44002892a4c2cffaeed2f296188d239
verify_full_stack_pack.py,1497,bc5257f32a8d41bb4c7218a7e0749b8326415709b37f657f0d935f1a896a0d16
verify_full_stack_qualification_artifacts.py,6550,1e6a69d0225270e2f1d696abf67b2be99e8568555986417c3f9e3082af411d64
