UEIndex,RNTI,Direction,SNR_dB,Frame,Slot,MCS,PRBs,Layers,ConfiguredLayers,ConfiguredTxAntennas,ConfiguredRxAntennas,ReceiverHestSINR_dB,WidebandCQI,RankIndicator,PMI,ChannelGain_dB,ConditionNumber_dB,RankEstimate,NumRxAntennas,NumTxPorts,SelectedBeamIndex,BestBeamIndex,BeamHit,TopKBeamHit,BeamCandidateCount,SelectedBeamGain_dB,BestBeamGain_dB,BeamGainGap_dB,BeamSelectionStrategy,BeamIndexSet,ConfiguredBeamSelectionStrategy,AppliedBeamIndexSet,PrecoderSource,PrecodingMode,PrecodingApplicationStage,PrecodingActive,ExplicitBeamWeightsApplied,TransformPrecodingApplied,BeamformingApplied,AppliedPrecoderPMI,AppliedPrecoderPMIType,AppliedPrecoderCodebookMode,PrecodingNumPorts,PrecodingNumLayers,PrecodingMatrixRows,PrecodingMatrixCols,ExecutionModel,Status,BeamSweepEnabled,BeamCount
3,3,"DL",12,7,7,0,27,2,2,64,4,39.4446903754184,15,2,5,-103.478021701588,25.5996646277488,1,4,2,2,7,0,0,32,-107.387357751445,-107.24356953799,0.143788213455039,"runtime_best_beam_per_link","1|2","runtime_best_beam_per_link","1|2","codebook_dft","explicit-wideband","nrPDSCHPrecode_before_RE_mapping",1,1,0,1,0,"type1","type1_su_mimo",64,2,64,2,"slot_coupled_truth","PASS",1,32
5,5,"DL",12,7,7,0,27,2,2,64,4,20.8696184745171,14,1,27,-120.918174849271,36.1468778192712,1,4,2,1,28,0,0,32,-124.595282578942,-124.271137531522,0.324145047420799,"runtime_best_beam_per_link","1|2","runtime_best_beam_per_link","1|2","codebook_dft","explicit-wideband","nrPDSCHPrecode_before_RE_mapping",1,1,0,1,0,"type1","type1_su_mimo",64,2,64,2,"slot_coupled_truth","PASS",1,32
7,7,"DL",12,7,7,0,27,2,2,64,4,24.3222700113384,15,2,2,-89.7950298138592,39.6397214578325,1,4,2,2,3,0,0,32,-93.3097837412586,-93.2904856569331,0.0192980843255555,"runtime_best_beam_per_link","1|2","runtime_best_beam_per_link","1|2","codebook_dft","explicit-wideband","nrPDSCHPrecode_before_RE_mapping",1,1,0,1,0,"type1","type1_su_mimo",64,2,64,2,"slot_coupled_truth","PASS",1,32
9,9,"DL",12,7,7,0,27,2,2,64,4,12.610368303274,10,1,4,-132.020067116523,32.2521890650161,1,4,2,2,5,0,0,32,-135.353624517446,-135.200092264898,0.153532252548018,"runtime_best_beam_per_link","1|2","runtime_best_beam_per_link","1|2","codebook_dft","explicit-wideband","nrPDSCHPrecode_before_RE_mapping",1,1,0,1,0,"type1","type1_su_mimo",64,2,64,2,"slot_coupled_truth","PASS",1,32
14,14,"DL",12,7,7,0,27,2,2,64,4,9.433347041507,8,1,8,-104.889176726269,42.3125278462671,1,4,2,2,9,0,0,32,-108.773193751257,-108.399673477357,0.373520273899913,"runtime_best_beam_per_link","1|2","runtime_best_beam_per_link","1|2","codebook_dft","explicit-wideband","nrPDSCHPrecode_before_RE_mapping",1,1,0,1,0,"type1","type1_su_mimo",64,2,64,2,"slot_coupled_truth","PASS",1,32
19,19,"DL",12,7,7,0,27,2,2,64,4,30.6545767848233,15,2,17,-110.390876867699,25.5597674336453,1,4,2,1,19,0,0,32,-114.742187728543,-113.968863879669,0.773323848874256,"runtime_best_beam_per_link","1|2","runtime_best_beam_per_link","1|2","codebook_dft","explicit-wideband","nrPDSCHPrecode_before_RE_mapping",1,1,0,1,0,"type1","type1_su_mimo",64,2,64,2,"slot_coupled_truth","PASS",1,32
26,26,"DL",12,7,7,0,27,2,2,64,4,28.3572433635823,15,1,0,-118.609224801477,36.7100478080138,1,4,2,1,1,1,1,32,-121.609517571585,-121.609517571585,0,"runtime_best_beam_per_link","1|2","runtime_best_beam_per_link","1|2","codebook_dft","explicit-wideband","nrPDSCHPrecode_before_RE_mapping",1,1,0,1,0,"type1","type1_su_mimo",64,2,64,2,"slot_coupled_truth","PASS",1,32
27,27,"DL",12,7,7,0,27,2,2,64,4,7.40219237435299,6,1,0,-135.097029715007,43.431043229554,1,4,2,1,1,1,1,32,-138.840043013652,-138.840043013652,0,"runtime_best_beam_per_link","1|2","runtime_best_beam_per_link","1|2","codebook_dft","explicit-wideband","nrPDSCHPrecode_before_RE_mapping",1,1,0,1,0,"type1","type1_su_mimo",64,2,64,2,"slot_coupled_truth","PASS",1,32
43,43,"DL",12,7,7,0,27,2,2,64,4,29.4463451626909,15,2,31,-113.602879764642,38.5510903386416,1,4,2,1,1,1,1,32,-117.402748536685,-117.402748536685,0,"runtime_best_beam_per_link","1|2","runtime_best_beam_per_link","1|2","codebook_dft","explicit-wideband","nrPDSCHPrecode_before_RE_mapping",1,1,0,1,0,"type1","type1_su_mimo",64,2,64,2,"slot_coupled_truth","PASS",1,32
47,47,"DL",12,7,7,0,27,2,2,64,4,53.7321356145399,15,2,6,-89.2619192085244,38.4071558190686,1,4,2,2,7,0,0,32,-92.9927517829154,-92.722282544164,0.270469238751375,"runtime_best_beam_per_link","1|2","runtime_best_beam_per_link","1|2","codebook_dft","explicit-wideband","nrPDSCHPrecode_before_RE_mapping",1,1,0,1,0,"type1","type1_su_mimo",64,2,64,2,"slot_coupled_truth","PASS",1,32
4,4,"DL",12,7,7,0,34,2,2,64,4,33.0234301387492,15,2,0,-111.528563606059,25.6263278631772,1,4,2,2,2,1,1,32,-114.039683687149,-114.039683687149,0,"runtime_best_beam_per_link","1|2","runtime_best_beam_per_link","1|2","codebook_dft","explicit-wideband","nrPDSCHPrecode_before_RE_mapping",1,1,0,1,0,"type1","type1_su_mimo",64,2,64,2,"slot_coupled_truth","PASS",1,32
6,6,"DL",12,7,7,0,34,2,2,64,4,19.5545488825017,13,1,28,-123.530681401262,48.3700499334941,1,4,2,1,29,0,0,32,-126.365292971689,-126.310561839187,0.0547311325021695,"runtime_best_beam_per_link","1|2","runtime_best_beam_per_link","1|2","codebook_dft","explicit-wideband","nrPDSCHPrecode_before_RE_mapping",1,1,0,1,0,"type1","type1_su_mimo",64,2,64,2,"slot_coupled_truth","PASS",1,32
10,10,"DL",12,7,7,0,34,2,2,64,4,41.7013738927902,15,2,2,-102.435383261481,32.8357280526636,1,4,2,2,3,0,0,32,-104.71559484859,-104.693383408717,0.0222114398735727,"runtime_best_beam_per_link","1|2","runtime_best_beam_per_link","1|2","codebook_dft","explicit-wideband","nrPDSCHPrecode_before_RE_mapping",1,1,0,1,0,"type1","type1_su_mimo",64,2,64,2,"slot_coupled_truth","PASS",1,32
29,29,"DL",12,7,7,0,34,2,2,64,4,29.8683033460894,15,2,24,-112.880370429708,33.5477039287254,1,4,2,1,25,0,0,32,-115.798273654286,-115.403385151544,0.394888502742162,"runtime_best_beam_per_link","1|2","runtime_best_beam_per_link","1|2","codebook_dft","explicit-wideband","nrPDSCHPrecode_before_RE_mapping",1,1,0,1,0,"type1","type1_su_mimo",64,2,64,2,"slot_coupled_truth","PASS",1,32
35,35,"DL",12,7,7,0,34,2,2,64,4,28.1420494366607,15,2,31,-118.773483629135,38.4490506877035,1,4,2,1,32,0,1,32,-121.208685852573,-121.206146390253,0.00253946232049884,"runtime_best_beam_per_link","1|2","runtime_best_beam_per_link","1|2","codebook_dft","explicit-wideband","nrPDSCHPrecode_before_RE_mapping",1,1,0,1,0,"type1","type1_su_mimo",64,2,64,2,"slot_coupled_truth","PASS",1,32
41,41,"DL",12,7,7,0,34,2,2,64,4,35.3574129595148,15,2,26,-108.249059552152,31.9372006967163,1,4,2,1,27,0,0,32,-111.090775615694,-110.84453065313,0.246244962563253,"runtime_best_beam_per_link","1|2","runtime_best_beam_per_link","1|2","codebook_dft","explicit-wideband","nrPDSCHPrecode_before_RE_mapping",1,1,0,1,0,"type1","type1_su_mimo",64,2,64,2,"slot_coupled_truth","PASS",1,32
45,45,"DL",12,7,7,0,34,2,2,64,4,20.9533249125383,14,1,25,-122.407802043127,32.7658357249894,1,4,2,1,26,0,0,32,-125.241930365328,-124.594328201698,0.647602163630097,"runtime_best_beam_per_link","1|2","runtime_best_beam_per_link","1|2","codebook_dft","explicit-wideband","nrPDSCHPrecode_before_RE_mapping",1,1,0,1,0,"type1","type1_su_mimo",64,2,64,2,"slot_coupled_truth","PASS",1,32
50,50,"DL",12,7,7,0,34,2,2,64,4,40.8969628889655,15,2,20,-102.424807609436,40.8110270223093,1,4,2,1,21,0,0,32,-105.727094941267,-104.994853003689,0.732241937578536,"runtime_best_beam_per_link","1|2","runtime_best_beam_per_link","1|2","codebook_dft","explicit-wideband","nrPDSCHPrecode_before_RE_mapping",1,1,0,1,0,"type1","type1_su_mimo",64,2,64,2,"slot_coupled_truth","PASS",1,32
2,2,"DL",12,7,7,0,27,2,2,64,4,34.3141077701394,15,2,7,-108.866386426512,30.591952527681,1,4,2,2,8,0,0,32,-112.776758233451,-112.5621581802,0.214600053250678,"runtime_best_beam_per_link","1|2","runtime_best_beam_per_link","1|2","codebook_dft","explicit-wideband","nrPDSCHPrecode_before_RE_mapping",1,1,0,1,0,"type1","type1_su_mimo",64,2,64,2,"slot_coupled_truth","PASS",1,32
12,12,"DL",12,7,7,0,27,2,2,64,4,62.7096763861151,15,2,31,-82.955496127728,31.1516691818791,1,4,2,1,32,0,1,32,-86.3915734773411,-86.3870715535192,0.00450192382182024,"runtime_best_beam_per_link","1|2","runtime_best_beam_per_link","1|2","codebook_dft","explicit-wideband","nrPDSCHPrecode_before_RE_mapping",1,1,0,1,0,"type1","type1_su_mimo",64,2,64,2,"slot_coupled_truth","PASS",1,32
13,13,"DL",12,7,7,0,27,2,2,64,4,38.0807314294599,15,2,2,-103.993498172067,46.5621000651508,1,4,2,2,3,0,0,32,-107.509235734795,-107.497623034,0.0116127007953253,"runtime_best_beam_per_link","1|2","runtime_best_beam_per_link","1|2","codebook_dft","explicit-wideband","nrPDSCHPrecode_before_RE_mapping",1,1,0,1,0,"type1","type1_su_mimo",64,2,64,2,"slot_coupled_truth","PASS",1,32
15,15,"DL",12,7,7,0,27,2,2,64,4,39.4489749937097,15,2,10,-103.889232937948,34.6304940314005,1,4,2,2,12,0,0,32,-108.25655068169,-106.768315121331,1.48823556035858,"runtime_best_beam_per_link","1|2","runtime_best_beam_per_link","1|2","codebook_dft","explicit-wideband","nrPDSCHPrecode_before_RE_mapping",1,1,0,1,0,"type1","type1_su_mimo",64,2,64,2,"slot_coupled_truth","PASS",1,32
16,16,"DL",12,7,7,0,27,2,2,64,4,32.1629350964918,15,2,26,-109.842229093407,27.4026070434529,1,4,2,1,27,0,0,32,-113.526721622341,-113.18675003444,0.339971587901033,"runtime_best_beam_per_link","1|2","runtime_best_beam_per_link","1|2","codebook_dft","explicit-wideband","nrPDSCHPrecode_before_RE_mapping",1,1,0,1,0,"type1","type1_su_mimo",64,2,64,2,"slot_coupled_truth","PASS",1,32
18,18,"DL",12,7,7,0,27,2,2,64,4,23.4006275543323,15,1,14,-122.024082892236,38.8551907646724,1,4,2,2,15,0,0,32,-126.821399098898,-125.291024057591,1.53037504130742,"runtime_best_beam_per_link","1|2","runtime_best_beam_per_link","1|2","codebook_dft","explicit-wideband","nrPDSCHPrecode_before_RE_mapping",1,1,0,1,0,"type1","type1_su_mimo",64,2,64,2,"slot_coupled_truth","PASS",1,32
23,23,"DL",12,7,7,0,27,2,2,64,4,49.9408433051755,15,2,31,-92.9536942965696,33.7936029273634,1,4,2,1,1,1,1,32,-96.5048137522773,-96.5048137522773,0,"runtime_best_beam_per_link","1|2","runtime_best_beam_per_link","1|2","codebook_dft","explicit-wideband","nrPDSCHPrecode_before_RE_mapping",1,1,0,1,0,"type1","type1_su_mimo",64,2,64,2,"slot_coupled_truth","PASS",1,32
24,24,"DL",12,7,7,0,27,2,2,64,4,26.9819071154885,15,2,1,-117.430477129794,32.4248700708007,1,4,2,2,3,0,1,32,-120.413180352657,-120.410606335748,0.00257401690961956,"runtime_best_beam_per_link","1|2","runtime_best_beam_per_link","1|2","codebook_dft","explicit-wideband","nrPDSCHPrecode_before_RE_mapping",1,1,0,1,0,"type1","type1_su_mimo",64,2,64,2,"slot_coupled_truth","PASS",1,32
33,33,"DL",12,7,7,0,27,2,2,64,4,13.2796989414142,10,1,24,-130.512317521115,35.4220250745147,1,4,2,1,25,0,0,32,-134.497880314055,-133.742219487783,0.75566082627202,"runtime_best_beam_per_link","1|2","runtime_best_beam_per_link","1|2","codebook_dft","explicit-wideband","nrPDSCHPrecode_before_RE_mapping",1,1,0,1,0,"type1","type1_su_mimo",64,2,64,2,"slot_coupled_truth","PASS",1,32
34,34,"DL",12,7,7,0,27,2,2,64,4,35.547900487625,15,2,8,-78.7631196097584,40.6326396734709,1,4,2,2,9,0,0,32,-82.6284303473862,-82.1575479518309,0.47088239555525,"runtime_best_beam_per_link","1|2","runtime_best_beam_per_link","1|2","codebook_dft","explicit-wideband","nrPDSCHPrecode_before_RE_mapping",1,1,0,1,0,"type1","type1_su_mimo",64,2,64,2,"slot_coupled_truth","PASS",1,32
20,20,"DL",12,7,7,0,30,2,2,64,4,21.2696238739457,14,2,20,-119.945422139455,32.3159815454042,1,4,2,1,22,0,0,32,-123.933928755765,-123.066669067439,0.867259688325959,"runtime_best_beam_per_link","1|2","runtime_best_beam_per_link","1|2","codebook_dft","explicit-wideband","nrPDSCHPrecode_before_RE_mapping",1,1,0,1,0,"type1","type1_su_mimo",64,2,64,2,"slot_coupled_truth","PASS",1,32
22,22,"DL",12,7,7,0,30,2,2,64,4,54.2301769705067,15,2,2,-88.2057761977825,36.6551267811115,1,4,2,2,3,0,0,32,-91.334353846657,-91.3252489692083,0.00910487744866373,"runtime_best_beam_per_link","1|2","runtime_best_beam_per_link","1|2","codebook_dft","explicit-wideband","nrPDSCHPrecode_before_RE_mapping",1,1,0,1,0,"type1","type1_su_mimo",64,2,64,2,"slot_coupled_truth","PASS",1,32
32,32,"DL",12,7,7,0,30,2,2,64,4,24.7109067128245,15,2,31,-119.66751365057,30.3790215315285,1,4,2,1,1,1,1,32,-122.433095927502,-122.433095927502,0,"runtime_best_beam_per_link","1|2","runtime_best_beam_per_link","1|2","codebook_dft","explicit-wideband","nrPDSCHPrecode_before_RE_mapping",1,1,0,1,0,"type1","type1_su_mimo",64,2,64,2,"slot_coupled_truth","PASS",1,32
37,37,"DL",12,7,7,0,30,2,2,64,4,35.832142870611,15,2,25,-108.563260993024,27.3987145924378,1,4,2,1,27,0,0,32,-111.849464429286,-111.315686480838,0.533777948447877,"runtime_best_beam_per_link","1|2","runtime_best_beam_per_link","1|2","codebook_dft","explicit-wideband","nrPDSCHPrecode_before_RE_mapping",1,1,0,1,0,"type1","type1_su_mimo",64,2,64,2,"slot_coupled_truth","PASS",1,32
38,38,"DL",12,7,7,0,30,2,2,64,4,30.270747614173,15,1,25,-111.187792343853,42.4140704656582,1,4,2,1,26,0,0,32,-114.570729364865,-114.089506840101,0.481222524764291,"runtime_best_beam_per_link","1|2","runtime_best_beam_per_link","1|2","codebook_dft","explicit-wideband","nrPDSCHPrecode_before_RE_mapping",1,1,0,1,0,"type1","type1_su_mimo",64,2,64,2,"slot_coupled_truth","PASS",1,32
40,40,"DL",12,7,7,0,30,2,2,64,4,20.9361382535284,14,1,23,-122.977559058488,39.632553758686,1,4,2,1,24,0,0,32,-126.600039644457,-126.036408913728,0.563630730728818,"runtime_best_beam_per_link","1|2","runtime_best_beam_per_link","1|2","codebook_dft","explicit-wideband","nrPDSCHPrecode_before_RE_mapping",1,1,0,1,0,"type1","type1_su_mimo",64,2,64,2,"slot_coupled_truth","PASS",1,32
42,42,"DL",12,7,7,0,30,2,2,64,4,22.2370099193392,15,2,9,-123.033257915101,26.731044494569,1,4,2,2,11,0,0,32,-126.600037906222,-126.193936134176,0.406101772046455,"runtime_best_beam_per_link","1|2","runtime_best_beam_per_link","1|2","codebook_dft","explicit-wideband","nrPDSCHPrecode_before_RE_mapping",1,1,0,1,0,"type1","type1_su_mimo",64,2,64,2,"slot_coupled_truth","PASS",1,32
44,44,"DL",12,7,7,0,30,2,2,64,4,27.3346402041093,15,2,31,-113.530409195444,43.7905912679504,1,4,2,1,32,0,1,32,-116.898827632996,-116.897439212319,0.00138842067721612,"runtime_best_beam_per_link","1|2","runtime_best_beam_per_link","1|2","codebook_dft","explicit-wideband","nrPDSCHPrecode_before_RE_mapping",1,1,0,1,0,"type1","type1_su_mimo",64,2,64,2,"slot_coupled_truth","PASS",1,32
49,49,"DL",12,7,7,0,30,2,2,64,4,22.3951748595462,15,1,11,-111.636777025566,42.8163242210268,1,4,2,2,12,0,0,32,-115.362591221121,-114.623643453419,0.7389477677023,"runtime_best_beam_per_link","1|2","runtime_best_beam_per_link","1|2","codebook_dft","explicit-wideband","nrPDSCHPrecode_before_RE_mapping",1,1,0,1,0,"type1","type1_su_mimo",64,2,64,2,"slot_coupled_truth","PASS",1,32
1,1,"DL",12,7,7,0,21,2,2,64,4,32.0979935384073,15,2,1,-110.439709358151,34.6826419632991,1,4,2,2,2,1,1,32,-115.425733460234,-115.425733460234,0,"runtime_best_beam_per_link","1|2","runtime_best_beam_per_link","1|2","codebook_dft","explicit-wideband","nrPDSCHPrecode_before_RE_mapping",1,1,0,1,0,"type1","type1_su_mimo",64,2,64,2,"slot_coupled_truth","PASS",1,32
8,8,"DL",12,7,7,0,21,2,2,64,4,3.32531956069372,4,1,0,-139.423063167723,31.3759573138083,1,4,2,1,1,1,1,32,-144.228312492121,-144.228312492121,0,"runtime_best_beam_per_link","1|2","runtime_best_beam_per_link","1|2","codebook_dft","explicit-wideband","nrPDSCHPrecode_before_RE_mapping",1,1,0,1,0,"type1","type1_su_mimo",64,2,64,2,"slot_coupled_truth","PASS",1,32
11,11,"DL",12,7,7,0,21,2,2,64,4,8.64150930112338,7,1,1,-135.351757371216,39.2828202103241,1,4,2,2,2,1,1,32,-139.42351031787,-139.42351031787,0,"runtime_best_beam_per_link","1|2","runtime_best_beam_per_link","1|2","codebook_dft","explicit-wideband","nrPDSCHPrecode_before_RE_mapping",1,1,0,1,0,"type1","type1_su_mimo",64,2,64,2,"slot_coupled_truth","PASS",1,32
17,17,"DL",12,7,7,0,21,2,2,64,4,8.15435458365945,7,1,15,-132.622466878328,42.1091145568685,1,4,2,2,16,0,0,32,-138.365661731456,-137.003772788814,1.36188894264157,"runtime_best_beam_per_link","1|2","runtime_best_beam_per_link","1|2","codebook_dft","explicit-wideband","nrPDSCHPrecode_before_RE_mapping",1,1,0,1,0,"type1","type1_su_mimo",64,2,64,2,"slot_coupled_truth","PASS",1,32
21,21,"DL",12,7,7,0,21,2,2,64,4,31.0726933088417,15,2,14,-112.991891457333,31.6382243309154,1,4,2,2,15,0,0,32,-118.614402368764,-117.430170338275,1.18423203048957,"runtime_best_beam_per_link","1|2","runtime_best_beam_per_link","1|2","codebook_dft","explicit-wideband","nrPDSCHPrecode_before_RE_mapping",1,1,0,1,0,"type1","type1_su_mimo",64,2,64,2,"slot_coupled_truth","PASS",1,32
25,25,"DL",12,7,7,0,21,2,2,64,4,35.9874256965909,15,2,25,-107.228748285493,29.2953958431719,1,4,2,1,26,0,0,32,-112.150232971548,-111.792972535998,0.35726043555006,"runtime_best_beam_per_link","1|2","runtime_best_beam_per_link","1|2","codebook_dft","explicit-wideband","nrPDSCHPrecode_before_RE_mapping",1,1,0,1,0,"type1","type1_su_mimo",64,2,64,2,"slot_coupled_truth","PASS",1,32
28,28,"DL",12,7,7,0,21,2,2,64,4,28.4097714228964,15,2,3,-112.395030094342,30.1691784978644,1,4,2,2,5,0,0,32,-117.169492000532,-117.133902147162,0.0355898533699133,"runtime_best_beam_per_link","1|2","runtime_best_beam_per_link","1|2","codebook_dft","explicit-wideband","nrPDSCHPrecode_before_RE_mapping",1,1,0,1,0,"type1","type1_su_mimo",64,2,64,2,"slot_coupled_truth","PASS",1,32
30,30,"DL",12,7,7,0,21,2,2,64,4,29.6914488865611,15,2,15,-112.173556075742,38.2758305464959,1,4,2,2,17,0,0,32,-117.218370199361,-117.151327875666,0.0670423236953468,"runtime_best_beam_per_link","1|2","runtime_best_beam_per_link","1|2","codebook_dft","explicit-wideband","nrPDSCHPrecode_before_RE_mapping",1,1,0,1,0,"type1","type1_su_mimo",64,2,64,2,"slot_coupled_truth","PASS",1,32
31,31,"DL",12,7,7,0,21,2,2,64,4,31.0557296137101,15,2,29,-111.177454367028,33.7852396476533,1,4,2,1,30,0,0,32,-115.926176925567,-115.880664525374,0.0455124001923508,"runtime_best_beam_per_link","1|2","runtime_best_beam_per_link","1|2","codebook_dft","explicit-wideband","nrPDSCHPrecode_before_RE_mapping",1,1,0,1,0,"type1","type1_su_mimo",64,2,64,2,"slot_coupled_truth","PASS",1,32
36,36,"DL",12,7,7,0,21,2,2,64,4,58.2527506862822,15,2,26,-84.8572041284318,47.3889066703023,1,4,2,1,28,0,0,32,-89.4639721546003,-89.1173080273403,0.346664127259984,"runtime_best_beam_per_link","1|2","runtime_best_beam_per_link","1|2","codebook_dft","explicit-wideband","nrPDSCHPrecode_before_RE_mapping",1,1,0,1,0,"type1","type1_su_mimo",64,2,64,2,"slot_coupled_truth","PASS",1,32
39,39,"DL",12,7,7,0,21,2,2,64,4,44.2391209194543,15,2,1,-99.8887377782794,39.67253234278,1,4,2,2,3,0,1,32,-104.329179424045,-104.322080753414,0.00709867063125103,"runtime_best_beam_per_link","1|2","runtime_best_beam_per_link","1|2","codebook_dft","explicit-wideband","nrPDSCHPrecode_before_RE_mapping",1,1,0,1,0,"type1","type1_su_mimo",64,2,64,2,"slot_coupled_truth","PASS",1,32
46,46,"DL",12,7,7,0,21,2,2,64,4,30.1104412597243,15,2,4,-110.605753172021,32.8644568644341,1,4,2,2,6,0,0,32,-114.966405725142,-114.740983834099,0.225421891042927,"runtime_best_beam_per_link","1|2","runtime_best_beam_per_link","1|2","codebook_dft","explicit-wideband","nrPDSCHPrecode_before_RE_mapping",1,1,0,1,0,"type1","type1_su_mimo",64,2,64,2,"slot_coupled_truth","PASS",1,32
48,48,"DL",12,7,7,0,21,2,2,64,4,23.2801553324116,15,1,30,-91.9381595876685,38.2740364588571,1,4,2,1,31,0,0,32,-96.3100446315032,-96.2475100604665,0.0625345710366645,"runtime_best_beam_per_link","1|2","runtime_best_beam_per_link","1|2","codebook_dft","explicit-wideband","nrPDSCHPrecode_before_RE_mapping",1,1,0,1,0,"type1","type1_su_mimo",64,2,64,2,"slot_coupled_truth","PASS",1,32
26,26,"DL",12,8,8,26,27,1,1,64,4,30.8735314918132,15,1,0,-115.805339520733,0,1,4,1,1,1,1,1,32,-119.731048837452,-119.731048837452,0,"runtime_best_beam_per_link","1|2","runtime_best_beam_per_link","1","codebook_dft","explicit-wideband","nrPDSCHPrecode_before_RE_mapping",1,1,0,1,0,"type1","type1_su_mimo",64,1,64,1,"slot_coupled_truth","PASS",1,32
14,14,"DL",12,8,8,13,27,1,1,64,4,12.3402714650325,9,1,0,-98.5323182360135,0,1,4,1,1,1,1,1,32,-102.437865512354,-102.437865512354,0,"runtime_best_beam_per_link","1|2","runtime_best_beam_per_link","9","codebook_dft","explicit-wideband","nrPDSCHPrecode_before_RE_mapping",1,1,0,1,8,"type1","type1_su_mimo",64,1,64,1,"slot_coupled_truth","PASS",1,32
3,3,"DL",12,8,8,0,27,2,2,64,4,26.2177995984569,15,2,8,-126.985890564306,28.1473766982983,1,4,2,2,9,0,0,32,-130.881019736716,-130.316529770177,0.564489966539355,"runtime_best_beam_per_link","1|2","runtime_best_beam_per_link","6|7","codebook_dft","explicit-wideband","nrPDSCHPrecode_before_RE_mapping",1,1,0,1,5,"type1","type1_su_mimo",64,2,64,2,"slot_coupled_truth","FAIL",1,32
5,5,"DL",12,8,8,0,27,2,2,64,4,-9.68022488543782,0,1,2,-164.193819641968,15.9580769088431,2,4,2,2,3,0,0,32,-156.53559774527,-156.53559774527,0,"runtime_best_beam_per_link","1|2","runtime_best_beam_per_link","28|29","codebook_dft","explicit-wideband","nrPDSCHPrecode_before_RE_mapping",1,1,0,1,27,"type1","type1_su_mimo",64,2,64,2,"slot_coupled_truth","PASS",1,32
7,7,"DL",12,8,8,0,27,2,2,64,4,17.3006012182844,12,2,18,-111.414354392823,12.21082876424,2,4,2,1,19,0,0,32,-122.317513337476,-116.174585759091,6.14292757838564,"runtime_best_beam_per_link","1|2","runtime_best_beam_per_link","3|4","codebook_dft","explicit-wideband","nrPDSCHPrecode_before_RE_mapping",1,1,0,1,2,"type1","type1_su_mimo",64,2,64,2,"slot_coupled_truth","PASS",1,32
9,9,"DL",12,8,8,0,27,2,2,64,4,-4.50500645464856,1,1,2,-158.88103885214,29.8187978397902,1,4,2,2,3,0,0,32,-156.53559774527,-156.53559774527,0,"runtime_best_beam_per_link","1|2","runtime_best_beam_per_link","5|6","codebook_dft","explicit-wideband","nrPDSCHPrecode_before_RE_mapping",1,1,0,1,4,"type1","type1_su_mimo",64,2,64,2,"slot_coupled_truth","FAIL",1,32
19,19,"DL",12,8,8,0,27,2,2,64,4,17.1043555352419,12,1,31,-135.094914810431,27.5823153058075,1,4,2,1,32,0,1,32,-139.449849221132,-139.431242210028,0.0186070111041943,"runtime_best_beam_per_link","1|2","runtime_best_beam_per_link","18|19","codebook_dft","explicit-wideband","nrPDSCHPrecode_before_RE_mapping",1,1,0,1,17,"type1","type1_su_mimo",64,2,64,2,"slot_coupled_truth","PASS",1,32
27,27,"DL",12,8,8,0,27,2,2,64,4,7.38732543691986,6,1,1,-135.118891434155,49.0720690922382,1,4,2,2,2,1,1,32,-138.86737400995,-138.86737400995,0,"runtime_best_beam_per_link","1|2","runtime_best_beam_per_link","1|2","codebook_dft","explicit-wideband","nrPDSCHPrecode_before_RE_mapping",1,1,0,1,0,"type1","type1_su_mimo",64,2,64,2,"slot_coupled_truth","PASS",1,32
43,43,"DL",12,8,8,0,27,2,2,64,4,27.2861165730474,15,2,15,-125.70666943531,28.6344662255147,1,4,2,2,17,0,0,32,-130.103174528702,-129.247310245656,0.855864283046571,"runtime_best_beam_per_link","1|2","runtime_best_beam_per_link","32|33","codebook_dft","explicit-wideband","nrPDSCHPrecode_before_RE_mapping",1,1,0,1,31,"type1","type1_su_mimo",64,2,64,2,"slot_coupled_truth","PASS",1,32
47,47,"DL",12,8,8,0,27,2,2,64,4,43.8918063161387,15,2,14,-110.742941424884,19.4250815926964,2,4,2,2,15,0,0,32,-118.08431546958,-112.642644837198,5.44167063238206,"runtime_best_beam_per_link","1|2","runtime_best_beam_per_link","7|8","codebook_dft","explicit-wideband","nrPDSCHPrecode_before_RE_mapping",1,1,0,1,6,"type1","type1_su_mimo",64,2,64,2,"slot_coupled_truth","PASS",1,32
10,10,"DL",12,8,8,26,34,2,2,64,4,28.3131344544847,15,2,2,-123.8191625012,19.8090599359226,2,4,2,2,4,0,0,32,-128.334282161351,-128.210297231892,0.123984929459084,"runtime_best_beam_per_link","1|2","runtime_best_beam_per_link","3|4","codebook_dft","explicit-wideband","nrPDSCHPrecode_before_RE_mapping",1,1,0,1,2,"type1","type1_su_mimo",64,2,64,2,"slot_coupled_truth","FAIL",1,32
50,50,"DL",12,8,8,26,34,2,2,64,4,15.3578823007732,11,1,2,-139.75873586528,18.9914871802605,2,4,2,2,3,0,1,32,-141.188967866056,-141.177715444497,0.0112524215587939,"runtime_best_beam_per_link","1|2","runtime_best_beam_per_link","21|22","codebook_dft","explicit-wideband","nrPDSCHPrecode_before_RE_mapping",1,1,0,1,20,"type1","type1_su_mimo",64,2,64,2,"slot_coupled_truth","FAIL",1,32
6,6,"DL",12,8,8,24,34,1,1,64,4,-18.61164043658,0,1,0,-169.574431745039,0,1,4,1,1,1,1,1,32,-156.53559774527,-156.53559774527,0,"runtime_best_beam_per_link","1|2","runtime_best_beam_per_link","29","codebook_dft","explicit-wideband","nrPDSCHPrecode_before_RE_mapping",1,1,0,1,28,"type1","type1_su_mimo",64,1,64,1,"slot_coupled_truth","FAIL",1,32
4,4,"DL",12,8,8,0,34,2,2,64,4,33.0364396880755,15,2,0,-111.658802054772,26.7873678019665,1,4,2,2,2,1,1,32,-114.079524441506,-114.079524441506,0,"runtime_best_beam_per_link","1|2","runtime_best_beam_per_link","1|2","codebook_dft","explicit-wideband","nrPDSCHPrecode_before_RE_mapping",1,1,0,1,0,"type1","type1_su_mimo",64,2,64,2,"slot_coupled_truth","PASS",1,32
29,29,"DL",12,8,8,0,34,2,2,64,4,29.1055189614033,15,2,28,-124.221834090722,40.1046911159791,1,4,2,1,29,0,0,32,-126.971462568911,-126.902225897661,0.0692366712498114,"runtime_best_beam_per_link","1|2","runtime_best_beam_per_link","25|26","codebook_dft","explicit-wideband","nrPDSCHPrecode_before_RE_mapping",1,1,0,1,24,"type1","type1_su_mimo",64,2,64,2,"slot_coupled_truth","PASS",1,32
35,35,"DL",12,8,8,0,34,2,2,64,4,23.9338471714292,15,2,1,-130.098737845532,27.0202781132944,1,4,2,2,2,1,1,32,-132.599387572572,-132.599387572572,0,"runtime_best_beam_per_link","1|2","runtime_best_beam_per_link","32|33","codebook_dft","explicit-wideband","nrPDSCHPrecode_before_RE_mapping",1,1,0,1,31,"type1","type1_su_mimo",64,2,64,2,"slot_coupled_truth","PASS",1,32
41,41,"DL",12,8,8,0,34,2,2,64,4,8.07097010383061,7,1,4,-144.935930177782,11.7588699827383,2,4,2,2,5,0,0,32,-148.772475303761,-148.46462764144,0.30784766232145,"runtime_best_beam_per_link","1|2","runtime_best_beam_per_link","27|28","codebook_dft","explicit-wideband","nrPDSCHPrecode_before_RE_mapping",1,1,0,1,26,"type1","type1_su_mimo",64,2,64,2,"slot_coupled_truth","PASS",1,32
45,45,"DL",12,8,8,0,34,2,2,64,4,1.13802712042025,3,1,3,-152.751307468713,35.316871589602,1,4,2,2,4,0,0,32,-155.546969824773,-155.39757062485,0.149399199923351,"runtime_best_beam_per_link","1|2","runtime_best_beam_per_link","26|27","codebook_dft","explicit-wideband","nrPDSCHPrecode_before_RE_mapping",1,1,0,1,25,"type1","type1_su_mimo",64,2,64,2,"slot_coupled_truth","PASS",1,32
2,2,"DL",12,8,8,26,27,2,2,64,4,34.4168015804423,15,2,31,-105.420460735153,36.6240115641312,1,4,2,1,32,0,1,32,-109.151324392381,-109.150808331605,0.00051606077599331,"runtime_best_beam_per_link","1|2","runtime_best_beam_per_link","8|9","codebook_dft","explicit-wideband","nrPDSCHPrecode_before_RE_mapping",1,1,0,1,7,"type1","type1_su_mimo",64,2,64,2,"slot_coupled_truth","FAIL",1,32
18,18,"DL",12,8,8,26,27,1,1,64,4,8.62236026799955,7,1,0,-143.340208745772,0,1,4,1,1,1,1,1,32,-147.913237477271,-147.913237477271,0,"runtime_best_beam_per_link","1|2","runtime_best_beam_per_link","15","codebook_dft","explicit-wideband","nrPDSCHPrecode_before_RE_mapping",1,1,0,1,14,"type1","type1_su_mimo",64,1,64,1,"slot_coupled_truth","FAIL",1,32
34,34,"DL",12,8,8,26,27,2,2,64,4,35.6434050277309,15,2,9,-74.6457391060075,40.0489144744037,1,4,2,2,11,0,0,32,-78.6416368905827,-78.1646889013005,0.476947989282223,"runtime_best_beam_per_link","1|2","runtime_best_beam_per_link","9|10","codebook_dft","explicit-wideband","nrPDSCHPrecode_before_RE_mapping",1,1,0,1,8,"type1","type1_su_mimo",64,2,64,2,"slot_coupled_truth","FAIL",1,32
12,12,"DL",12,8,8,0,27,2,2,64,4,58.5222857008864,15,2,28,-94.5585170800922,36.9529521918322,1,4,2,1,29,0,0,32,-98.1301781521235,-98.0113781763865,0.118799975737048,"runtime_best_beam_per_link","1|2","runtime_best_beam_per_link","32|33","codebook_dft","explicit-wideband","nrPDSCHPrecode_before_RE_mapping",1,1,0,1,31,"type1","type1_su_mimo",64,2,64,2,"slot_coupled_truth","PASS",1,32
13,13,"DL",12,8,8,0,27,2,2,64,4,25.0546774800957,15,1,2,-126.805031715936,28.4075017779593,1,4,2,2,3,0,0,32,-131.522383955942,-131.480920265174,0.0414636907673298,"runtime_best_beam_per_link","1|2","runtime_best_beam_per_link","3|4","codebook_dft","explicit-wideband","nrPDSCHPrecode_before_RE_mapping",1,1,0,1,2,"type1","type1_su_mimo",64,2,64,2,"slot_coupled_truth","PASS",1,32
15,15,"DL",12,8,8,0,27,2,2,64,4,31.2039367802451,15,1,2,-123.463879435551,36.6650861246787,1,4,2,2,3,0,1,32,-125.371361001089,-125.331660965025,0.0397000360642608,"runtime_best_beam_per_link","1|2","runtime_best_beam_per_link","11|12","codebook_dft","explicit-wideband","nrPDSCHPrecode_before_RE_mapping",1,1,0,1,10,"type1","type1_su_mimo",64,2,64,2,"slot_coupled_truth","PASS",1,32
16,16,"DL",12,8,8,0,27,2,2,64,4,9.27321122107807,7,2,14,-143.820962267599,12.6366140173308,2,4,2,2,15,0,0,32,-151.958488199501,-147.259914389819,4.69857380968193,"runtime_best_beam_per_link","1|2","runtime_best_beam_per_link","27|28","codebook_dft","explicit-wideband","nrPDSCHPrecode_before_RE_mapping",1,1,0,1,26,"type1","type1_su_mimo",64,2,64,2,"slot_coupled_truth","PASS",1,32
23,23,"DL",12,8,8,0,27,2,2,64,4,47.5064767971533,15,2,26,-105.525396785955,40.0016835758242,1,4,2,1,28,0,0,32,-109.231794204982,-109.027259542895,0.204534662087639,"runtime_best_beam_per_link","1|2","runtime_best_beam_per_link","32|33","codebook_dft","explicit-wideband","nrPDSCHPrecode_before_RE_mapping",1,1,0,1,31,"type1","type1_su_mimo",64,2,64,2,"slot_coupled_truth","PASS",1,32
24,24,"DL",12,8,8,0,27,2,2,64,4,18.1184000734049,12,1,2,-135.127281506865,33.8596368219232,1,4,2,2,3,0,0,32,-138.462435078728,-138.417197671865,0.0452374068628671,"runtime_best_beam_per_link","1|2","runtime_best_beam_per_link","2|3","codebook_dft","explicit-wideband","nrPDSCHPrecode_before_RE_mapping",1,1,0,1,1,"type1","type1_su_mimo",64,2,64,2,"slot_coupled_truth","PASS",1,32
33,33,"DL",12,8,8,0,27,2,2,64,4,11.5225866566678,9,1,25,-141.565195165664,37.0093387914081,1,4,2,1,26,0,0,32,-145.40166704958,-145.013011088602,0.388655960977758,"runtime_best_beam_per_link","1|2","runtime_best_beam_per_link","25|26","codebook_dft","explicit-wideband","nrPDSCHPrecode_before_RE_mapping",1,1,0,1,24,"type1","type1_su_mimo",64,2,64,2,"slot_coupled_truth","PASS",1,32
22,22,"DL",12,8,8,26,30,2,2,64,4,42.3493042024506,15,2,27,-110.047824099195,8.43855042166834,2,4,2,1,28,0,0,32,-114.56368801406,-114.180726908293,0.38296110576708,"runtime_best_beam_per_link","1|2","runtime_best_beam_per_link","3|4","codebook_dft","explicit-wideband","nrPDSCHPrecode_before_RE_mapping",1,1,0,1,2,"type1","type1_su_mimo",64,2,64,2,"slot_coupled_truth","FAIL",1,32
38,38,"DL",12,8,8,26,30,1,1,64,4,8.60050118043371,7,1,0,-140.314972849034,0,1,4,1,1,1,1,1,32,-147.935096564837,-147.935096564837,0,"runtime_best_beam_per_link","1|2","runtime_best_beam_per_link","26","codebook_dft","explicit-wideband","nrPDSCHPrecode_before_RE_mapping",1,1,0,1,25,"type1","type1_su_mimo",64,1,64,1,"slot_coupled_truth","PASS",1,32
42,42,"DL",12,8,8,26,30,2,2,64,4,17.6630132630669,12,2,19,-133.775753832885,16.5820926967928,2,4,2,1,20,0,0,32,-140.722511787659,-138.872213669476,1.85029811818291,"runtime_best_beam_per_link","1|2","runtime_best_beam_per_link","10|11","codebook_dft","explicit-wideband","nrPDSCHPrecode_before_RE_mapping",1,1,0,1,9,"type1","type1_su_mimo",64,2,64,2,"slot_coupled_truth","FAIL",1,32
20,20,"DL",12,8,8,0,30,2,2,64,4,-0.783800105276442,2,1,2,-156.336215908509,22.6281375792022,1,4,2,2,3,0,0,32,-156.53559774527,-156.53559774527,0,"runtime_best_beam_per_link","1|2","runtime_best_beam_per_link","21|22","codebook_dft","explicit-wideband","nrPDSCHPrecode_before_RE_mapping",1,1,0,1,20,"type1","type1_su_mimo",64,2,64,2,"slot_coupled_truth","PASS",1,32
32,32,"DL",12,8,8,0,30,2,2,64,4,20.9666120127305,14,2,25,-132.163649370595,33.9445636540439,1,4,2,1,27,0,0,32,-135.616774013637,-135.56841284845,0.0483611651861793,"runtime_best_beam_per_link","1|2","runtime_best_beam_per_link","32|33","codebook_dft","explicit-wideband","nrPDSCHPrecode_before_RE_mapping",1,1,0,1,31,"type1","type1_su_mimo",64,2,64,2,"slot_coupled_truth","PASS",1,32
37,37,"DL",12,8,8,0,30,2,2,64,4,13.8444455766087,10,2,11,-138.161142536765,17.0919975678553,2,4,2,2,13,0,0,32,-146.980239407997,-142.690848503809,4.28939090418791,"runtime_best_beam_per_link","1|2","runtime_best_beam_per_link","26|27","codebook_dft","explicit-wideband","nrPDSCHPrecode_before_RE_mapping",1,1,0,1,25,"type1","type1_su_mimo",64,2,64,2,"slot_coupled_truth","PASS",1,32
40,40,"DL",12,8,8,0,30,2,2,64,4,19.3316625592677,13,1,3,-134.191782933307,45.0051874641354,1,4,2,2,4,0,0,32,-137.232166099382,-137.203935186003,0.0282309133793603,"runtime_best_beam_per_link","1|2","runtime_best_beam_per_link","24|25","codebook_dft","explicit-wideband","nrPDSCHPrecode_before_RE_mapping",1,1,0,1,23,"type1","type1_su_mimo",64,2,64,2,"slot_coupled_truth","PASS",1,32
44,44,"DL",12,8,8,0,30,2,2,64,4,26.9056625726813,15,1,11,-125.932683949446,52.7052468367046,1,4,2,2,12,0,0,32,-129.510666096576,-129.129426123525,0.381239973050413,"runtime_best_beam_per_link","1|2","runtime_best_beam_per_link","32|33","codebook_dft","explicit-wideband","nrPDSCHPrecode_before_RE_mapping",1,1,0,1,31,"type1","type1_su_mimo",64,2,64,2,"slot_coupled_truth","PASS",1,32
49,49,"DL",12,8,8,0,30,2,2,64,4,14.808058026323,11,2,22,-136.672934674705,17.8340722728894,2,4,2,1,24,0,0,32,-140.306183512784,-139.713944560684,0.592238952099507,"runtime_best_beam_per_link","1|2","runtime_best_beam_per_link","12|13","codebook_dft","explicit-wideband","nrPDSCHPrecode_before_RE_mapping",1,1,0,1,11,"type1","type1_su_mimo",64,2,64,2,"slot_coupled_truth","FAIL",1,32
30,30,"DL",12,8,8,26,21,2,2,64,4,29.6781182938734,15,2,10,-119.198790983931,19.8837211552439,2,4,2,2,11,0,0,32,-124.407975554841,-124.089403157955,0.318572396885912,"runtime_best_beam_per_link","1|2","runtime_best_beam_per_link","16|17","codebook_dft","explicit-wideband","nrPDSCHPrecode_before_RE_mapping",1,1,0,1,15,"type1","type1_su_mimo",64,2,64,2,"slot_coupled_truth","FAIL",1,32
46,46,"DL",12,8,8,26,21,2,2,64,4,13.5160503236103,10,1,1,-139.593214939087,24.3147404544908,1,4,2,2,2,1,1,32,-143.01954742166,-143.01954742166,0,"runtime_best_beam_per_link","1|2","runtime_best_beam_per_link","5|6","codebook_dft","explicit-wideband","nrPDSCHPrecode_before_RE_mapping",1,1,0,1,4,"type1","type1_su_mimo",64,2,64,2,"slot_coupled_truth","FAIL",1,32
1,1,"DL",12,8,8,0,21,2,2,64,4,25.782219392879,15,2,26,-124.44283917469,18.5348280127428,2,4,2,1,28,0,0,32,-130.799982507528,-130.75296437863,0.0470181288977471,"runtime_best_beam_per_link","1|2","runtime_best_beam_per_link","2|3","codebook_dft","explicit-wideband","nrPDSCHPrecode_before_RE_mapping",1,1,0,1,1,"type1","type1_su_mimo",64,2,64,2,"slot_coupled_truth","PASS",1,32
8,8,"DL",12,8,8,0,21,2,2,64,4,3.04299431372846,4,1,3,-139.598805407062,28.1163452001322,1,4,2,2,4,0,0,32,-144.453382704718,-144.438057990054,0.015324714664473,"runtime_best_beam_per_link","1|2","runtime_best_beam_per_link","1|2","codebook_dft","explicit-wideband","nrPDSCHPrecode_before_RE_mapping",1,1,0,1,0,"type1","type1_su_mimo",64,2,64,2,"slot_coupled_truth","PASS",1,32
11,11,"DL",12,8,8,0,21,2,2,64,4,2.77205255545033,4,1,30,-148.026565173841,14.0710749018238,2,4,2,1,31,0,0,32,-153.87442155661,-153.76354518982,0.110876366789995,"runtime_best_beam_per_link","1|2","runtime_best_beam_per_link","2|3","codebook_dft","explicit-wideband","nrPDSCHPrecode_before_RE_mapping",1,1,0,1,1,"type1","type1_su_mimo",64,2,64,2,"slot_coupled_truth","PASS",1,32
17,17,"DL",12,8,8,0,21,2,2,64,4,7.76519282442061,7,1,13,-140.194571512177,30.56830925165,1,4,2,2,14,0,0,32,-145.61228982522,-144.643861443442,0.968428381777784,"runtime_best_beam_per_link","1|2","runtime_best_beam_per_link","16|17","codebook_dft","explicit-wideband","nrPDSCHPrecode_before_RE_mapping",1,1,0,1,15,"type1","type1_su_mimo",64,2,64,2,"slot_coupled_truth","PASS",1,32
21,21,"DL",12,8,8,0,21,2,2,64,4,17.66227546505,12,1,0,-135.109729424732,24.0105191535517,1,4,2,1,1,1,1,32,-138.87332228022,-138.87332228022,0,"runtime_best_beam_per_link","1|2","runtime_best_beam_per_link","15|16","codebook_dft","explicit-wideband","nrPDSCHPrecode_before_RE_mapping",1,1,0,1,14,"type1","type1_su_mimo",64,2,64,2,"slot_coupled_truth","FAIL",1,32
25,25,"DL",12,8,8,0,21,2,2,64,4,14.3435217974046,10,2,4,-135.833501031397,16.3956304143691,2,4,2,2,6,0,0,32,-142.337765982099,-142.191960077573,0.14580590452573,"runtime_best_beam_per_link","1|2","runtime_best_beam_per_link","26|27","codebook_dft","explicit-wideband","nrPDSCHPrecode_before_RE_mapping",1,1,0,1,25,"type1","type1_su_mimo",64,2,64,2,"slot_coupled_truth","PASS",1,32
28,28,"DL",12,8,8,0,21,2,2,64,4,10.5800209339117,8,2,2,-139.761316648384,11.4873469113529,2,4,2,2,3,0,0,32,-146.009771099885,-145.950258208387,0.0595128914978318,"runtime_best_beam_per_link","1|2","runtime_best_beam_per_link","4|5","codebook_dft","explicit-wideband","nrPDSCHPrecode_before_RE_mapping",1,1,0,1,3,"type1","type1_su_mimo",64,2,64,2,"slot_coupled_truth","PASS",1,32
31,31,"DL",12,8,8,0,21,2,2,64,4,-1.42402321682561,2,1,2,-155.278125874285,22.6193893967018,1,4,2,2,3,0,0,32,-156.53559774527,-156.53559774527,0,"runtime_best_beam_per_link","1|2","runtime_best_beam_per_link","30|31","codebook_dft","explicit-wideband","nrPDSCHPrecode_before_RE_mapping",1,1,0,1,29,"type1","type1_su_mimo",64,2,64,2,"slot_coupled_truth","FAIL",1,32
36,36,"DL",12,8,8,0,21,2,2,64,4,31.657858494691,15,1,2,-121.4278305301,37.9976908881876,1,4,2,2,3,0,1,32,-124.894069311975,-124.877739250579,0.0163300613961468,"runtime_best_beam_per_link","1|2","runtime_best_beam_per_link","27|28","codebook_dft","explicit-wideband","nrPDSCHPrecode_before_RE_mapping",1,1,0,1,26,"type1","type1_su_mimo",64,2,64,2,"slot_coupled_truth","PASS",1,32
39,39,"DL",12,8,8,0,21,2,2,64,4,34.0739334588204,15,2,14,-114.586288892202,7.72241269356736,2,4,2,2,16,0,0,32,-123.631193523039,-122.457070724055,1.17412279898434,"runtime_best_beam_per_link","1|2","runtime_best_beam_per_link","2|3","codebook_dft","explicit-wideband","nrPDSCHPrecode_before_RE_mapping",1,1,0,1,1,"type1","type1_su_mimo",64,2,64,2,"slot_coupled_truth","PASS",1,32
48,48,"DL",12,8,8,0,21,2,2,64,4,1.95521186448808,3,1,3,-130.299061763108,28.8457791317653,1,4,2,2,4,0,0,32,-133.819519707729,-133.64979288584,0.169726821888304,"runtime_best_beam_per_link","1|2","runtime_best_beam_per_link","31|32","codebook_dft","explicit-wideband","nrPDSCHPrecode_before_RE_mapping",1,1,0,1,30,"type1","type1_su_mimo",64,2,64,2,"slot_coupled_truth","FAIL",1,32
3,3,"DL",12,9,9,26,15,2,2,64,4,48.7242436905469,15,2,4,-95.2672018166768,29.6507024388797,1,4,2,2,6,0,0,32,-101.581843559487,-101.485217538292,0.0966260211948509,"runtime_best_beam_per_link","1|2","runtime_best_beam_per_link","9|10","codebook_dft","explicit-wideband","nrPDSCHPrecode_before_RE_mapping",1,1,0,1,8,"type1","type1_su_mimo",64,2,64,2,"slot_coupled_truth","FAIL",1,32
26,26,"DL",12,9,9,26,15,1,1,64,4,32.7243862790248,15,1,0,-117.33587650602,0,1,4,1,1,1,1,1,32,-123.686798866117,-123.686798866117,0,"runtime_best_beam_per_link","1|2","runtime_best_beam_per_link","1","codebook_dft","explicit-wideband","nrPDSCHPrecode_before_RE_mapping",1,1,0,1,0,"type1","type1_su_mimo",64,1,64,1,"slot_coupled_truth","FAIL",1,32
43,43,"DL",12,9,9,26,15,2,2,64,4,30.0483674973114,15,2,14,-120.953836546827,19.4607053150344,2,4,2,2,15,0,0,32,-128.319880169547,-126.48507541929,1.83480475025695,"runtime_best_beam_per_link","1|2","runtime_best_beam_per_link","16|17","codebook_dft","explicit-wideband","nrPDSCHPrecode_before_RE_mapping",1,1,0,1,15,"type1","type1_su_mimo",64,2,64,2,"slot_coupled_truth","FAIL",1,32
47,47,"DL",12,9,9,26,15,2,2,64,4,17.6540048999484,12,2,9,-132.975695294896,17.9577204063062,2,4,2,2,11,0,0,32,-139.75987415736,-138.87931141157,0.880562745790144,"runtime_best_beam_per_link","1|2","runtime_best_beam_per_link","15|16","codebook_dft","explicit-wideband","nrPDSCHPrecode_before_RE_mapping",1,1,0,1,14,"type1","type1_su_mimo",64,2,64,2,"slot_coupled_truth","FAIL",1,32
19,19,"DL",12,9,9,22,15,1,1,64,4,5.49783261894108,5,1,0,-144.241863304088,0,1,4,1,1,1,1,1,32,-151.037765126329,-151.037765126329,0,"runtime_best_beam_per_link","1|2","runtime_best_beam_per_link","32","codebook_dft","explicit-wideband","nrPDSCHPrecode_before_RE_mapping",1,1,0,1,31,"type1","type1_su_mimo",64,1,64,1,"slot_coupled_truth","PASS",1,32
14,14,"DL",12,9,9,15,15,1,1,64,4,26.1468200163299,15,1,0,-91.3154365231206,0,1,4,1,1,1,1,1,32,-97.6617788874385,-97.6617788874385,0,"runtime_best_beam_per_link","1|2","runtime_best_beam_per_link","1","codebook_dft","explicit-wideband","nrPDSCHPrecode_before_RE_mapping",1,1,0,1,0,"type1","type1_su_mimo",64,1,64,1,"slot_coupled_truth","PASS",1,32
5,5,"DL",12,9,9,0,15,2,2,64,4,36.5963604376676,15,2,29,-114.569011075259,26.4619430589242,1,4,2,1,31,0,0,32,-120.051029919085,-119.93203749181,0.118992427274762,"runtime_best_beam_per_link","1|2","runtime_best_beam_per_link","3|4","codebook_dft","explicit-wideband","nrPDSCHPrecode_before_RE_mapping",1,1,0,1,2,"type1","type1_su_mimo",64,2,64,2,"slot_coupled_truth","PASS",1,32
9,9,"DL",12,9,9,0,15,2,2,64,4,-13.0724844460356,0,1,10,-163.709388628461,17.2744727301958,2,4,2,2,11,0,0,32,-156.53559774527,-156.53559774527,0,"runtime_best_beam_per_link","1|2","runtime_best_beam_per_link","3|4","codebook_dft","explicit-wideband","nrPDSCHPrecode_before_RE_mapping",1,1,0,1,2,"type1","type1_su_mimo",64,2,64,2,"slot_coupled_truth","PASS",1,32
40,40,"DL",12,9,9,0,15,2,2,64,4,28.7819452153272,15,2,2,-119.727833023504,21.3335873831575,1,4,2,2,3,0,0,32,-125.284320164525,-125.235818122401,0.0485020421237436,"runtime_best_beam_per_link","1|2","runtime_best_beam_per_link","4|5","codebook_dft","explicit-wideband","nrPDSCHPrecode_before_RE_mapping",1,1,0,1,3,"type1","type1_su_mimo",64,2,64,2,"slot_coupled_truth","PASS",1,32
10,10,"DL",12,9,9,26,17,2,2,64,4,18.4533637435555,13,2,2,-132.258082375991,12.0968743515184,2,4,2,2,4,0,0,32,-138.152907933616,-138.080504722045,0.0724032115716966,"runtime_best_beam_per_link","1|2","runtime_best_beam_per_link","3|4","codebook_dft","explicit-wideband","nrPDSCHPrecode_before_RE_mapping",1,1,0,1,2,"type1","type1_su_mimo",64,2,64,2,"slot_coupled_truth","FAIL",1,32
35,35,"DL",12,9,9,26,17,2,2,64,4,8.95588452120266,7,2,1,-141.219665408456,4.81003970041359,2,4,2,2,2,1,1,32,-147.579486106503,-147.579486106503,0,"runtime_best_beam_per_link","1|2","runtime_best_beam_per_link","2|3","codebook_dft","explicit-wideband","nrPDSCHPrecode_before_RE_mapping",1,1,0,1,1,"type1","type1_su_mimo",64,2,64,2,"slot_coupled_truth","FAIL",1,32
50,50,"DL",12,9,9,20,17,1,1,64,4,30.0183583220703,15,1,0,-119.613370826923,0,1,4,1,1,1,1,1,32,-126.5172394232,-126.5172394232,0,"runtime_best_beam_per_link","1|2","runtime_best_beam_per_link","3","codebook_dft","explicit-wideband","nrPDSCHPrecode_before_RE_mapping",1,1,0,1,2,"type1","type1_su_mimo",64,1,64,1,"slot_coupled_truth","PASS",1,32
4,4,"DL",12,9,9,0,17,2,2,64,4,28.7956228769366,15,2,0,-119.484506578768,27.8601026843645,1,4,2,1,1,1,1,32,-124.71353260919,-124.71353260919,0,"runtime_best_beam_per_link","1|2","runtime_best_beam_per_link","1|2","codebook_dft","explicit-wideband","nrPDSCHPrecode_before_RE_mapping",1,1,0,1,0,"type1","type1_su_mimo",64,2,64,2,"slot_coupled_truth","PASS",1,32
6,6,"DL",12,9,9,0,17,1,1,64,4,30.8872337659992,15,1,0,-115.732771242336,0,1,4,1,1,1,1,1,32,-121.523700717742,-121.523700717742,0,"runtime_best_beam_per_link","1|2","runtime_best_beam_per_link","1","codebook_dft","explicit-wideband","nrPDSCHPrecode_before_RE_mapping",1,1,0,1,0,"type1","type1_su_mimo",64,1,64,1,"slot_coupled_truth","PASS",1,32
29,29,"DL",12,9,9,0,17,2,2,64,4,15.7494789334243,11,1,2,-135.98900526284,19.373797402148,2,4,2,2,3,0,1,32,-140.800411972044,-140.786118811846,0.0142931601981786,"runtime_best_beam_per_link","1|2","runtime_best_beam_per_link","29|30","codebook_dft","explicit-wideband","nrPDSCHPrecode_before_RE_mapping",1,1,0,1,28,"type1","type1_su_mimo",64,2,64,2,"slot_coupled_truth","FAIL",1,32
41,41,"DL",12,9,9,0,17,2,2,64,4,9.256368965635,7,2,1,-143.323047454797,12.6387359937705,2,4,2,2,3,0,1,32,-147.28001641554,-147.278441286551,0.0015751289889181,"runtime_best_beam_per_link","1|2","runtime_best_beam_per_link","5|6","codebook_dft","explicit-wideband","nrPDSCHPrecode_before_RE_mapping",1,1,0,1,4,"type1","type1_su_mimo",64,2,64,2,"slot_coupled_truth","FAIL",1,32
45,45,"DL",12,9,9,0,17,2,2,64,4,7.64302494914664,7,1,2,-144.448194369534,23.2581166965855,1,4,2,2,3,0,1,32,-148.933738256956,-148.892572796124,0.0411654608327297,"runtime_best_beam_per_link","1|2","runtime_best_beam_per_link","4|5","codebook_dft","explicit-wideband","nrPDSCHPrecode_before_RE_mapping",1,1,0,1,3,"type1","type1_su_mimo",64,2,64,2,"slot_coupled_truth","PASS",1,32
2,2,"DL",12,9,9,26,15,2,2,64,4,4.77684448544831,5,1,31,-145.957814712371,29.1475167712078,1,4,2,1,32,0,0,32,-151.772300289983,-151.758753259822,0.0135470301611065,"runtime_best_beam_per_link","1|2","runtime_best_beam_per_link","32|33","codebook_dft","explicit-wideband","nrPDSCHPrecode_before_RE_mapping",1,1,0,1,31,"type1","type1_su_mimo",64,2,64,2,"slot_coupled_truth","FAIL",1,32
15,15,"DL",12,9,9,26,15,1,1,64,4,5.4469777116107,5,1,0,-141.765087772723,0,1,4,1,1,1,1,1,32,-151.08862003366,-151.08862003366,0,"runtime_best_beam_per_link","1|2","runtime_best_beam_per_link","3","codebook_dft","explicit-wideband","nrPDSCHPrecode_before_RE_mapping",1,1,0,1,2,"type1","type1_su_mimo",64,1,64,1,"slot_coupled_truth","FAIL",1,32
23,23,"DL",12,9,9,26,15,2,2,64,4,4.99272781717576,5,1,1,-145.691416675995,14.3982554452784,2,4,2,2,2,1,1,32,-151.542869928094,-151.542869928094,0,"runtime_best_beam_per_link","1|2","runtime_best_beam_per_link","27|28","codebook_dft","explicit-wideband","nrPDSCHPrecode_before_RE_mapping",1,1,0,1,26,"type1","type1_su_mimo",64,2,64,2,"slot_coupled_truth","FAIL",1,32
18,18,"DL",12,9,9,11,15,1,1,64,4,41.5696431055396,15,1,0,-107.143000780356,0,1,4,1,1,1,1,1,32,-113.471433553256,-113.471433553256,0,"runtime_best_beam_per_link","1|2","runtime_best_beam_per_link","1","codebook_dft","explicit-wideband","nrPDSCHPrecode_before_RE_mapping",1,1,0,1,0,"type1","type1_su_mimo",64,1,64,1,"slot_coupled_truth","PASS",1,32
12,12,"DL",12,9,9,0,15,2,2,64,4,4.08802937002009,4,1,1,-147.374946411112,26.8230967971161,1,4,2,2,2,1,1,32,-152.44756837525,-152.44756837525,0,"runtime_best_beam_per_link","1|2","runtime_best_beam_per_link","29|30","codebook_dft","explicit-wideband","nrPDSCHPrecode_before_RE_mapping",1,1,0,1,28,"type1","type1_su_mimo",64,2,64,2,"slot_coupled_truth","PASS",1,32
13,13,"DL",12,9,9,0,15,2,2,64,4,5.70341952258054,5,1,31,-144.592363130036,12.1000944820581,2,4,2,1,32,0,1,32,-150.848354029611,-150.83217822269,0.0161758069210975,"runtime_best_beam_per_link","1|2","runtime_best_beam_per_link","3|4","codebook_dft","explicit-wideband","nrPDSCHPrecode_before_RE_mapping",1,1,0,1,2,"type1","type1_su_mimo",64,2,64,2,"slot_coupled_truth","PASS",1,32
16,16,"DL",12,9,9,0,15,2,2,64,4,-5.97354412750866,0,1,2,-157.475888325348,22.5278919817223,1,4,2,2,3,0,1,32,-156.53559774527,-156.53559774527,0,"runtime_best_beam_per_link","1|2","runtime_best_beam_per_link","15|16","codebook_dft","explicit-wideband","nrPDSCHPrecode_before_RE_mapping",1,1,0,1,14,"type1","type1_su_mimo",64,2,64,2,"slot_coupled_truth","PASS",1,32
24,24,"DL",12,9,9,0,15,2,2,64,4,6.52893923644336,6,1,2,-144.192508140178,13.3468628675094,2,4,2,2,3,0,0,32,-150.060621537027,-150.006658508827,0.0539630282003714,"runtime_best_beam_per_link","1|2","runtime_best_beam_per_link","3|4","codebook_dft","explicit-wideband","nrPDSCHPrecode_before_RE_mapping",1,1,0,1,2,"type1","type1_su_mimo",64,2,64,2,"slot_coupled_truth","PASS",1,32
33,33,"DL",12,9,9,0,15,2,2,64,4,-17.0522643156633,0,1,4,-166.447859255158,18.813023344897,2,4,2,2,5,0,0,32,-156.53559774527,-156.53559774527,0,"runtime_best_beam_per_link","1|2","runtime_best_beam_per_link","26|27","codebook_dft","explicit-wideband","nrPDSCHPrecode_before_RE_mapping",1,1,0,1,25,"type1","type1_su_mimo",64,2,64,2,"slot_coupled_truth","PASS",1,32
22,22,"DL",12,9,9,26,13,2,2,64,4,31.389915230733,15,2,1,-119.302826207541,17.4229082402293,2,4,2,2,2,1,1,32,-125.135988552419,-125.135988552419,0,"runtime_best_beam_per_link","1|2","runtime_best_beam_per_link","28|29","codebook_dft","explicit-wideband","nrPDSCHPrecode_before_RE_mapping",1,1,0,1,27,"type1","type1_su_mimo",64,2,64,2,"slot_coupled_truth","FAIL",1,32
34,34,"DL",12,9,9,26,13,2,2,64,4,7.88945892804647,7,2,2,-142.318273131113,10.920691723043,2,4,2,2,4,0,0,32,-148.704505070876,-148.643549943492,0.0609551273838633,"runtime_best_beam_per_link","1|2","runtime_best_beam_per_link","10|11","codebook_dft","explicit-wideband","nrPDSCHPrecode_before_RE_mapping",1,1,0,1,9,"type1","type1_su_mimo",64,2,64,2,"slot_coupled_truth","FAIL",1,32
42,42,"DL",12,9,9,22,13,2,2,64,4,-7.84854443039485,0,1,2,-159.106135734635,22.0026842839098,1,4,2,2,3,0,0,32,-156.53559774527,-156.53559774527,0,"runtime_best_beam_per_link","1|2","runtime_best_beam_per_link","20|21","codebook_dft","explicit-wideband","nrPDSCHPrecode_before_RE_mapping",1,1,0,1,19,"type1","type1_su_mimo",64,2,64,2,"slot_coupled_truth","FAIL",1,32
38,38,"DL",12,9,9,11,13,1,1,64,4,55.7082775718562,15,1,0,-88.7455408032268,0,1,4,1,1,1,1,1,32,-95.6332045532141,-95.6332045532141,0,"runtime_best_beam_per_link","1|2","runtime_best_beam_per_link","1","codebook_dft","explicit-wideband","nrPDSCHPrecode_before_RE_mapping",1,1,0,1,0,"type1","type1_su_mimo",64,1,64,1,"slot_coupled_truth","PASS",1,32
8,8,"DL",12,9,9,0,13,2,2,64,4,-12.7377511162643,0,1,2,-162.887683798647,18.0831950260846,2,4,2,2,3,0,1,32,-156.53559774527,-156.53559774527,0,"runtime_best_beam_per_link","1|2","runtime_best_beam_per_link","4|5","codebook_dft","explicit-wideband","nrPDSCHPrecode_before_RE_mapping",1,1,0,1,3,"type1","type1_su_mimo",64,2,64,2,"slot_coupled_truth","PASS",1,32
20,20,"DL",12,9,9,0,13,2,2,64,4,-7.26735272294743,0,1,23,-155.326716339087,14.0026002206245,2,4,2,1,24,0,0,32,-156.53559774527,-156.53559774527,0,"runtime_best_beam_per_link","1|2","runtime_best_beam_per_link","3|4","codebook_dft","explicit-wideband","nrPDSCHPrecode_before_RE_mapping",1,1,0,1,2,"type1","type1_su_mimo",64,2,64,2,"slot_coupled_truth","PASS",1,32
32,32,"DL",12,9,9,0,13,2,2,64,4,24.6322720409335,15,2,31,-124.92229032669,9.96586945030551,2,4,2,1,1,1,1,32,-131.897562558597,-131.897562558597,0,"runtime_best_beam_per_link","1|2","runtime_best_beam_per_link","26|27","codebook_dft","explicit-wideband","nrPDSCHPrecode_before_RE_mapping",1,1,0,1,25,"type1","type1_su_mimo",64,2,64,2,"slot_coupled_truth","PASS",1,32
37,37,"DL",12,9,9,0,13,2,2,64,4,11.4209607843911,9,1,2,-140.502380488491,31.7935880526092,1,4,2,2,3,0,1,32,-145.155170333166,-145.114636960879,0.0405333722866033,"runtime_best_beam_per_link","1|2","runtime_best_beam_per_link","12|13","codebook_dft","explicit-wideband","nrPDSCHPrecode_before_RE_mapping",1,1,0,1,11,"type1","type1_su_mimo",64,2,64,2,"slot_coupled_truth","FAIL",1,32
44,44,"DL",12,9,9,0,13,2,2,64,4,36.1966432436965,15,2,3,-114.204666376553,25.2246231364318,1,4,2,2,5,0,0,32,-120.448153218174,-120.336692829482,0.111460388691754,"runtime_best_beam_per_link","1|2","runtime_best_beam_per_link","12|13","codebook_dft","explicit-wideband","nrPDSCHPrecode_before_RE_mapping",1,1,0,1,11,"type1","type1_su_mimo",64,2,64,2,"slot_coupled_truth","FAIL",1,32
49,49,"DL",12,9,9,0,13,2,2,64,4,27.2387127026495,15,2,3,-124.477138133684,26.3460873438913,1,4,2,2,5,0,0,32,-129.281217940692,-128.99152738867,0.289690552021113,"runtime_best_beam_per_link","1|2","runtime_best_beam_per_link","23|24","codebook_dft","explicit-wideband","nrPDSCHPrecode_before_RE_mapping",1,1,0,1,22,"type1","type1_su_mimo",64,2,64,2,"slot_coupled_truth","FAIL",1,32
30,30,"DL",12,9,9,26,9,2,2,64,4,23.4933191078217,15,2,6,-123.077879308492,7.85165715680009,2,4,2,2,7,0,0,32,-133.504139080117,-133.034862617761,0.469276462355651,"runtime_best_beam_per_link","1|2","runtime_best_beam_per_link","11|12","codebook_dft","explicit-wideband","nrPDSCHPrecode_before_RE_mapping",1,1,0,1,10,"type1","type1_su_mimo",64,2,64,2,"slot_coupled_truth","FAIL",1,32
39,39,"DL",12,9,9,26,9,2,2,64,4,7.44705552305024,6,1,1,-142.450995303439,33.1691890198323,1,4,2,2,2,1,1,32,-149.08854222222,-149.08854222222,0,"runtime_best_beam_per_link","1|2","runtime_best_beam_per_link","15|16","codebook_dft","explicit-wideband","nrPDSCHPrecode_before_RE_mapping",1,1,0,1,14,"type1","type1_su_mimo",64,2,64,2,"slot_coupled_truth","FAIL",1,32
7,7,"DL",12,9,9,22,9,2,2,64,4,-15.1541216781426,0,1,5,-165.604089070181,29.5436284581207,1,4,2,2,6,0,0,32,-156.53559774527,-156.53559774527,0,"runtime_best_beam_per_link","1|2","runtime_best_beam_per_link","19|20","codebook_dft","explicit-wideband","nrPDSCHPrecode_before_RE_mapping",1,1,0,1,18,"type1","type1_su_mimo",64,2,64,2,"slot_coupled_truth","FAIL",1,32
46,46,"DL",12,9,9,18,9,1,1,64,4,29.7461353009879,15,1,0,-117.25742508696,0,1,4,1,1,1,1,1,32,-126.789462444282,-126.789462444282,0,"runtime_best_beam_per_link","1|2","runtime_best_beam_per_link","2","codebook_dft","explicit-wideband","nrPDSCHPrecode_before_RE_mapping",1,1,0,1,1,"type1","type1_su_mimo",64,1,64,1,"slot_coupled_truth","PASS",1,32
27,27,"DL",12,9,9,8,9,1,1,64,4,15.4531270895479,11,1,0,-130.852141258399,0,1,4,1,1,1,1,1,32,-141.082470655722,-141.082470655722,0,"runtime_best_beam_per_link","1|2","runtime_best_beam_per_link","2","codebook_dft","explicit-wideband","nrPDSCHPrecode_before_RE_mapping",1,1,0,1,1,"type1","type1_su_mimo",64,1,64,1,"slot_coupled_truth","PASS",1,32
11,11,"DL",12,9,9,4,9,1,1,64,4,-33.2617296244363,0,1,0,-180.781479432971,0,1,4,1,1,1,1,1,32,-156.53559774527,-156.53559774527,0,"runtime_best_beam_per_link","1|2","runtime_best_beam_per_link","31","codebook_dft","explicit-wideband","nrPDSCHPrecode_before_RE_mapping",1,1,0,1,30,"type1","type1_su_mimo",64,1,64,1,"slot_coupled_truth","FAIL",1,32
1,1,"DL",12,9,9,0,9,2,2,64,4,-18.9814222972602,0,1,13,-167.087563864285,4.41722644504008,2,4,2,2,14,0,0,32,-156.53559774527,-156.53559774527,0,"runtime_best_beam_per_link","1|2","runtime_best_beam_per_link","27|28","codebook_dft","explicit-wideband","nrPDSCHPrecode_before_RE_mapping",1,1,0,1,26,"type1","type1_su_mimo",64,2,64,2,"slot_coupled_truth","PASS",1,32
17,17,"DL",12,9,9,0,9,2,2,64,4,-5.7103899057176,0,1,1,-156.014517889077,41.8422139917568,1,4,2,2,2,1,1,32,-156.53559774527,-156.53559774527,0,"runtime_best_beam_per_link","1|2","runtime_best_beam_per_link","14|15","codebook_dft","explicit-wideband","nrPDSCHPrecode_before_RE_mapping",1,1,0,1,13,"type1","type1_su_mimo",64,2,64,2,"slot_coupled_truth","FAIL",1,32
21,21,"DL",12,9,9,0,9,2,2,64,4,23.7002547860533,15,2,16,-123.386840870091,27.5913295207982,1,4,2,2,17,0,0,32,-132.248619581131,-131.551541581889,0.697077999242026,"runtime_best_beam_per_link","1|2","runtime_best_beam_per_link","1|2","codebook_dft","explicit-wideband","nrPDSCHPrecode_before_RE_mapping",1,1,0,1,0,"type1","type1_su_mimo",64,2,64,2,"slot_coupled_truth","PASS",1,32
25,25,"DL",12,9,9,0,9,2,2,64,4,12.9694460338069,10,1,0,-136.858098843884,24.228623375584,1,4,2,1,1,1,1,32,-143.566151711463,-143.566151711463,0,"runtime_best_beam_per_link","1|2","runtime_best_beam_per_link","5|6","codebook_dft","explicit-wideband","nrPDSCHPrecode_before_RE_mapping",1,1,0,1,4,"type1","type1_su_mimo",64,2,64,2,"slot_coupled_truth","FAIL",1,32
28,28,"DL",12,9,9,0,9,2,2,64,4,17.6314221408223,12,2,0,-132.231395795139,15.647877109447,2,4,2,2,2,1,1,32,-138.895587604521,-138.895587604521,0,"runtime_best_beam_per_link","1|2","runtime_best_beam_per_link","3|4","codebook_dft","explicit-wideband","nrPDSCHPrecode_before_RE_mapping",1,1,0,1,2,"type1","type1_su_mimo",64,2,64,2,"slot_coupled_truth","PASS",1,32
31,31,"DL",12,9,9,0,9,1,1,64,4,30.0399017303883,15,1,0,-116.194275947913,0,1,4,1,1,1,1,1,32,-126.495696014882,-126.495696014882,0,"runtime_best_beam_per_link","1|2","runtime_best_beam_per_link","3","codebook_dft","explicit-wideband","nrPDSCHPrecode_before_RE_mapping",1,1,0,1,2,"type1","type1_su_mimo",64,1,64,1,"slot_coupled_truth","PASS",1,32
36,36,"DL",12,9,9,0,9,2,2,64,4,9.27723331977267,7,1,1,-140.287490637349,14.9073158631855,2,4,2,2,2,1,1,32,-147.258364425498,-147.258364425498,0,"runtime_best_beam_per_link","1|2","runtime_best_beam_per_link","3|4","codebook_dft","explicit-wideband","nrPDSCHPrecode_before_RE_mapping",1,1,0,1,2,"type1","type1_su_mimo",64,2,64,2,"slot_coupled_truth","PASS",1,32
48,48,"DL",12,9,9,0,9,2,2,64,4,-30.8520153584847,0,1,6,-157.34669967862,5.93350876612093,2,4,2,2,7,0,0,32,-156.53559774527,-156.53559774527,0,"runtime_best_beam_per_link","1|2","runtime_best_beam_per_link","4|5","codebook_dft","explicit-wideband","nrPDSCHPrecode_before_RE_mapping",1,1,0,1,3,"type1","type1_su_mimo",64,2,64,2,"slot_coupled_truth","FAIL",1,32
3,3,"UL",12,9,9,10,15,1,1,64,4,41.7427252788724,15,1,0,-120.441377007266,0,1,64,2,1,1,1,1,32,-114.792872466398,-114.792872466398,0,"runtime_best_beam_per_link","1|2","runtime_best_beam_per_link","1","ul_pusch_native_codebook_tpmi","ul_codebook_tpmi","nrPUSCH_native_codebook_precoding_during_modulation",1,0,0,1,0,"pusch_codebook","nr_pusch_codebook",2,1,2,1,"slot_coupled_truth","PASS",1,32
5,5,"UL",12,9,9,10,15,1,1,64,4,45.4229815308107,15,1,0,-116.604446657079,0,1,64,2,1,1,1,1,32,-111.112616214459,-111.112616214459,0,"runtime_best_beam_per_link","1|2","runtime_best_beam_per_link","1","ul_pusch_native_codebook_tpmi","ul_codebook_tpmi","nrPUSCH_native_codebook_precoding_during_modulation",1,0,0,1,0,"pusch_codebook","nr_pusch_codebook",2,1,2,1,"slot_coupled_truth","PASS",1,32
9,9,"UL",12,9,9,10,15,1,1,64,4,22.8880129978893,15,1,0,-139.307958698542,0,1,64,2,1,1,1,1,32,-133.647584747381,-133.647584747381,0,"runtime_best_beam_per_link","1|2","runtime_best_beam_per_link","1","ul_pusch_native_codebook_tpmi","ul_codebook_tpmi","nrPUSCH_native_codebook_precoding_during_modulation",1,0,0,1,0,"pusch_codebook","nr_pusch_codebook",2,1,2,1,"slot_coupled_truth","FAIL",1,32
14,14,"UL",12,9,9,10,15,1,1,64,4,37.9931130779106,15,1,0,-118.408250531208,0,1,64,2,1,1,1,1,32,-112.891295712264,-112.891295712264,0,"runtime_best_beam_per_link","1|2","runtime_best_beam_per_link","1","ul_pusch_native_codebook_tpmi","ul_codebook_tpmi","nrPUSCH_native_codebook_precoding_during_modulation",1,0,0,1,0,"pusch_codebook","nr_pusch_codebook",2,1,2,1,"slot_coupled_truth","PASS",1,32
19,19,"UL",12,9,9,10,15,1,1,64,4,30.6479068034782,15,1,0,-131.48989576896,0,1,64,2,1,1,1,1,32,-125.887690941792,-125.887690941792,0,"runtime_best_beam_per_link","1|2","runtime_best_beam_per_link","1","ul_pusch_native_codebook_tpmi","ul_codebook_tpmi","nrPUSCH_native_codebook_precoding_during_modulation",1,0,0,1,0,"pusch_codebook","nr_pusch_codebook",2,1,2,1,"slot_coupled_truth","PASS",1,32
26,26,"UL",12,9,9,10,15,1,1,64,4,23.6280567833995,15,1,0,-138.538884985401,0,1,64,2,1,1,1,1,32,-132.907540961871,-132.907540961871,0,"runtime_best_beam_per_link","1|2","runtime_best_beam_per_link","1","ul_pusch_native_codebook_tpmi","ul_codebook_tpmi","nrPUSCH_native_codebook_precoding_during_modulation",1,0,0,1,0,"pusch_codebook","nr_pusch_codebook",2,1,2,1,"slot_coupled_truth","PASS",1,32
40,40,"UL",12,9,9,10,15,1,1,64,4,44.0935742535252,15,1,0,-118.077314569381,0,1,64,2,1,1,1,1,32,-112.442023491745,-112.442023491745,0,"runtime_best_beam_per_link","1|2","runtime_best_beam_per_link","1","ul_pusch_native_codebook_tpmi","ul_codebook_tpmi","nrPUSCH_native_codebook_precoding_during_modulation",1,0,0,1,0,"pusch_codebook","nr_pusch_codebook",2,1,2,1,"slot_coupled_truth","PASS",1,32
43,43,"UL",12,9,9,10,15,1,1,64,4,28.6965970232153,15,1,0,-133.526824315436,0,1,64,2,1,1,1,1,32,-127.839000722055,-127.839000722055,0,"runtime_best_beam_per_link","1|2","runtime_best_beam_per_link","1","ul_pusch_native_codebook_tpmi","ul_codebook_tpmi","nrPUSCH_native_codebook_precoding_during_modulation",1,0,0,1,0,"pusch_codebook","nr_pusch_codebook",2,1,2,1,"slot_coupled_truth","PASS",1,32
47,47,"UL",12,9,9,10,15,1,1,64,4,31.4173347224393,15,1,0,-130.769633683599,0,1,64,2,1,1,1,1,32,-125.118263022831,-125.118263022831,0,"runtime_best_beam_per_link","1|2","runtime_best_beam_per_link","1","ul_pusch_native_codebook_tpmi","ul_codebook_tpmi","nrPUSCH_native_codebook_precoding_during_modulation",1,0,0,1,0,"pusch_codebook","nr_pusch_codebook",2,1,2,1,"slot_coupled_truth","PASS",1,32
4,4,"UL",12,9,9,10,17,1,1,64,4,20.3424086078836,14,1,0,-142.377589177548,0,1,64,2,1,1,1,1,32,-136.193189137387,-136.193189137387,0,"runtime_best_beam_per_link","1|2","runtime_best_beam_per_link","1","ul_pusch_native_codebook_tpmi","ul_codebook_tpmi","nrPUSCH_native_codebook_precoding_during_modulation",1,0,0,1,0,"pusch_codebook","nr_pusch_codebook",2,1,2,1,"slot_coupled_truth","PASS",1,32
6,6,"UL",12,9,9,10,17,1,1,64,4,21.7867062260691,15,1,0,-140.946324896441,0,1,64,2,1,1,1,1,32,-134.748891519201,-134.748891519201,0,"runtime_best_beam_per_link","1|2","runtime_best_beam_per_link","1","ul_pusch_native_codebook_tpmi","ul_codebook_tpmi","nrPUSCH_native_codebook_precoding_during_modulation",1,0,0,1,0,"pusch_codebook","nr_pusch_codebook",2,1,2,1,"slot_coupled_truth","PASS",1,32
10,10,"UL",12,9,9,10,17,1,1,64,4,27.1830854355009,15,1,0,-135.442589197777,0,1,64,2,1,1,1,1,32,-129.352512309769,-129.352512309769,0,"runtime_best_beam_per_link","1|2","runtime_best_beam_per_link","1","ul_pusch_native_codebook_tpmi","ul_codebook_tpmi","nrPUSCH_native_codebook_precoding_during_modulation",1,0,0,1,0,"pusch_codebook","nr_pusch_codebook",2,1,2,1,"slot_coupled_truth","PASS",1,32
29,29,"UL",12,9,9,10,17,1,1,64,4,44.9457559310017,15,1,0,-117.770141906485,0,1,64,2,1,1,1,1,32,-111.589841814269,-111.589841814269,0,"runtime_best_beam_per_link","1|2","runtime_best_beam_per_link","1","ul_pusch_native_codebook_tpmi","ul_codebook_tpmi","nrPUSCH_native_codebook_precoding_during_modulation",1,0,0,1,0,"pusch_codebook","nr_pusch_codebook",2,1,2,1,"slot_coupled_truth","PASS",1,32
35,35,"UL",12,9,9,10,17,1,1,64,4,15.1019622136583,11,1,0,-147.612241202075,0,1,64,2,1,1,1,1,32,-141.433635531612,-141.433635531612,0,"runtime_best_beam_per_link","1|2","runtime_best_beam_per_link","1","ul_pusch_native_codebook_tpmi","ul_codebook_tpmi","nrPUSCH_native_codebook_precoding_during_modulation",1,0,0,1,0,"pusch_codebook","nr_pusch_codebook",2,1,2,1,"slot_coupled_truth","PASS",1,32
41,41,"UL",12,9,9,10,17,1,1,64,4,22.7933462409927,15,1,0,-139.836265363631,0,1,64,2,1,1,1,1,32,-133.742251504277,-133.742251504277,0,"runtime_best_beam_per_link","1|2","runtime_best_beam_per_link","1","ul_pusch_native_codebook_tpmi","ul_codebook_tpmi","nrPUSCH_native_codebook_precoding_during_modulation",1,0,0,1,0,"pusch_codebook","nr_pusch_codebook",2,1,2,1,"slot_coupled_truth","PASS",1,32
45,45,"UL",12,9,9,10,17,1,1,64,4,20.839224414833,14,1,0,-141.831624843429,0,1,64,2,1,1,1,1,32,-135.696373330437,-135.696373330437,0,"runtime_best_beam_per_link","1|2","runtime_best_beam_per_link","1","ul_pusch_native_codebook_tpmi","ul_codebook_tpmi","nrPUSCH_native_codebook_precoding_during_modulation",1,0,0,1,0,"pusch_codebook","nr_pusch_codebook",2,1,2,1,"slot_coupled_truth","PASS",1,32
50,50,"UL",12,9,9,10,17,1,1,64,4,36.0456923402985,15,1,0,-126.600947616842,0,1,64,2,1,1,1,1,32,-120.489905404972,-120.489905404972,0,"runtime_best_beam_per_link","1|2","runtime_best_beam_per_link","1","ul_pusch_native_codebook_tpmi","ul_codebook_tpmi","nrPUSCH_native_codebook_precoding_during_modulation",1,0,0,1,0,"pusch_codebook","nr_pusch_codebook",2,1,2,1,"slot_coupled_truth","PASS",1,32
2,2,"UL",12,9,9,10,15,1,1,64,4,13.0487329447623,10,1,0,-149.20286449935,0,1,64,2,1,1,1,1,32,-143.486864800508,-143.486864800508,0,"runtime_best_beam_per_link","1|2","runtime_best_beam_per_link","1","ul_pusch_native_codebook_tpmi","ul_codebook_tpmi","nrPUSCH_native_codebook_precoding_during_modulation",1,0,0,1,0,"pusch_codebook","nr_pusch_codebook",2,1,2,1,"slot_coupled_truth","FAIL",1,32
12,12,"UL",12,9,9,10,15,1,1,64,4,32.0383424423651,15,1,0,-130.100614892339,0,1,64,2,1,1,1,1,32,-124.497255302905,-124.497255302905,0,"runtime_best_beam_per_link","1|2","runtime_best_beam_per_link","1","ul_pusch_native_codebook_tpmi","ul_codebook_tpmi","nrPUSCH_native_codebook_precoding_during_modulation",1,0,0,1,0,"pusch_codebook","nr_pusch_codebook",2,1,2,1,"slot_coupled_truth","PASS",1,32
13,13,"UL",12,9,9,10,15,1,1,64,4,20.3771867765392,14,1,0,-141.852826122029,0,1,64,2,1,1,1,1,32,-136.158410968731,-136.158410968731,0,"runtime_best_beam_per_link","1|2","runtime_best_beam_per_link","1","ul_pusch_native_codebook_tpmi","ul_codebook_tpmi","nrPUSCH_native_codebook_precoding_during_modulation",1,0,0,1,0,"pusch_codebook","nr_pusch_codebook",2,1,2,1,"slot_coupled_truth","PASS",1,32
15,15,"UL",12,9,9,10,15,1,1,64,4,19.1950811583271,13,1,0,-143.003203963217,0,1,64,2,1,1,1,1,32,-137.340516586943,-137.340516586943,0,"runtime_best_beam_per_link","1|2","runtime_best_beam_per_link","1","ul_pusch_native_codebook_tpmi","ul_codebook_tpmi","nrPUSCH_native_codebook_precoding_during_modulation",1,0,0,1,0,"pusch_codebook","nr_pusch_codebook",2,1,2,1,"slot_coupled_truth","FAIL",1,32
16,16,"UL",12,9,9,10,15,1,1,64,4,11.91856199018,9,1,0,-150.302325836652,0,1,64,2,1,1,1,1,32,-144.61703575509,-144.61703575509,0,"runtime_best_beam_per_link","1|2","runtime_best_beam_per_link","1","ul_pusch_native_codebook_tpmi","ul_codebook_tpmi","nrPUSCH_native_codebook_precoding_during_modulation",1,0,0,1,0,"pusch_codebook","nr_pusch_codebook",2,1,2,1,"slot_coupled_truth","FAIL",1,32
18,18,"UL",12,9,9,10,15,1,1,64,4,28.8328546232343,15,1,0,-133.227174233855,0,1,64,2,1,1,1,1,32,-127.702743122036,-127.702743122036,0,"runtime_best_beam_per_link","1|2","runtime_best_beam_per_link","1","ul_pusch_native_codebook_tpmi","ul_codebook_tpmi","nrPUSCH_native_codebook_precoding_during_modulation",1,0,0,1,0,"pusch_codebook","nr_pusch_codebook",2,1,2,1,"slot_coupled_truth","PASS",1,32
23,23,"UL",12,9,9,10,15,1,1,64,4,27.793879930287,15,1,0,-134.380364382048,0,1,64,2,1,1,1,1,32,-128.741717814983,-128.741717814983,0,"runtime_best_beam_per_link","1|2","runtime_best_beam_per_link","1","ul_pusch_native_codebook_tpmi","ul_codebook_tpmi","nrPUSCH_native_codebook_precoding_during_modulation",1,0,0,1,0,"pusch_codebook","nr_pusch_codebook",2,1,2,1,"slot_coupled_truth","PASS",1,32
24,24,"UL",12,9,9,10,15,1,1,64,4,17.7364911306236,12,1,0,-144.4597287312,0,1,64,2,1,1,1,1,32,-138.799106614647,-138.799106614647,0,"runtime_best_beam_per_link","1|2","runtime_best_beam_per_link","1","ul_pusch_native_codebook_tpmi","ul_codebook_tpmi","nrPUSCH_native_codebook_precoding_during_modulation",1,0,0,1,0,"pusch_codebook","nr_pusch_codebook",2,1,2,1,"slot_coupled_truth","FAIL",1,32
33,33,"UL",12,9,9,10,15,1,1,64,4,12.4802329172032,9,1,0,-149.729394298736,0,1,64,2,1,1,1,1,32,-144.055364828067,-144.055364828067,0,"runtime_best_beam_per_link","1|2","runtime_best_beam_per_link","1","ul_pusch_native_codebook_tpmi","ul_codebook_tpmi","nrPUSCH_native_codebook_precoding_during_modulation",1,0,0,1,0,"pusch_codebook","nr_pusch_codebook",2,1,2,1,"slot_coupled_truth","FAIL",1,32
8,8,"UL",12,9,9,10,13,1,1,64,4,9.72268286539769,8,1,0,-151.949582396135,0,1,64,2,1,1,1,1,32,-146.812914879873,-146.812914879873,0,"runtime_best_beam_per_link","1|2","runtime_best_beam_per_link","1","ul_pusch_native_codebook_tpmi","ul_codebook_tpmi","nrPUSCH_native_codebook_precoding_during_modulation",1,0,0,1,0,"pusch_codebook","nr_pusch_codebook",2,1,2,1,"slot_coupled_truth","FAIL",1,32
20,20,"UL",12,9,9,10,13,1,1,64,4,14.3207175968637,10,1,0,-147.318600477976,0,1,64,2,1,1,1,1,32,-142.214880148407,-142.214880148407,0,"runtime_best_beam_per_link","1|2","runtime_best_beam_per_link","1","ul_pusch_native_codebook_tpmi","ul_codebook_tpmi","nrPUSCH_native_codebook_precoding_during_modulation",1,0,0,1,0,"pusch_codebook","nr_pusch_codebook",2,1,2,1,"slot_coupled_truth","FAIL",1,32
22,22,"UL",12,9,9,10,13,1,1,64,4,60.3792903063716,15,1,0,-101.215760525643,0,1,64,2,1,1,1,1,32,-96.1563074388986,-96.1563074388986,0,"runtime_best_beam_per_link","1|2","runtime_best_beam_per_link","1","ul_pusch_native_codebook_tpmi","ul_codebook_tpmi","nrPUSCH_native_codebook_precoding_during_modulation",1,0,0,1,0,"pusch_codebook","nr_pusch_codebook",2,1,2,1,"slot_coupled_truth","PASS",1,32
32,32,"UL",12,9,9,10,13,1,1,64,4,52.308686975589,15,1,0,-109.234214756166,0,1,64,2,1,1,1,1,32,-104.226910769681,-104.226910769681,0,"runtime_best_beam_per_link","1|2","runtime_best_beam_per_link","1","ul_pusch_native_codebook_tpmi","ul_codebook_tpmi","nrPUSCH_native_codebook_precoding_during_modulation",1,0,0,1,0,"pusch_codebook","nr_pusch_codebook",2,1,2,1,"slot_coupled_truth","FAIL",1,32
34,34,"UL",12,9,9,10,13,1,1,64,4,28.0321128238514,15,1,0,-133.50257144282,0,1,64,2,1,1,1,1,32,-128.503484921419,-128.503484921419,0,"runtime_best_beam_per_link","1|2","runtime_best_beam_per_link","1","ul_pusch_native_codebook_tpmi","ul_codebook_tpmi","nrPUSCH_native_codebook_precoding_during_modulation",1,0,0,1,0,"pusch_codebook","nr_pusch_codebook",2,1,2,1,"slot_coupled_truth","FAIL",1,32
37,37,"UL",12,9,9,10,13,1,1,64,4,23.0083957849102,15,1,0,-138.587824669427,0,1,64,2,1,1,1,1,32,-133.52720196036,-133.52720196036,0,"runtime_best_beam_per_link","1|2","runtime_best_beam_per_link","1","ul_pusch_native_codebook_tpmi","ul_codebook_tpmi","nrPUSCH_native_codebook_precoding_during_modulation",1,0,0,1,0,"pusch_codebook","nr_pusch_codebook",2,1,2,1,"slot_coupled_truth","PASS",1,32
38,38,"UL",12,9,9,10,13,1,1,64,4,44.7259682531136,15,1,0,-116.843035189194,0,1,64,2,1,1,1,1,32,-111.809629492157,-111.809629492157,0,"runtime_best_beam_per_link","1|2","runtime_best_beam_per_link","1","ul_pusch_native_codebook_tpmi","ul_codebook_tpmi","nrPUSCH_native_codebook_precoding_during_modulation",1,0,0,1,0,"pusch_codebook","nr_pusch_codebook",2,1,2,1,"slot_coupled_truth","PASS",1,32
42,42,"UL",12,9,9,10,13,1,1,64,4,19.1175427488415,13,1,0,-142.528734805044,0,1,64,2,1,1,1,1,32,-137.418054996429,-137.418054996429,0,"runtime_best_beam_per_link","1|2","runtime_best_beam_per_link","1","ul_pusch_native_codebook_tpmi","ul_codebook_tpmi","nrPUSCH_native_codebook_precoding_during_modulation",1,0,0,1,0,"pusch_codebook","nr_pusch_codebook",2,1,2,1,"slot_coupled_truth","PASS",1,32
44,44,"UL",12,9,9,10,13,1,1,64,4,45.9464656843589,15,1,0,-115.606869076942,0,1,64,2,1,1,1,1,32,-110.589132060911,-110.589132060911,0,"runtime_best_beam_per_link","1|2","runtime_best_beam_per_link","1","ul_pusch_native_codebook_tpmi","ul_codebook_tpmi","nrPUSCH_native_codebook_precoding_during_modulation",1,0,0,1,0,"pusch_codebook","nr_pusch_codebook",2,1,2,1,"slot_coupled_truth","PASS",1,32
49,49,"UL",12,9,9,10,13,1,1,64,4,45.0900943857587,15,1,0,-116.498628481606,0,1,64,2,1,1,1,1,32,-111.445503359512,-111.445503359512,0,"runtime_best_beam_per_link","1|2","runtime_best_beam_per_link","1","ul_pusch_native_codebook_tpmi","ul_codebook_tpmi","nrPUSCH_native_codebook_precoding_during_modulation",1,0,0,1,0,"pusch_codebook","nr_pusch_codebook",2,1,2,1,"slot_coupled_truth","PASS",1,32
1,1,"UL",12,9,9,10,11,1,1,64,4,17.0107266606634,12,1,0,-143.949803906246,0,1,64,2,1,1,1,1,32,-139.524871084607,-139.524871084607,0,"runtime_best_beam_per_link","1|2","runtime_best_beam_per_link","1","ul_pusch_native_codebook_tpmi","ul_codebook_tpmi","nrPUSCH_native_codebook_precoding_during_modulation",1,0,0,1,0,"pusch_codebook","nr_pusch_codebook",2,1,2,1,"slot_coupled_truth","FAIL",1,32
7,7,"UL",12,9,9,10,11,1,1,64,4,27.4580226721494,15,1,0,-133.201688815043,0,1,64,2,1,1,1,1,32,-129.077575073121,-129.077575073121,0,"runtime_best_beam_per_link","1|2","runtime_best_beam_per_link","1","ul_pusch_native_codebook_tpmi","ul_codebook_tpmi","nrPUSCH_native_codebook_precoding_during_modulation",1,0,0,1,0,"pusch_codebook","nr_pusch_codebook",2,1,2,1,"slot_coupled_truth","FAIL",1,32
11,11,"UL",12,9,9,10,11,1,1,64,4,21.8727695184288,15,1,0,-139.106597039267,0,1,64,2,1,1,1,1,32,-134.662828226841,-134.662828226841,0,"runtime_best_beam_per_link","1|2","runtime_best_beam_per_link","1","ul_pusch_native_codebook_tpmi","ul_codebook_tpmi","nrPUSCH_native_codebook_precoding_during_modulation",1,0,0,1,0,"pusch_codebook","nr_pusch_codebook",2,1,2,1,"slot_coupled_truth","FAIL",1,32
17,17,"UL",12,9,9,10,11,1,1,64,4,18.1387045043193,12,1,0,-142.839530935561,0,1,64,2,1,1,1,1,32,-138.396893240951,-138.396893240951,0,"runtime_best_beam_per_link","1|2","runtime_best_beam_per_link","1","ul_pusch_native_codebook_tpmi","ul_codebook_tpmi","nrPUSCH_native_codebook_precoding_during_modulation",1,0,0,1,0,"pusch_codebook","nr_pusch_codebook",2,1,2,1,"slot_coupled_truth","FAIL",1,32
21,21,"UL",12,9,9,10,11,1,1,64,4,18.6321854212169,13,1,0,-142.27730254146,0,1,64,2,1,1,1,1,32,-137.903412324053,-137.903412324053,0,"runtime_best_beam_per_link","1|2","runtime_best_beam_per_link","1","ul_pusch_native_codebook_tpmi","ul_codebook_tpmi","nrPUSCH_native_codebook_precoding_during_modulation",1,0,0,1,0,"pusch_codebook","nr_pusch_codebook",2,1,2,1,"slot_coupled_truth","FAIL",1,32
25,25,"UL",12,9,9,10,11,1,1,64,4,28.271201534591,15,1,0,-132.694686899575,0,1,64,2,1,1,1,1,32,-128.264396210679,-128.264396210679,0,"runtime_best_beam_per_link","1|2","runtime_best_beam_per_link","1","ul_pusch_native_codebook_tpmi","ul_codebook_tpmi","nrPUSCH_native_codebook_precoding_during_modulation",1,0,0,1,0,"pusch_codebook","nr_pusch_codebook",2,1,2,1,"slot_coupled_truth","PASS",1,32
27,27,"UL",12,9,9,10,11,1,1,64,4,23.7775182397516,15,1,0,-137.168985215331,0,1,64,2,1,1,1,1,32,-132.758079505519,-132.758079505519,0,"runtime_best_beam_per_link","1|2","runtime_best_beam_per_link","1","ul_pusch_native_codebook_tpmi","ul_codebook_tpmi","nrPUSCH_native_codebook_precoding_during_modulation",1,0,0,1,0,"pusch_codebook","nr_pusch_codebook",2,1,2,1,"slot_coupled_truth","PASS",1,32
28,28,"UL",12,9,9,10,11,1,1,64,4,29.9423124235914,15,1,0,-131.013621968442,0,1,64,2,1,1,1,1,32,-126.593285321679,-126.593285321679,0,"runtime_best_beam_per_link","1|2","runtime_best_beam_per_link","1","ul_pusch_native_codebook_tpmi","ul_codebook_tpmi","nrPUSCH_native_codebook_precoding_during_modulation",1,0,0,1,0,"pusch_codebook","nr_pusch_codebook",2,1,2,1,"slot_coupled_truth","PASS",1,32
30,30,"UL",12,9,9,10,11,1,1,64,4,40.0468885770244,15,1,0,-120.850640312867,0,1,64,2,1,1,1,1,32,-116.488709168246,-116.488709168246,0,"runtime_best_beam_per_link","1|2","runtime_best_beam_per_link","1","ul_pusch_native_codebook_tpmi","ul_codebook_tpmi","nrPUSCH_native_codebook_precoding_during_modulation",1,0,0,1,0,"pusch_codebook","nr_pusch_codebook",2,1,2,1,"slot_coupled_truth","PASS",1,32
31,31,"UL",12,9,9,10,11,1,1,64,4,43.7266133398893,15,1,0,-117.242840823429,0,1,64,2,1,1,1,1,32,-112.808984405381,-112.808984405381,0,"runtime_best_beam_per_link","1|2","runtime_best_beam_per_link","1","ul_pusch_native_codebook_tpmi","ul_codebook_tpmi","nrPUSCH_native_codebook_precoding_during_modulation",1,0,0,1,0,"pusch_codebook","nr_pusch_codebook",2,1,2,1,"slot_coupled_truth","PASS",1,32
36,36,"UL",12,9,9,10,11,1,1,64,4,24.0698293552705,15,1,0,-136.826463401486,0,1,64,2,1,1,1,1,32,-132.46576839,-132.46576839,0,"runtime_best_beam_per_link","1|2","runtime_best_beam_per_link","1","ul_pusch_native_codebook_tpmi","ul_codebook_tpmi","nrPUSCH_native_codebook_precoding_during_modulation",1,0,0,1,0,"pusch_codebook","nr_pusch_codebook",2,1,2,1,"slot_coupled_truth","PASS",1,32
39,39,"UL",12,9,9,10,11,1,1,64,4,16.5500032400546,12,1,0,-144.348769749277,0,1,64,2,1,1,1,1,32,-139.985594505216,-139.985594505216,0,"runtime_best_beam_per_link","1|2","runtime_best_beam_per_link","1","ul_pusch_native_codebook_tpmi","ul_codebook_tpmi","nrPUSCH_native_codebook_precoding_during_modulation",1,0,0,1,0,"pusch_codebook","nr_pusch_codebook",2,1,2,1,"slot_coupled_truth","PASS",1,32
3,3,"UL",12,10,10,26,30,1,1,64,4,47.2058075139773,15,1,0,-117.82508655582,0,1,64,2,1,1,1,1,32,-109.329790231293,-109.329790231293,0,"runtime_best_beam_per_link","1|2","runtime_best_beam_per_link","1","ul_pusch_native_codebook_tpmi","ul_codebook_tpmi","nrPUSCH_native_codebook_precoding_during_modulation",1,0,0,1,0,"pusch_codebook","nr_pusch_codebook",2,1,2,1,"slot_coupled_truth","FAIL",1,32
5,5,"UL",12,10,10,26,30,1,1,64,4,51.2099478303152,15,1,0,-113.693911128133,0,1,64,2,1,1,1,1,32,-105.325649914955,-105.325649914955,0,"runtime_best_beam_per_link","1|2","runtime_best_beam_per_link","1","ul_pusch_native_codebook_tpmi","ul_codebook_tpmi","nrPUSCH_native_codebook_precoding_during_modulation",1,0,0,1,0,"pusch_codebook","nr_pusch_codebook",2,1,2,1,"slot_coupled_truth","PASS",1,32
9,9,"UL",12,10,10,26,30,1,1,64,4,27.6720212243621,15,1,0,-137.358343332453,0,1,64,2,1,1,1,1,32,-128.863576520908,-128.863576520908,0,"runtime_best_beam_per_link","1|2","runtime_best_beam_per_link","1","ul_pusch_native_codebook_tpmi","ul_codebook_tpmi","nrPUSCH_native_codebook_precoding_during_modulation",1,0,0,1,0,"pusch_codebook","nr_pusch_codebook",2,1,2,1,"slot_coupled_truth","FAIL",1,32
14,14,"UL",12,10,10,26,30,1,1,64,4,37.5317673920983,15,1,0,-115.578829349657,0,1,64,2,1,1,1,1,32,-107.136473455799,-107.136473455799,0,"runtime_best_beam_per_link","1|2","runtime_best_beam_per_link","1","ul_pusch_native_codebook_tpmi","ul_codebook_tpmi","nrPUSCH_native_codebook_precoding_during_modulation",1,0,0,1,0,"pusch_codebook","nr_pusch_codebook",2,1,2,1,"slot_coupled_truth","PASS",1,32
19,19,"UL",12,10,10,26,30,1,1,64,4,36.2615973731611,15,1,0,-128.762734243771,0,1,64,2,1,1,1,1,32,-120.274000372109,-120.274000372109,0,"runtime_best_beam_per_link","1|2","runtime_best_beam_per_link","1","ul_pusch_native_codebook_tpmi","ul_codebook_tpmi","nrPUSCH_native_codebook_precoding_during_modulation",1,0,0,1,0,"pusch_codebook","nr_pusch_codebook",2,1,2,1,"slot_coupled_truth","PASS",1,32
26,26,"UL",12,10,10,26,30,1,1,64,4,29.697408450109,15,1,0,-135.33422468873,0,1,64,2,1,1,1,1,32,-126.838189295161,-126.838189295161,0,"runtime_best_beam_per_link","1|2","runtime_best_beam_per_link","1","ul_pusch_native_codebook_tpmi","ul_codebook_tpmi","nrPUSCH_native_codebook_precoding_during_modulation",1,0,0,1,0,"pusch_codebook","nr_pusch_codebook",2,1,2,1,"slot_coupled_truth","FAIL",1,32
40,40,"UL",12,10,10,26,30,1,1,64,4,50.0125404957941,15,1,0,-115.040719703461,0,1,64,2,1,1,1,1,32,-106.523057249476,-106.523057249476,0,"runtime_best_beam_per_link","1|2","runtime_best_beam_per_link","1","ul_pusch_native_codebook_tpmi","ul_codebook_tpmi","nrPUSCH_native_codebook_precoding_during_modulation",1,0,0,1,0,"pusch_codebook","nr_pusch_codebook",2,1,2,1,"slot_coupled_truth","PASS",1,32
43,43,"UL",12,10,10,26,30,1,1,64,4,34.6555687936385,15,1,0,-130.419751997078,0,1,64,2,1,1,1,1,32,-121.880028951632,-121.880028951632,0,"runtime_best_beam_per_link","1|2","runtime_best_beam_per_link","1","ul_pusch_native_codebook_tpmi","ul_codebook_tpmi","nrPUSCH_native_codebook_precoding_during_modulation",1,0,0,1,0,"pusch_codebook","nr_pusch_codebook",2,1,2,1,"slot_coupled_truth","FAIL",1,32
47,47,"UL",12,10,10,26,30,1,1,64,4,37.2484088086134,15,1,0,-127.816278181173,0,1,64,2,1,1,1,1,32,-119.287188936657,-119.287188936657,0,"runtime_best_beam_per_link","1|2","runtime_best_beam_per_link","1","ul_pusch_native_codebook_tpmi","ul_codebook_tpmi","nrPUSCH_native_codebook_precoding_during_modulation",1,0,0,1,0,"pusch_codebook","nr_pusch_codebook",2,1,2,1,"slot_coupled_truth","PASS",1,32
4,4,"UL",12,10,10,26,34,1,1,64,4,26.1222223442332,15,1,0,-139.489962698707,0,1,64,2,1,1,1,1,32,-130.413375401037,-130.413375401037,0,"runtime_best_beam_per_link","1|2","runtime_best_beam_per_link","1","ul_pusch_native_codebook_tpmi","ul_codebook_tpmi","nrPUSCH_native_codebook_precoding_during_modulation",1,0,0,1,0,"pusch_codebook","nr_pusch_codebook",2,1,2,1,"slot_coupled_truth","FAIL",1,32
6,6,"UL",12,10,10,26,34,1,1,64,4,27.8980887016377,15,1,0,-137.716811001919,0,1,64,2,1,1,1,1,32,-128.637509043633,-128.637509043633,0,"runtime_best_beam_per_link","1|2","runtime_best_beam_per_link","1","ul_pusch_native_codebook_tpmi","ul_codebook_tpmi","nrPUSCH_native_codebook_precoding_during_modulation",1,0,0,1,0,"pusch_codebook","nr_pusch_codebook",2,1,2,1,"slot_coupled_truth","FAIL",1,32
10,10,"UL",12,10,10,26,34,1,1,64,4,32.9446237246198,15,1,0,-132.596052834806,0,1,64,2,1,1,1,1,32,-123.59097402065,-123.59097402065,0,"runtime_best_beam_per_link","1|2","runtime_best_beam_per_link","1","ul_pusch_native_codebook_tpmi","ul_codebook_tpmi","nrPUSCH_native_codebook_precoding_during_modulation",1,0,0,1,0,"pusch_codebook","nr_pusch_codebook",2,1,2,1,"slot_coupled_truth","PASS",1,32
29,29,"UL",12,10,10,26,34,1,1,64,4,50.6114281690478,15,1,0,-114.985134734318,0,1,64,2,1,1,1,1,32,-105.924169576222,-105.924169576222,0,"runtime_best_beam_per_link","1|2","runtime_best_beam_per_link","1","ul_pusch_native_codebook_tpmi","ul_codebook_tpmi","nrPUSCH_native_codebook_precoding_during_modulation",1,0,0,1,0,"pusch_codebook","nr_pusch_codebook",2,1,2,1,"slot_coupled_truth","PASS",1,32
41,41,"UL",12,10,10,26,34,1,1,64,4,28.6254465966525,15,1,0,-136.868653283146,0,1,64,2,1,1,1,1,32,-127.910151148618,-127.910151148618,0,"runtime_best_beam_per_link","1|2","runtime_best_beam_per_link","1","ul_pusch_native_codebook_tpmi","ul_codebook_tpmi","nrPUSCH_native_codebook_precoding_during_modulation",1,0,0,1,0,"pusch_codebook","nr_pusch_codebook",2,1,2,1,"slot_coupled_truth","FAIL",1,32
45,45,"UL",12,10,10,26,34,1,1,64,4,26.9764353753295,15,1,0,-138.598099358104,0,1,64,2,1,1,1,1,32,-129.559162369941,-129.559162369941,0,"runtime_best_beam_per_link","1|2","runtime_best_beam_per_link","1","ul_pusch_native_codebook_tpmi","ul_codebook_tpmi","nrPUSCH_native_codebook_precoding_during_modulation",1,0,0,1,0,"pusch_codebook","nr_pusch_codebook",2,1,2,1,"slot_coupled_truth","FAIL",1,32
50,50,"UL",12,10,10,26,34,1,1,64,4,41.8733548309672,15,1,0,-123.668794347956,0,1,64,2,1,1,1,1,32,-114.662242914303,-114.662242914303,0,"runtime_best_beam_per_link","1|2","runtime_best_beam_per_link","1","ul_pusch_native_codebook_tpmi","ul_codebook_tpmi","nrPUSCH_native_codebook_precoding_during_modulation",1,0,0,1,0,"pusch_codebook","nr_pusch_codebook",2,1,2,1,"slot_coupled_truth","PASS",1,32
35,35,"UL",12,10,10,20,34,1,1,64,4,20.8330848570748,14,1,0,-144.752066451926,0,1,64,2,1,1,1,1,32,-135.702512888195,-135.702512888195,0,"runtime_best_beam_per_link","1|2","runtime_best_beam_per_link","1","ul_pusch_native_codebook_tpmi","ul_codebook_tpmi","nrPUSCH_native_codebook_precoding_during_modulation",1,0,0,1,0,"pusch_codebook","nr_pusch_codebook",2,1,2,1,"slot_coupled_truth","PASS",1,32
12,12,"UL",12,10,10,26,30,1,1,64,4,37.8270141548748,15,1,0,-127.189803107563,0,1,64,2,1,1,1,1,32,-118.708583590395,-118.708583590395,0,"runtime_best_beam_per_link","1|2","runtime_best_beam_per_link","1","ul_pusch_native_codebook_tpmi","ul_codebook_tpmi","nrPUSCH_native_codebook_precoding_during_modulation",1,0,0,1,0,"pusch_codebook","nr_pusch_codebook",2,1,2,1,"slot_coupled_truth","FAIL",1,32
13,13,"UL",12,10,10,26,30,1,1,64,4,25.9113057311642,15,1,0,-139.199746917303,0,1,64,2,1,1,1,1,32,-130.624292014106,-130.624292014106,0,"runtime_best_beam_per_link","1|2","runtime_best_beam_per_link","1","ul_pusch_native_codebook_tpmi","ul_codebook_tpmi","nrPUSCH_native_codebook_precoding_during_modulation",1,0,0,1,0,"pusch_codebook","nr_pusch_codebook",2,1,2,1,"slot_coupled_truth","FAIL",1,32
18,18,"UL",12,10,10,26,30,1,1,64,4,34.6642610262199,15,1,0,-130.292494669993,0,1,64,2,1,1,1,1,32,-121.87133671905,-121.87133671905,0,"runtime_best_beam_per_link","1|2","runtime_best_beam_per_link","1","ul_pusch_native_codebook_tpmi","ul_codebook_tpmi","nrPUSCH_native_codebook_precoding_during_modulation",1,0,0,1,0,"pusch_codebook","nr_pusch_codebook",2,1,2,1,"slot_coupled_truth","PASS",1,32
23,23,"UL",12,10,10,26,30,1,1,64,4,33.7171699785239,15,1,0,-131.301394496636,0,1,64,2,1,1,1,1,32,-122.818427766746,-122.818427766746,0,"runtime_best_beam_per_link","1|2","runtime_best_beam_per_link","1","ul_pusch_native_codebook_tpmi","ul_codebook_tpmi","nrPUSCH_native_codebook_precoding_during_modulation",1,0,0,1,0,"pusch_codebook","nr_pusch_codebook",2,1,2,1,"slot_coupled_truth","FAIL",1,32
15,15,"UL",12,10,10,24,30,1,1,64,4,25.283426910597,15,1,0,-139.790712480075,0,1,64,2,1,1,1,1,32,-131.252170834673,-131.252170834673,0,"runtime_best_beam_per_link","1|2","runtime_best_beam_per_link","1","ul_pusch_native_codebook_tpmi","ul_codebook_tpmi","nrPUSCH_native_codebook_precoding_during_modulation",1,0,0,1,0,"pusch_codebook","nr_pusch_codebook",2,1,2,1,"slot_coupled_truth","FAIL",1,32
24,24,"UL",12,10,10,22,30,1,1,64,4,24.107207559915,15,1,0,-140.975209148275,0,1,64,2,1,1,1,1,32,-132.428390185355,-132.428390185355,0,"runtime_best_beam_per_link","1|2","runtime_best_beam_per_link","1","ul_pusch_native_codebook_tpmi","ul_codebook_tpmi","nrPUSCH_native_codebook_precoding_during_modulation",1,0,0,1,0,"pusch_codebook","nr_pusch_codebook",2,1,2,1,"slot_coupled_truth","FAIL",1,32
2,2,"UL",12,10,10,18,30,1,1,64,4,18.5573146313179,13,1,0,-146.534905882326,0,1,64,2,1,1,1,1,32,-137.978283113952,-137.978283113952,0,"runtime_best_beam_per_link","1|2","runtime_best_beam_per_link","1","ul_pusch_native_codebook_tpmi","ul_codebook_tpmi","nrPUSCH_native_codebook_precoding_during_modulation",1,0,0,1,0,"pusch_codebook","nr_pusch_codebook",2,1,2,1,"slot_coupled_truth","FAIL",1,32
16,16,"UL",12,10,10,15,30,1,1,64,4,17.6226958083312,12,1,0,-147.474390764542,0,1,64,2,1,1,1,1,32,-138.912901936939,-138.912901936939,0,"runtime_best_beam_per_link","1|2","runtime_best_beam_per_link","1","ul_pusch_native_codebook_tpmi","ul_codebook_tpmi","nrPUSCH_native_codebook_precoding_during_modulation",1,0,0,1,0,"pusch_codebook","nr_pusch_codebook",2,1,2,1,"slot_coupled_truth","FAIL",1,32
33,33,"UL",12,10,10,15,30,1,1,64,4,18.5199039112123,13,1,0,-146.583607858742,0,1,64,2,1,1,1,1,32,-138.015693834058,-138.015693834058,0,"runtime_best_beam_per_link","1|2","runtime_best_beam_per_link","1","ul_pusch_native_codebook_tpmi","ul_codebook_tpmi","nrPUSCH_native_codebook_precoding_during_modulation",1,0,0,1,0,"pusch_codebook","nr_pusch_codebook",2,1,2,1,"slot_coupled_truth","FAIL",1,32
22,22,"UL",12,10,10,26,27,1,1,64,4,66.4161525151361,15,1,0,-98.1993049370952,0,1,64,2,1,1,1,1,32,-90.1194452301341,-90.1194452301341,0,"runtime_best_beam_per_link","1|2","runtime_best_beam_per_link","1","ul_pusch_native_codebook_tpmi","ul_codebook_tpmi","nrPUSCH_native_codebook_precoding_during_modulation",1,0,0,1,0,"pusch_codebook","nr_pusch_codebook",2,1,2,1,"slot_coupled_truth","PASS",1,32
32,32,"UL",12,10,10,26,27,1,1,64,4,58.036145326962,15,1,0,-106.542821113704,0,1,64,2,1,1,1,1,32,-98.4994524183083,-98.4994524183083,0,"runtime_best_beam_per_link","1|2","runtime_best_beam_per_link","1","ul_pusch_native_codebook_tpmi","ul_codebook_tpmi","nrPUSCH_native_codebook_precoding_during_modulation",1,0,0,1,0,"pusch_codebook","nr_pusch_codebook",2,1,2,1,"slot_coupled_truth","FAIL",1,32
34,34,"UL",12,10,10,26,27,1,1,64,4,34.0617243114394,15,1,0,-130.510418457572,0,1,64,2,1,1,1,1,32,-122.473873433831,-122.473873433831,0,"runtime_best_beam_per_link","1|2","runtime_best_beam_per_link","1","ul_pusch_native_codebook_tpmi","ul_codebook_tpmi","nrPUSCH_native_codebook_precoding_during_modulation",1,0,0,1,0,"pusch_codebook","nr_pusch_codebook",2,1,2,1,"slot_coupled_truth","FAIL",1,32
37,37,"UL",12,10,10,26,27,1,1,64,4,29.0542112049803,15,1,0,-135.556682695595,0,1,64,2,1,1,1,1,32,-127.48138654029,-127.48138654029,0,"runtime_best_beam_per_link","1|2","runtime_best_beam_per_link","1","ul_pusch_native_codebook_tpmi","ul_codebook_tpmi","nrPUSCH_native_codebook_precoding_during_modulation",1,0,0,1,0,"pusch_codebook","nr_pusch_codebook",2,1,2,1,"slot_coupled_truth","FAIL",1,32
38,38,"UL",12,10,10,26,27,1,1,64,4,50.7051782969799,15,1,0,-113.885520508835,0,1,64,2,1,1,1,1,32,-105.83041944829,-105.83041944829,0,"runtime_best_beam_per_link","1|2","runtime_best_beam_per_link","1","ul_pusch_native_codebook_tpmi","ul_codebook_tpmi","nrPUSCH_native_codebook_precoding_during_modulation",1,0,0,1,0,"pusch_codebook","nr_pusch_codebook",2,1,2,1,"slot_coupled_truth","PASS",1,32
44,44,"UL",12,10,10,26,27,1,1,64,4,51.9055736484338,15,1,0,-112.668965905616,0,1,64,2,1,1,1,1,32,-104.630024096836,-104.630024096836,0,"runtime_best_beam_per_link","1|2","runtime_best_beam_per_link","1","ul_pusch_native_codebook_tpmi","ul_codebook_tpmi","nrPUSCH_native_codebook_precoding_during_modulation",1,0,0,1,0,"pusch_codebook","nr_pusch_codebook",2,1,2,1,"slot_coupled_truth","PASS",1,32
49,49,"UL",12,10,10,26,27,1,1,64,4,51.128962867357,15,1,0,-113.464013576313,0,1,64,2,1,1,1,1,32,-105.406634877913,-105.406634877913,0,"runtime_best_beam_per_link","1|2","runtime_best_beam_per_link","1","ul_pusch_native_codebook_tpmi","ul_codebook_tpmi","nrPUSCH_native_codebook_precoding_during_modulation",1,0,0,1,0,"pusch_codebook","nr_pusch_codebook",2,1,2,1,"slot_coupled_truth","PASS",1,32
42,42,"UL",12,10,10,24,27,1,1,64,4,24.9153503093506,15,1,0,-139.737310360937,0,1,64,2,1,1,1,1,32,-131.62024743592,-131.62024743592,0,"runtime_best_beam_per_link","1|2","runtime_best_beam_per_link","1","ul_pusch_native_codebook_tpmi","ul_codebook_tpmi","nrPUSCH_native_codebook_precoding_during_modulation",1,0,0,1,0,"pusch_codebook","nr_pusch_codebook",2,1,2,1,"slot_coupled_truth","FAIL",1,32
20,20,"UL",12,10,10,18,27,1,1,64,4,20.1438210780505,13,1,0,-144.520454447686,0,1,64,2,1,1,1,1,32,-136.39177666722,-136.39177666722,0,"runtime_best_beam_per_link","1|2","runtime_best_beam_per_link","1","ul_pusch_native_codebook_tpmi","ul_codebook_tpmi","nrPUSCH_native_codebook_precoding_during_modulation",1,0,0,1,0,"pusch_codebook","nr_pusch_codebook",2,1,2,1,"slot_coupled_truth","FAIL",1,32
8,8,"UL",12,10,10,13,27,1,1,64,4,16.212839909176,11,1,0,-148.447473836219,0,1,64,2,1,1,1,1,32,-140.322757836094,-140.322757836094,0,"runtime_best_beam_per_link","1|2","runtime_best_beam_per_link","1","ul_pusch_native_codebook_tpmi","ul_codebook_tpmi","nrPUSCH_native_codebook_precoding_during_modulation",1,0,0,1,0,"pusch_codebook","nr_pusch_codebook",2,1,2,1,"slot_coupled_truth","FAIL",1,32
7,7,"UL",12,10,10,26,22,1,1,64,4,33.3941416291566,15,1,0,-130.310703022742,0,1,64,2,1,1,1,1,32,-123.141456116114,-123.141456116114,0,"runtime_best_beam_per_link","1|2","runtime_best_beam_per_link","1","ul_pusch_native_codebook_tpmi","ul_codebook_tpmi","nrPUSCH_native_codebook_precoding_during_modulation",1,0,0,1,0,"pusch_codebook","nr_pusch_codebook",2,1,2,1,"slot_coupled_truth","FAIL",1,32
11,11,"UL",12,10,10,26,22,1,1,64,4,27.0596444620701,15,1,0,-136.738906974598,0,1,64,2,1,1,1,1,32,-129.4759532832,-129.4759532832,0,"runtime_best_beam_per_link","1|2","runtime_best_beam_per_link","1","ul_pusch_native_codebook_tpmi","ul_codebook_tpmi","nrPUSCH_native_codebook_precoding_during_modulation",1,0,0,1,0,"pusch_codebook","nr_pusch_codebook",2,1,2,1,"slot_coupled_truth","FAIL",1,32
25,25,"UL",12,10,10,26,22,1,1,64,4,33.8966543783432,15,1,0,-129.865085931572,0,1,64,2,1,1,1,1,32,-122.638943366927,-122.638943366927,0,"runtime_best_beam_per_link","1|2","runtime_best_beam_per_link","1","ul_pusch_native_codebook_tpmi","ul_codebook_tpmi","nrPUSCH_native_codebook_precoding_during_modulation",1,0,0,1,0,"pusch_codebook","nr_pusch_codebook",2,1,2,1,"slot_coupled_truth","PASS",1,32
27,27,"UL",12,10,10,26,22,1,1,64,4,28.9191125464335,15,1,0,-134.859838919905,0,1,64,2,1,1,1,1,32,-127.616485198837,-127.616485198837,0,"runtime_best_beam_per_link","1|2","runtime_best_beam_per_link","1","ul_pusch_native_codebook_tpmi","ul_codebook_tpmi","nrPUSCH_native_codebook_precoding_during_modulation",1,0,0,1,0,"pusch_codebook","nr_pusch_codebook",2,1,2,1,"slot_coupled_truth","FAIL",1,32
28,28,"UL",12,10,10,26,22,1,1,64,4,35.6704500315142,15,1,0,-128.114690722828,0,1,64,2,1,1,1,1,32,-120.865147713756,-120.865147713756,0,"runtime_best_beam_per_link","1|2","runtime_best_beam_per_link","1","ul_pusch_native_codebook_tpmi","ul_codebook_tpmi","nrPUSCH_native_codebook_precoding_during_modulation",1,0,0,1,0,"pusch_codebook","nr_pusch_codebook",2,1,2,1,"slot_coupled_truth","PASS",1,32
30,30,"UL",12,10,10,26,22,1,1,64,4,45.6015298257866,15,1,0,-118.134935365655,0,1,64,2,1,1,1,1,32,-110.934067919484,-110.934067919484,0,"runtime_best_beam_per_link","1|2","runtime_best_beam_per_link","1","ul_pusch_native_codebook_tpmi","ul_codebook_tpmi","nrPUSCH_native_codebook_precoding_during_modulation",1,0,0,1,0,"pusch_codebook","nr_pusch_codebook",2,1,2,1,"slot_coupled_truth","PASS",1,32
31,31,"UL",12,10,10,26,22,1,1,64,4,49.3221078630133,15,1,0,-114.461912010667,0,1,64,2,1,1,1,1,32,-107.213489882257,-107.213489882257,0,"runtime_best_beam_per_link","1|2","runtime_best_beam_per_link","1","ul_pusch_native_codebook_tpmi","ul_codebook_tpmi","nrPUSCH_native_codebook_precoding_during_modulation",1,0,0,1,0,"pusch_codebook","nr_pusch_codebook",2,1,2,1,"slot_coupled_truth","PASS",1,32
36,36,"UL",12,10,10,26,22,1,1,64,4,29.9410437603715,15,1,0,-133.820306463907,0,1,64,2,1,1,1,1,32,-126.594553984899,-126.594553984899,0,"runtime_best_beam_per_link","1|2","runtime_best_beam_per_link","1","ul_pusch_native_codebook_tpmi","ul_codebook_tpmi","nrPUSCH_native_codebook_precoding_during_modulation",1,0,0,1,0,"pusch_codebook","nr_pusch_codebook",2,1,2,1,"slot_coupled_truth","FAIL",1,32
21,21,"UL",12,10,10,24,22,1,1,64,4,24.129607427257,15,1,0,-139.65425500601,0,1,64,2,1,1,1,1,32,-132.405990318013,-132.405990318013,0,"runtime_best_beam_per_link","1|2","runtime_best_beam_per_link","1","ul_pusch_native_codebook_tpmi","ul_codebook_tpmi","nrPUSCH_native_codebook_precoding_during_modulation",1,0,0,1,0,"pusch_codebook","nr_pusch_codebook",2,1,2,1,"slot_coupled_truth","FAIL",1,32
1,1,"UL",12,10,10,22,22,1,1,64,4,22.9583411691322,15,1,0,-140.847958139023,0,1,64,2,1,1,1,1,32,-133.577256576138,-133.577256576138,0,"runtime_best_beam_per_link","1|2","runtime_best_beam_per_link","1","ul_pusch_native_codebook_tpmi","ul_codebook_tpmi","nrPUSCH_native_codebook_precoding_during_modulation",1,0,0,1,0,"pusch_codebook","nr_pusch_codebook",2,1,2,1,"slot_coupled_truth","FAIL",1,32
17,17,"UL",12,10,10,22,22,1,1,64,4,23.1739759126112,15,1,0,-140.654749305892,0,1,64,2,1,1,1,1,32,-133.361621832659,-133.361621832659,0,"runtime_best_beam_per_link","1|2","runtime_best_beam_per_link","1","ul_pusch_native_codebook_tpmi","ul_codebook_tpmi","nrPUSCH_native_codebook_precoding_during_modulation",1,0,0,1,0,"pusch_codebook","nr_pusch_codebook",2,1,2,1,"slot_coupled_truth","FAIL",1,32
39,39,"UL",12,10,10,22,22,1,1,64,4,22.5675307580546,15,1,0,-141.200413820646,0,1,64,2,1,1,1,1,32,-133.968066987216,-133.968066987216,0,"runtime_best_beam_per_link","1|2","runtime_best_beam_per_link","1","ul_pusch_native_codebook_tpmi","ul_codebook_tpmi","nrPUSCH_native_codebook_precoding_during_modulation",1,0,0,1,0,"pusch_codebook","nr_pusch_codebook",2,1,2,1,"slot_coupled_truth","FAIL",1,32
