entity_type,entity_id,total_energy_j,useful_bits,energy_per_bit_nj,dominant_state,root_cause_reason,source_artifact_ref,run_id,run_tag,scenario_id,scenario_variant_id,config_hash,code_commit,seed,drop_id,timestamp_sim_ms,frame,slot,symbol,site_id,sector_id,cell_id,ue_id,direction,bwp_id,carrier_id,beam_id,layer_id,stream_id,harq_id,block_id,pipeline_id,producer_module,status_code,status_classification,source_tensor_ref,derived_flag,active_flag
"cell",1,13.973603126449,204415,68358.9909079518,"active_tx","active_runtime_energy","rf/csv/power_energy_table.csv",1,"webgui_rel20_4ghz_100mhz_5gnb_50ue_10slot_20260417_170900","lls_3gpp_rel20_anchor_4ghz_100mhz_waveform_honest_5gnb_50ue_10slot","lls_3gpp_rel20_anchor_4ghz_100mhz_waveform_honest_5gnb_50ue_10slot","a1a414876cde1a5883e2a2ab610e6603ef434ebb5b0a934bfcb8df1260a73d7c","2756cfb",104729,NaN,NaN,NaN,NaN,NaN,NaN,NaN,NaN,NaN,"not_applicable",NaN,NaN,NaN,NaN,NaN,NaN,"not_applicable","not_applicable","sixgr.truth.exportLLSOutputCoverageArtifacts/localBuildEnergyRootCauseTable","implemented","derived_energy_root_cause","not_applicable",1,1
"cell",2,11.8636025556832,151480,78317.9466311279,"active_tx","active_runtime_energy","rf/csv/power_energy_table.csv",1,"webgui_rel20_4ghz_100mhz_5gnb_50ue_10slot_20260417_170900","lls_3gpp_rel20_anchor_4ghz_100mhz_waveform_honest_5gnb_50ue_10slot","lls_3gpp_rel20_anchor_4ghz_100mhz_waveform_honest_5gnb_50ue_10slot","a1a414876cde1a5883e2a2ab610e6603ef434ebb5b0a934bfcb8df1260a73d7c","2756cfb",104729,NaN,NaN,NaN,NaN,NaN,NaN,NaN,NaN,NaN,"not_applicable",NaN,NaN,NaN,NaN,NaN,NaN,"not_applicable","not_applicable","sixgr.truth.exportLLSOutputCoverageArtifacts/localBuildEnergyRootCauseTable","implemented","derived_energy_root_cause","not_applicable",1,1
"cell",3,13.973603126449,70455,198333.732544872,"active_tx","active_runtime_energy","rf/csv/power_energy_table.csv",1,"webgui_rel20_4ghz_100mhz_5gnb_50ue_10slot_20260417_170900","lls_3gpp_rel20_anchor_4ghz_100mhz_waveform_honest_5gnb_50ue_10slot","lls_3gpp_rel20_anchor_4ghz_100mhz_waveform_honest_5gnb_50ue_10slot","a1a414876cde1a5883e2a2ab610e6603ef434ebb5b0a934bfcb8df1260a73d7c","2756cfb",104729,NaN,NaN,NaN,NaN,NaN,NaN,NaN,NaN,NaN,"not_applicable",NaN,NaN,NaN,NaN,NaN,NaN,"not_applicable","not_applicable","sixgr.truth.exportLLSOutputCoverageArtifacts/localBuildEnergyRootCauseTable","implemented","derived_energy_root_cause","not_applicable",1,1
"cell",4,14.1770170458629,153328,92462.0228912063,"active_tx","active_runtime_energy","rf/csv/power_energy_table.csv",1,"webgui_rel20_4ghz_100mhz_5gnb_50ue_10slot_20260417_170900","lls_3gpp_rel20_anchor_4ghz_100mhz_waveform_honest_5gnb_50ue_10slot","lls_3gpp_rel20_anchor_4ghz_100mhz_waveform_honest_5gnb_50ue_10slot","a1a414876cde1a5883e2a2ab610e6603ef434ebb5b0a934bfcb8df1260a73d7c","2756cfb",104729,NaN,NaN,NaN,NaN,NaN,NaN,NaN,NaN,NaN,"not_applicable",NaN,NaN,NaN,NaN,NaN,NaN,"not_applicable","not_applicable","sixgr.truth.exportLLSOutputCoverageArtifacts/localBuildEnergyRootCauseTable","implemented","derived_energy_root_cause","not_applicable",1,1
"cell",5,19.0333285119596,116120,163910.855252839,"active_tx","active_runtime_energy","rf/csv/power_energy_table.csv",1,"webgui_rel20_4ghz_100mhz_5gnb_50ue_10slot_20260417_170900","lls_3gpp_rel20_anchor_4ghz_100mhz_waveform_honest_5gnb_50ue_10slot","lls_3gpp_rel20_anchor_4ghz_100mhz_waveform_honest_5gnb_50ue_10slot","a1a414876cde1a5883e2a2ab610e6603ef434ebb5b0a934bfcb8df1260a73d7c","2756cfb",104729,NaN,NaN,NaN,NaN,NaN,NaN,NaN,NaN,NaN,"not_applicable",NaN,NaN,NaN,NaN,NaN,NaN,"not_applicable","not_applicable","sixgr.truth.exportLLSOutputCoverageArtifacts/localBuildEnergyRootCauseTable","implemented","derived_energy_root_cause","not_applicable",1,1
"ue",1,0.178867358808641,3597,49726.816460562,"active_rx","active_runtime_energy","rf/csv/power_energy_table.csv",1,"webgui_rel20_4ghz_100mhz_5gnb_50ue_10slot_20260417_170900","lls_3gpp_rel20_anchor_4ghz_100mhz_waveform_honest_5gnb_50ue_10slot","lls_3gpp_rel20_anchor_4ghz_100mhz_waveform_honest_5gnb_50ue_10slot","a1a414876cde1a5883e2a2ab610e6603ef434ebb5b0a934bfcb8df1260a73d7c","2756cfb",104729,NaN,NaN,NaN,NaN,NaN,NaN,NaN,NaN,NaN,"not_applicable",NaN,NaN,NaN,NaN,NaN,NaN,"not_applicable","not_applicable","sixgr.truth.exportLLSOutputCoverageArtifacts/localBuildEnergyRootCauseTable","implemented","derived_energy_root_cause","not_applicable",1,1
"ue",10,0.236239811744855,31493,7501.34352855731,"active_rx","active_runtime_energy","rf/csv/power_energy_table.csv",1,"webgui_rel20_4ghz_100mhz_5gnb_50ue_10slot_20260417_170900","lls_3gpp_rel20_anchor_4ghz_100mhz_waveform_honest_5gnb_50ue_10slot","lls_3gpp_rel20_anchor_4ghz_100mhz_waveform_honest_5gnb_50ue_10slot","a1a414876cde1a5883e2a2ab610e6603ef434ebb5b0a934bfcb8df1260a73d7c","2756cfb",104729,NaN,NaN,NaN,NaN,NaN,NaN,NaN,NaN,NaN,"not_applicable",NaN,NaN,NaN,NaN,NaN,NaN,"not_applicable","not_applicable","sixgr.truth.exportLLSOutputCoverageArtifacts/localBuildEnergyRootCauseTable","implemented","derived_energy_root_cause","not_applicable",1,1
"ue",11,0.236239811744855,3293,71739.9974931233,"active_rx","active_runtime_energy","rf/csv/power_energy_table.csv",1,"webgui_rel20_4ghz_100mhz_5gnb_50ue_10slot_20260417_170900","lls_3gpp_rel20_anchor_4ghz_100mhz_waveform_honest_5gnb_50ue_10slot","lls_3gpp_rel20_anchor_4ghz_100mhz_waveform_honest_5gnb_50ue_10slot","a1a414876cde1a5883e2a2ab610e6603ef434ebb5b0a934bfcb8df1260a73d7c","2756cfb",104729,NaN,NaN,NaN,NaN,NaN,NaN,NaN,NaN,NaN,"not_applicable",NaN,NaN,NaN,NaN,NaN,NaN,"not_applicable","not_applicable","sixgr.truth.exportLLSOutputCoverageArtifacts/localBuildEnergyRootCauseTable","implemented","derived_energy_root_cause","not_applicable",1,1
"ue",12,0.236239811744855,6237,37877.1543602461,"active_rx","active_runtime_energy","rf/csv/power_energy_table.csv",1,"webgui_rel20_4ghz_100mhz_5gnb_50ue_10slot_20260417_170900","lls_3gpp_rel20_anchor_4ghz_100mhz_waveform_honest_5gnb_50ue_10slot","lls_3gpp_rel20_anchor_4ghz_100mhz_waveform_honest_5gnb_50ue_10slot","a1a414876cde1a5883e2a2ab610e6603ef434ebb5b0a934bfcb8df1260a73d7c","2756cfb",104729,NaN,NaN,NaN,NaN,NaN,NaN,NaN,NaN,NaN,"not_applicable",NaN,NaN,NaN,NaN,NaN,NaN,"not_applicable","not_applicable","sixgr.truth.exportLLSOutputCoverageArtifacts/localBuildEnergyRootCauseTable","implemented","derived_energy_root_cause","not_applicable",1,1
"ue",13,0.178867358808641,6237,28678.4285407474,"active_rx","active_runtime_energy","rf/csv/power_energy_table.csv",1,"webgui_rel20_4ghz_100mhz_5gnb_50ue_10slot_20260417_170900","lls_3gpp_rel20_anchor_4ghz_100mhz_waveform_honest_5gnb_50ue_10slot","lls_3gpp_rel20_anchor_4ghz_100mhz_waveform_honest_5gnb_50ue_10slot","a1a414876cde1a5883e2a2ab610e6603ef434ebb5b0a934bfcb8df1260a73d7c","2756cfb",104729,NaN,NaN,NaN,NaN,NaN,NaN,NaN,NaN,NaN,"not_applicable",NaN,NaN,NaN,NaN,NaN,NaN,"not_applicable","not_applicable","sixgr.truth.exportLLSOutputCoverageArtifacts/localBuildEnergyRootCauseTable","implemented","derived_energy_root_cause","not_applicable",1,1
"ue",14,0.236239811744855,38445,6144.87740264937,"active_rx","active_runtime_energy","rf/csv/power_energy_table.csv",1,"webgui_rel20_4ghz_100mhz_5gnb_50ue_10slot_20260417_170900","lls_3gpp_rel20_anchor_4ghz_100mhz_waveform_honest_5gnb_50ue_10slot","lls_3gpp_rel20_anchor_4ghz_100mhz_waveform_honest_5gnb_50ue_10slot","a1a414876cde1a5883e2a2ab610e6603ef434ebb5b0a934bfcb8df1260a73d7c","2756cfb",104729,NaN,NaN,NaN,NaN,NaN,NaN,NaN,NaN,NaN,"not_applicable",NaN,NaN,NaN,NaN,NaN,NaN,"not_applicable","not_applicable","sixgr.truth.exportLLSOutputCoverageArtifacts/localBuildEnergyRootCauseTable","implemented","derived_energy_root_cause","not_applicable",1,1
"ue",15,0.236239811744855,4253,55546.6286726676,"active_rx","active_runtime_energy","rf/csv/power_energy_table.csv",1,"webgui_rel20_4ghz_100mhz_5gnb_50ue_10slot_20260417_170900","lls_3gpp_rel20_anchor_4ghz_100mhz_waveform_honest_5gnb_50ue_10slot","lls_3gpp_rel20_anchor_4ghz_100mhz_waveform_honest_5gnb_50ue_10slot","a1a414876cde1a5883e2a2ab610e6603ef434ebb5b0a934bfcb8df1260a73d7c","2756cfb",104729,NaN,NaN,NaN,NaN,NaN,NaN,NaN,NaN,NaN,"not_applicable",NaN,NaN,NaN,NaN,NaN,NaN,"not_applicable","not_applicable","sixgr.truth.exportLLSOutputCoverageArtifacts/localBuildEnergyRootCauseTable","implemented","derived_energy_root_cause","not_applicable",1,1
"ue",16,0.236239811744855,4757,49661.5118235979,"active_rx","active_runtime_energy","rf/csv/power_energy_table.csv",1,"webgui_rel20_4ghz_100mhz_5gnb_50ue_10slot_20260417_170900","lls_3gpp_rel20_anchor_4ghz_100mhz_waveform_honest_5gnb_50ue_10slot","lls_3gpp_rel20_anchor_4ghz_100mhz_waveform_honest_5gnb_50ue_10slot","a1a414876cde1a5883e2a2ab610e6603ef434ebb5b0a934bfcb8df1260a73d7c","2756cfb",104729,NaN,NaN,NaN,NaN,NaN,NaN,NaN,NaN,NaN,"not_applicable",NaN,NaN,NaN,NaN,NaN,NaN,"not_applicable","not_applicable","sixgr.truth.exportLLSOutputCoverageArtifacts/localBuildEnergyRootCauseTable","implemented","derived_energy_root_cause","not_applicable",1,1
"ue",17,0.178867358808641,3293,54317.4487727426,"active_rx","active_runtime_energy","rf/csv/power_energy_table.csv",1,"webgui_rel20_4ghz_100mhz_5gnb_50ue_10slot_20260417_170900","lls_3gpp_rel20_anchor_4ghz_100mhz_waveform_honest_5gnb_50ue_10slot","lls_3gpp_rel20_anchor_4ghz_100mhz_waveform_honest_5gnb_50ue_10slot","a1a414876cde1a5883e2a2ab610e6603ef434ebb5b0a934bfcb8df1260a73d7c","2756cfb",104729,NaN,NaN,NaN,NaN,NaN,NaN,NaN,NaN,NaN,"not_applicable",NaN,NaN,NaN,NaN,NaN,NaN,"not_applicable","not_applicable","sixgr.truth.exportLLSOutputCoverageArtifacts/localBuildEnergyRootCauseTable","implemented","derived_energy_root_cause","not_applicable",1,1
"ue",18,0.236239811744855,29389,8038.37530180868,"active_rx","active_runtime_energy","rf/csv/power_energy_table.csv",1,"webgui_rel20_4ghz_100mhz_5gnb_50ue_10slot_20260417_170900","lls_3gpp_rel20_anchor_4ghz_100mhz_waveform_honest_5gnb_50ue_10slot","lls_3gpp_rel20_anchor_4ghz_100mhz_waveform_honest_5gnb_50ue_10slot","a1a414876cde1a5883e2a2ab610e6603ef434ebb5b0a934bfcb8df1260a73d7c","2756cfb",104729,NaN,NaN,NaN,NaN,NaN,NaN,NaN,NaN,NaN,"not_applicable",NaN,NaN,NaN,NaN,NaN,NaN,"not_applicable","not_applicable","sixgr.truth.exportLLSOutputCoverageArtifacts/localBuildEnergyRootCauseTable","implemented","derived_energy_root_cause","not_applicable",1,1
"ue",19,0.236239811744855,34029,6942.30837652753,"active_rx","active_runtime_energy","rf/csv/power_energy_table.csv",1,"webgui_rel20_4ghz_100mhz_5gnb_50ue_10slot_20260417_170900","lls_3gpp_rel20_anchor_4ghz_100mhz_waveform_honest_5gnb_50ue_10slot","lls_3gpp_rel20_anchor_4ghz_100mhz_waveform_honest_5gnb_50ue_10slot","a1a414876cde1a5883e2a2ab610e6603ef434ebb5b0a934bfcb8df1260a73d7c","2756cfb",104729,NaN,NaN,NaN,NaN,NaN,NaN,NaN,NaN,NaN,"not_applicable",NaN,NaN,NaN,NaN,NaN,NaN,"not_applicable","not_applicable","sixgr.truth.exportLLSOutputCoverageArtifacts/localBuildEnergyRootCauseTable","implemented","derived_energy_root_cause","not_applicable",1,1
"ue",2,0.236239811744855,2229,105984.662065884,"active_rx","active_runtime_energy","rf/csv/power_energy_table.csv",1,"webgui_rel20_4ghz_100mhz_5gnb_50ue_10slot_20260417_170900","lls_3gpp_rel20_anchor_4ghz_100mhz_waveform_honest_5gnb_50ue_10slot","lls_3gpp_rel20_anchor_4ghz_100mhz_waveform_honest_5gnb_50ue_10slot","a1a414876cde1a5883e2a2ab610e6603ef434ebb5b0a934bfcb8df1260a73d7c","2756cfb",104729,NaN,NaN,NaN,NaN,NaN,NaN,NaN,NaN,NaN,"not_applicable",NaN,NaN,NaN,NaN,NaN,NaN,"not_applicable","not_applicable","sixgr.truth.exportLLSOutputCoverageArtifacts/localBuildEnergyRootCauseTable","implemented","derived_energy_root_cause","not_applicable",1,1
"ue",20,0.236239811744855,5069,46604.8158896933,"active_rx","active_runtime_energy","rf/csv/power_energy_table.csv",1,"webgui_rel20_4ghz_100mhz_5gnb_50ue_10slot_20260417_170900","lls_3gpp_rel20_anchor_4ghz_100mhz_waveform_honest_5gnb_50ue_10slot","lls_3gpp_rel20_anchor_4ghz_100mhz_waveform_honest_5gnb_50ue_10slot","a1a414876cde1a5883e2a2ab610e6603ef434ebb5b0a934bfcb8df1260a73d7c","2756cfb",104729,NaN,NaN,NaN,NaN,NaN,NaN,NaN,NaN,NaN,"not_applicable",NaN,NaN,NaN,NaN,NaN,NaN,"not_applicable","not_applicable","sixgr.truth.exportLLSOutputCoverageArtifacts/localBuildEnergyRootCauseTable","implemented","derived_energy_root_cause","not_applicable",1,1
"ue",21,0.178867358808641,2053,87124.8703403027,"active_rx","active_runtime_energy","rf/csv/power_energy_table.csv",1,"webgui_rel20_4ghz_100mhz_5gnb_50ue_10slot_20260417_170900","lls_3gpp_rel20_anchor_4ghz_100mhz_waveform_honest_5gnb_50ue_10slot","lls_3gpp_rel20_anchor_4ghz_100mhz_waveform_honest_5gnb_50ue_10slot","a1a414876cde1a5883e2a2ab610e6603ef434ebb5b0a934bfcb8df1260a73d7c","2756cfb",104729,NaN,NaN,NaN,NaN,NaN,NaN,NaN,NaN,NaN,"not_applicable",NaN,NaN,NaN,NaN,NaN,NaN,"not_applicable","not_applicable","sixgr.truth.exportLLSOutputCoverageArtifacts/localBuildEnergyRootCauseTable","implemented","derived_energy_root_cause","not_applicable",1,1
"ue",22,0.236239811744855,25181,9381.66918489556,"active_rx","active_runtime_energy","rf/csv/power_energy_table.csv",1,"webgui_rel20_4ghz_100mhz_5gnb_50ue_10slot_20260417_170900","lls_3gpp_rel20_anchor_4ghz_100mhz_waveform_honest_5gnb_50ue_10slot","lls_3gpp_rel20_anchor_4ghz_100mhz_waveform_honest_5gnb_50ue_10slot","a1a414876cde1a5883e2a2ab610e6603ef434ebb5b0a934bfcb8df1260a73d7c","2756cfb",104729,NaN,NaN,NaN,NaN,NaN,NaN,NaN,NaN,NaN,"not_applicable",NaN,NaN,NaN,NaN,NaN,NaN,"not_applicable","not_applicable","sixgr.truth.exportLLSOutputCoverageArtifacts/localBuildEnergyRootCauseTable","implemented","derived_energy_root_cause","not_applicable",1,1
"ue",23,0.236239811744855,5733,41207.0140842238,"active_rx","active_runtime_energy","rf/csv/power_energy_table.csv",1,"webgui_rel20_4ghz_100mhz_5gnb_50ue_10slot_20260417_170900","lls_3gpp_rel20_anchor_4ghz_100mhz_waveform_honest_5gnb_50ue_10slot","lls_3gpp_rel20_anchor_4ghz_100mhz_waveform_honest_5gnb_50ue_10slot","a1a414876cde1a5883e2a2ab610e6603ef434ebb5b0a934bfcb8df1260a73d7c","2756cfb",104729,NaN,NaN,NaN,NaN,NaN,NaN,NaN,NaN,NaN,"not_applicable",NaN,NaN,NaN,NaN,NaN,NaN,"not_applicable","not_applicable","sixgr.truth.exportLLSOutputCoverageArtifacts/localBuildEnergyRootCauseTable","implemented","derived_energy_root_cause","not_applicable",1,1
"ue",24,0.236239811744855,4757,49661.5118235979,"active_rx","active_runtime_energy","rf/csv/power_energy_table.csv",1,"webgui_rel20_4ghz_100mhz_5gnb_50ue_10slot_20260417_170900","lls_3gpp_rel20_anchor_4ghz_100mhz_waveform_honest_5gnb_50ue_10slot","lls_3gpp_rel20_anchor_4ghz_100mhz_waveform_honest_5gnb_50ue_10slot","a1a414876cde1a5883e2a2ab610e6603ef434ebb5b0a934bfcb8df1260a73d7c","2756cfb",104729,NaN,NaN,NaN,NaN,NaN,NaN,NaN,NaN,NaN,"not_applicable",NaN,NaN,NaN,NaN,NaN,NaN,"not_applicable","not_applicable","sixgr.truth.exportLLSOutputCoverageArtifacts/localBuildEnergyRootCauseTable","implemented","derived_energy_root_cause","not_applicable",1,1
"ue",25,0.178867358808641,21781,8212.08203519771,"active_rx","active_runtime_energy","rf/csv/power_energy_table.csv",1,"webgui_rel20_4ghz_100mhz_5gnb_50ue_10slot_20260417_170900","lls_3gpp_rel20_anchor_4ghz_100mhz_waveform_honest_5gnb_50ue_10slot","lls_3gpp_rel20_anchor_4ghz_100mhz_waveform_honest_5gnb_50ue_10slot","a1a414876cde1a5883e2a2ab610e6603ef434ebb5b0a934bfcb8df1260a73d7c","2756cfb",104729,NaN,NaN,NaN,NaN,NaN,NaN,NaN,NaN,NaN,"not_applicable",NaN,NaN,NaN,NaN,NaN,NaN,"not_applicable","not_applicable","sixgr.truth.exportLLSOutputCoverageArtifacts/localBuildEnergyRootCauseTable","implemented","derived_energy_root_cause","not_applicable",1,1
"ue",26,0.236239811744855,25213,9369.76209673007,"active_rx","active_runtime_energy","rf/csv/power_energy_table.csv",1,"webgui_rel20_4ghz_100mhz_5gnb_50ue_10slot_20260417_170900","lls_3gpp_rel20_anchor_4ghz_100mhz_waveform_honest_5gnb_50ue_10slot","lls_3gpp_rel20_anchor_4ghz_100mhz_waveform_honest_5gnb_50ue_10slot","a1a414876cde1a5883e2a2ab610e6603ef434ebb5b0a934bfcb8df1260a73d7c","2756cfb",104729,NaN,NaN,NaN,NaN,NaN,NaN,NaN,NaN,NaN,"not_applicable",NaN,NaN,NaN,NaN,NaN,NaN,"not_applicable","not_applicable","sixgr.truth.exportLLSOutputCoverageArtifacts/localBuildEnergyRootCauseTable","implemented","derived_energy_root_cause","not_applicable",1,1
"ue",27,0.236239811744855,6085,38823.3051347338,"active_rx","active_runtime_energy","rf/csv/power_energy_table.csv",1,"webgui_rel20_4ghz_100mhz_5gnb_50ue_10slot_20260417_170900","lls_3gpp_rel20_anchor_4ghz_100mhz_waveform_honest_5gnb_50ue_10slot","lls_3gpp_rel20_anchor_4ghz_100mhz_waveform_honest_5gnb_50ue_10slot","a1a414876cde1a5883e2a2ab610e6603ef434ebb5b0a934bfcb8df1260a73d7c","2756cfb",104729,NaN,NaN,NaN,NaN,NaN,NaN,NaN,NaN,NaN,"not_applicable",NaN,NaN,NaN,NaN,NaN,NaN,"not_applicable","not_applicable","sixgr.truth.exportLLSOutputCoverageArtifacts/localBuildEnergyRootCauseTable","implemented","derived_energy_root_cause","not_applicable",1,1
"ue",28,0.236239811744855,22085,10696.8445435751,"active_rx","active_runtime_energy","rf/csv/power_energy_table.csv",1,"webgui_rel20_4ghz_100mhz_5gnb_50ue_10slot_20260417_170900","lls_3gpp_rel20_anchor_4ghz_100mhz_waveform_honest_5gnb_50ue_10slot","lls_3gpp_rel20_anchor_4ghz_100mhz_waveform_honest_5gnb_50ue_10slot","a1a414876cde1a5883e2a2ab610e6603ef434ebb5b0a934bfcb8df1260a73d7c","2756cfb",104729,NaN,NaN,NaN,NaN,NaN,NaN,NaN,NaN,NaN,"not_applicable",NaN,NaN,NaN,NaN,NaN,NaN,"not_applicable","not_applicable","sixgr.truth.exportLLSOutputCoverageArtifacts/localBuildEnergyRootCauseTable","implemented","derived_energy_root_cause","not_applicable",1,1
"ue",29,0.178867358808641,33965,5266.22578562171,"active_rx","active_runtime_energy","rf/csv/power_energy_table.csv",1,"webgui_rel20_4ghz_100mhz_5gnb_50ue_10slot_20260417_170900","lls_3gpp_rel20_anchor_4ghz_100mhz_waveform_honest_5gnb_50ue_10slot","lls_3gpp_rel20_anchor_4ghz_100mhz_waveform_honest_5gnb_50ue_10slot","a1a414876cde1a5883e2a2ab610e6603ef434ebb5b0a934bfcb8df1260a73d7c","2756cfb",104729,NaN,NaN,NaN,NaN,NaN,NaN,NaN,NaN,NaN,"not_applicable",NaN,NaN,NaN,NaN,NaN,NaN,"not_applicable","not_applicable","sixgr.truth.exportLLSOutputCoverageArtifacts/localBuildEnergyRootCauseTable","implemented","derived_energy_root_cause","not_applicable",1,1
"ue",3,0.236239811744855,3709,63693.6672269763,"active_rx","active_runtime_energy","rf/csv/power_energy_table.csv",1,"webgui_rel20_4ghz_100mhz_5gnb_50ue_10slot_20260417_170900","lls_3gpp_rel20_anchor_4ghz_100mhz_waveform_honest_5gnb_50ue_10slot","lls_3gpp_rel20_anchor_4ghz_100mhz_waveform_honest_5gnb_50ue_10slot","a1a414876cde1a5883e2a2ab610e6603ef434ebb5b0a934bfcb8df1260a73d7c","2756cfb",104729,NaN,NaN,NaN,NaN,NaN,NaN,NaN,NaN,NaN,"not_applicable",NaN,NaN,NaN,NaN,NaN,NaN,"not_applicable","not_applicable","sixgr.truth.exportLLSOutputCoverageArtifacts/localBuildEnergyRootCauseTable","implemented","derived_energy_root_cause","not_applicable",1,1
"ue",30,0.236239811744855,20237,11673.6577429883,"active_rx","active_runtime_energy","rf/csv/power_energy_table.csv",1,"webgui_rel20_4ghz_100mhz_5gnb_50ue_10slot_20260417_170900","lls_3gpp_rel20_anchor_4ghz_100mhz_waveform_honest_5gnb_50ue_10slot","lls_3gpp_rel20_anchor_4ghz_100mhz_waveform_honest_5gnb_50ue_10slot","a1a414876cde1a5883e2a2ab610e6603ef434ebb5b0a934bfcb8df1260a73d7c","2756cfb",104729,NaN,NaN,NaN,NaN,NaN,NaN,NaN,NaN,NaN,"not_applicable",NaN,NaN,NaN,NaN,NaN,NaN,"not_applicable","not_applicable","sixgr.truth.exportLLSOutputCoverageArtifacts/localBuildEnergyRootCauseTable","implemented","derived_energy_root_cause","not_applicable",1,1
"ue",31,0.236239811744855,20381,11591.1786342601,"active_rx","active_runtime_energy","rf/csv/power_energy_table.csv",1,"webgui_rel20_4ghz_100mhz_5gnb_50ue_10slot_20260417_170900","lls_3gpp_rel20_anchor_4ghz_100mhz_waveform_honest_5gnb_50ue_10slot","lls_3gpp_rel20_anchor_4ghz_100mhz_waveform_honest_5gnb_50ue_10slot","a1a414876cde1a5883e2a2ab610e6603ef434ebb5b0a934bfcb8df1260a73d7c","2756cfb",104729,NaN,NaN,NaN,NaN,NaN,NaN,NaN,NaN,NaN,"not_applicable",NaN,NaN,NaN,NaN,NaN,NaN,"not_applicable","not_applicable","sixgr.truth.exportLLSOutputCoverageArtifacts/localBuildEnergyRootCauseTable","implemented","derived_energy_root_cause","not_applicable",1,1
"ue",32,0.236239811744855,5069,46604.8158896933,"active_rx","active_runtime_energy","rf/csv/power_energy_table.csv",1,"webgui_rel20_4ghz_100mhz_5gnb_50ue_10slot_20260417_170900","lls_3gpp_rel20_anchor_4ghz_100mhz_waveform_honest_5gnb_50ue_10slot","lls_3gpp_rel20_anchor_4ghz_100mhz_waveform_honest_5gnb_50ue_10slot","a1a414876cde1a5883e2a2ab610e6603ef434ebb5b0a934bfcb8df1260a73d7c","2756cfb",104729,NaN,NaN,NaN,NaN,NaN,NaN,NaN,NaN,NaN,"not_applicable",NaN,NaN,NaN,NaN,NaN,NaN,"not_applicable","not_applicable","sixgr.truth.exportLLSOutputCoverageArtifacts/localBuildEnergyRootCauseTable","implemented","derived_energy_root_cause","not_applicable",1,1
"ue",33,0.178867358808641,4757,37600.8742502925,"active_rx","active_runtime_energy","rf/csv/power_energy_table.csv",1,"webgui_rel20_4ghz_100mhz_5gnb_50ue_10slot_20260417_170900","lls_3gpp_rel20_anchor_4ghz_100mhz_waveform_honest_5gnb_50ue_10slot","lls_3gpp_rel20_anchor_4ghz_100mhz_waveform_honest_5gnb_50ue_10slot","a1a414876cde1a5883e2a2ab610e6603ef434ebb5b0a934bfcb8df1260a73d7c","2756cfb",104729,NaN,NaN,NaN,NaN,NaN,NaN,NaN,NaN,NaN,"not_applicable",NaN,NaN,NaN,NaN,NaN,NaN,"not_applicable","not_applicable","sixgr.truth.exportLLSOutputCoverageArtifacts/localBuildEnergyRootCauseTable","implemented","derived_energy_root_cause","not_applicable",1,1
"ue",34,0.236239811744855,2229,105984.662065884,"active_rx","active_runtime_energy","rf/csv/power_energy_table.csv",1,"webgui_rel20_4ghz_100mhz_5gnb_50ue_10slot_20260417_170900","lls_3gpp_rel20_anchor_4ghz_100mhz_waveform_honest_5gnb_50ue_10slot","lls_3gpp_rel20_anchor_4ghz_100mhz_waveform_honest_5gnb_50ue_10slot","a1a414876cde1a5883e2a2ab610e6603ef434ebb5b0a934bfcb8df1260a73d7c","2756cfb",104729,NaN,NaN,NaN,NaN,NaN,NaN,NaN,NaN,NaN,"not_applicable",NaN,NaN,NaN,NaN,NaN,NaN,"not_applicable","not_applicable","sixgr.truth.exportLLSOutputCoverageArtifacts/localBuildEnergyRootCauseTable","implemented","derived_energy_root_cause","not_applicable",1,1
"ue",35,0.236239811744855,24245,9743.85694967437,"active_rx","active_runtime_energy","rf/csv/power_energy_table.csv",1,"webgui_rel20_4ghz_100mhz_5gnb_50ue_10slot_20260417_170900","lls_3gpp_rel20_anchor_4ghz_100mhz_waveform_honest_5gnb_50ue_10slot","lls_3gpp_rel20_anchor_4ghz_100mhz_waveform_honest_5gnb_50ue_10slot","a1a414876cde1a5883e2a2ab610e6603ef434ebb5b0a934bfcb8df1260a73d7c","2756cfb",104729,NaN,NaN,NaN,NaN,NaN,NaN,NaN,NaN,NaN,"not_applicable",NaN,NaN,NaN,NaN,NaN,NaN,"not_applicable","not_applicable","sixgr.truth.exportLLSOutputCoverageArtifacts/localBuildEnergyRootCauseTable","implemented","derived_energy_root_cause","not_applicable",1,1
"ue",36,0.236239811744855,4661,50684.3620993038,"active_rx","active_runtime_energy","rf/csv/power_energy_table.csv",1,"webgui_rel20_4ghz_100mhz_5gnb_50ue_10slot_20260417_170900","lls_3gpp_rel20_anchor_4ghz_100mhz_waveform_honest_5gnb_50ue_10slot","lls_3gpp_rel20_anchor_4ghz_100mhz_waveform_honest_5gnb_50ue_10slot","a1a414876cde1a5883e2a2ab610e6603ef434ebb5b0a934bfcb8df1260a73d7c","2756cfb",104729,NaN,NaN,NaN,NaN,NaN,NaN,NaN,NaN,NaN,"not_applicable",NaN,NaN,NaN,NaN,NaN,NaN,"not_applicable","not_applicable","sixgr.truth.exportLLSOutputCoverageArtifacts/localBuildEnergyRootCauseTable","implemented","derived_energy_root_cause","not_applicable",1,1
"ue",37,0.178867358808641,5893,30352.5129490313,"active_rx","active_runtime_energy","rf/csv/power_energy_table.csv",1,"webgui_rel20_4ghz_100mhz_5gnb_50ue_10slot_20260417_170900","lls_3gpp_rel20_anchor_4ghz_100mhz_waveform_honest_5gnb_50ue_10slot","lls_3gpp_rel20_anchor_4ghz_100mhz_waveform_honest_5gnb_50ue_10slot","a1a414876cde1a5883e2a2ab610e6603ef434ebb5b0a934bfcb8df1260a73d7c","2756cfb",104729,NaN,NaN,NaN,NaN,NaN,NaN,NaN,NaN,NaN,"not_applicable",NaN,NaN,NaN,NaN,NaN,NaN,"not_applicable","not_applicable","sixgr.truth.exportLLSOutputCoverageArtifacts/localBuildEnergyRootCauseTable","implemented","derived_energy_root_cause","not_applicable",1,1
"ue",38,0.236239811744855,50669,4662.41314699037,"active_rx","active_runtime_energy","rf/csv/power_energy_table.csv",1,"webgui_rel20_4ghz_100mhz_5gnb_50ue_10slot_20260417_170900","lls_3gpp_rel20_anchor_4ghz_100mhz_waveform_honest_5gnb_50ue_10slot","lls_3gpp_rel20_anchor_4ghz_100mhz_waveform_honest_5gnb_50ue_10slot","a1a414876cde1a5883e2a2ab610e6603ef434ebb5b0a934bfcb8df1260a73d7c","2756cfb",104729,NaN,NaN,NaN,NaN,NaN,NaN,NaN,NaN,NaN,"not_applicable",NaN,NaN,NaN,NaN,NaN,NaN,"not_applicable","not_applicable","sixgr.truth.exportLLSOutputCoverageArtifacts/localBuildEnergyRootCauseTable","implemented","derived_energy_root_cause","not_applicable",1,1
"ue",39,0.236239811744855,4357,54220.7509168821,"active_rx","active_runtime_energy","rf/csv/power_energy_table.csv",1,"webgui_rel20_4ghz_100mhz_5gnb_50ue_10slot_20260417_170900","lls_3gpp_rel20_anchor_4ghz_100mhz_waveform_honest_5gnb_50ue_10slot","lls_3gpp_rel20_anchor_4ghz_100mhz_waveform_honest_5gnb_50ue_10slot","a1a414876cde1a5883e2a2ab610e6603ef434ebb5b0a934bfcb8df1260a73d7c","2756cfb",104729,NaN,NaN,NaN,NaN,NaN,NaN,NaN,NaN,NaN,"not_applicable",NaN,NaN,NaN,NaN,NaN,NaN,"not_applicable","not_applicable","sixgr.truth.exportLLSOutputCoverageArtifacts/localBuildEnergyRootCauseTable","implemented","derived_energy_root_cause","not_applicable",1,1
"ue",4,0.236239811744855,7397,31937.246416771,"active_rx","active_runtime_energy","rf/csv/power_energy_table.csv",1,"webgui_rel20_4ghz_100mhz_5gnb_50ue_10slot_20260417_170900","lls_3gpp_rel20_anchor_4ghz_100mhz_waveform_honest_5gnb_50ue_10slot","lls_3gpp_rel20_anchor_4ghz_100mhz_waveform_honest_5gnb_50ue_10slot","a1a414876cde1a5883e2a2ab610e6603ef434ebb5b0a934bfcb8df1260a73d7c","2756cfb",104729,NaN,NaN,NaN,NaN,NaN,NaN,NaN,NaN,NaN,"not_applicable",NaN,NaN,NaN,NaN,NaN,NaN,"not_applicable","not_applicable","sixgr.truth.exportLLSOutputCoverageArtifacts/localBuildEnergyRootCauseTable","implemented","derived_energy_root_cause","not_applicable",1,1
"ue",40,0.236239811744855,30693,7696.86285944206,"active_rx","active_runtime_energy","rf/csv/power_energy_table.csv",1,"webgui_rel20_4ghz_100mhz_5gnb_50ue_10slot_20260417_170900","lls_3gpp_rel20_anchor_4ghz_100mhz_waveform_honest_5gnb_50ue_10slot","lls_3gpp_rel20_anchor_4ghz_100mhz_waveform_honest_5gnb_50ue_10slot","a1a414876cde1a5883e2a2ab610e6603ef434ebb5b0a934bfcb8df1260a73d7c","2756cfb",104729,NaN,NaN,NaN,NaN,NaN,NaN,NaN,NaN,NaN,"not_applicable",NaN,NaN,NaN,NaN,NaN,NaN,"not_applicable","not_applicable","sixgr.truth.exportLLSOutputCoverageArtifacts/localBuildEnergyRootCauseTable","implemented","derived_energy_root_cause","not_applicable",1,1
"ue",41,0.178867358808641,6821,26223.0404352208,"active_rx","active_runtime_energy","rf/csv/power_energy_table.csv",1,"webgui_rel20_4ghz_100mhz_5gnb_50ue_10slot_20260417_170900","lls_3gpp_rel20_anchor_4ghz_100mhz_waveform_honest_5gnb_50ue_10slot","lls_3gpp_rel20_anchor_4ghz_100mhz_waveform_honest_5gnb_50ue_10slot","a1a414876cde1a5883e2a2ab610e6603ef434ebb5b0a934bfcb8df1260a73d7c","2756cfb",104729,NaN,NaN,NaN,NaN,NaN,NaN,NaN,NaN,NaN,"not_applicable",NaN,NaN,NaN,NaN,NaN,NaN,"not_applicable","not_applicable","sixgr.truth.exportLLSOutputCoverageArtifacts/localBuildEnergyRootCauseTable","implemented","derived_energy_root_cause","not_applicable",1,1
"ue",42,0.236239811744855,3677,64247.9770859002,"active_rx","active_runtime_energy","rf/csv/power_energy_table.csv",1,"webgui_rel20_4ghz_100mhz_5gnb_50ue_10slot_20260417_170900","lls_3gpp_rel20_anchor_4ghz_100mhz_waveform_honest_5gnb_50ue_10slot","lls_3gpp_rel20_anchor_4ghz_100mhz_waveform_honest_5gnb_50ue_10slot","a1a414876cde1a5883e2a2ab610e6603ef434ebb5b0a934bfcb8df1260a73d7c","2756cfb",104729,NaN,NaN,NaN,NaN,NaN,NaN,NaN,NaN,NaN,"not_applicable",NaN,NaN,NaN,NaN,NaN,NaN,"not_applicable","not_applicable","sixgr.truth.exportLLSOutputCoverageArtifacts/localBuildEnergyRootCauseTable","implemented","derived_energy_root_cause","not_applicable",1,1
"ue",43,0.236239811744855,5733,41207.0140842238,"active_rx","active_runtime_energy","rf/csv/power_energy_table.csv",1,"webgui_rel20_4ghz_100mhz_5gnb_50ue_10slot_20260417_170900","lls_3gpp_rel20_anchor_4ghz_100mhz_waveform_honest_5gnb_50ue_10slot","lls_3gpp_rel20_anchor_4ghz_100mhz_waveform_honest_5gnb_50ue_10slot","a1a414876cde1a5883e2a2ab610e6603ef434ebb5b0a934bfcb8df1260a73d7c","2756cfb",104729,NaN,NaN,NaN,NaN,NaN,NaN,NaN,NaN,NaN,"not_applicable",NaN,NaN,NaN,NaN,NaN,NaN,"not_applicable","not_applicable","sixgr.truth.exportLLSOutputCoverageArtifacts/localBuildEnergyRootCauseTable","implemented","derived_energy_root_cause","not_applicable",1,1
"ue",44,0.236239811744855,27397,8622.83504562015,"active_rx","active_runtime_energy","rf/csv/power_energy_table.csv",1,"webgui_rel20_4ghz_100mhz_5gnb_50ue_10slot_20260417_170900","lls_3gpp_rel20_anchor_4ghz_100mhz_waveform_honest_5gnb_50ue_10slot","lls_3gpp_rel20_anchor_4ghz_100mhz_waveform_honest_5gnb_50ue_10slot","a1a414876cde1a5883e2a2ab610e6603ef434ebb5b0a934bfcb8df1260a73d7c","2756cfb",104729,NaN,NaN,NaN,NaN,NaN,NaN,NaN,NaN,NaN,"not_applicable",NaN,NaN,NaN,NaN,NaN,NaN,"not_applicable","not_applicable","sixgr.truth.exportLLSOutputCoverageArtifacts/localBuildEnergyRootCauseTable","implemented","derived_energy_root_cause","not_applicable",1,1
"ue",45,0.178867358808641,7397,24181.0678394811,"active_rx","active_runtime_energy","rf/csv/power_energy_table.csv",1,"webgui_rel20_4ghz_100mhz_5gnb_50ue_10slot_20260417_170900","lls_3gpp_rel20_anchor_4ghz_100mhz_waveform_honest_5gnb_50ue_10slot","lls_3gpp_rel20_anchor_4ghz_100mhz_waveform_honest_5gnb_50ue_10slot","a1a414876cde1a5883e2a2ab610e6603ef434ebb5b0a934bfcb8df1260a73d7c","2756cfb",104729,NaN,NaN,NaN,NaN,NaN,NaN,NaN,NaN,NaN,"not_applicable",NaN,NaN,NaN,NaN,NaN,NaN,"not_applicable","not_applicable","sixgr.truth.exportLLSOutputCoverageArtifacts/localBuildEnergyRootCauseTable","implemented","derived_energy_root_cause","not_applicable",1,1
"ue",46,0.119994905872428,3467,34610.5872144296,"active_rx","active_runtime_energy","rf/csv/power_energy_table.csv",1,"webgui_rel20_4ghz_100mhz_5gnb_50ue_10slot_20260417_170900","lls_3gpp_rel20_anchor_4ghz_100mhz_waveform_honest_5gnb_50ue_10slot","lls_3gpp_rel20_anchor_4ghz_100mhz_waveform_honest_5gnb_50ue_10slot","a1a414876cde1a5883e2a2ab610e6603ef434ebb5b0a934bfcb8df1260a73d7c","2756cfb",104729,NaN,NaN,NaN,NaN,NaN,NaN,NaN,NaN,NaN,"not_applicable",NaN,NaN,NaN,NaN,NaN,NaN,"not_applicable","not_applicable","sixgr.truth.exportLLSOutputCoverageArtifacts/localBuildEnergyRootCauseTable","implemented","derived_energy_root_cause","not_applicable",1,1
"ue",47,0.236239811744855,29805,7926.18056516877,"active_rx","active_runtime_energy","rf/csv/power_energy_table.csv",1,"webgui_rel20_4ghz_100mhz_5gnb_50ue_10slot_20260417_170900","lls_3gpp_rel20_anchor_4ghz_100mhz_waveform_honest_5gnb_50ue_10slot","lls_3gpp_rel20_anchor_4ghz_100mhz_waveform_honest_5gnb_50ue_10slot","a1a414876cde1a5883e2a2ab610e6603ef434ebb5b0a934bfcb8df1260a73d7c","2756cfb",104729,NaN,NaN,NaN,NaN,NaN,NaN,NaN,NaN,NaN,"not_applicable",NaN,NaN,NaN,NaN,NaN,NaN,"not_applicable","not_applicable","sixgr.truth.exportLLSOutputCoverageArtifacts/localBuildEnergyRootCauseTable","implemented","derived_energy_root_cause","not_applicable",1,1
"ue",48,0.119994905872428,1667,71982.5470140537,"active_rx","active_runtime_energy","rf/csv/power_energy_table.csv",1,"webgui_rel20_4ghz_100mhz_5gnb_50ue_10slot_20260417_170900","lls_3gpp_rel20_anchor_4ghz_100mhz_waveform_honest_5gnb_50ue_10slot","lls_3gpp_rel20_anchor_4ghz_100mhz_waveform_honest_5gnb_50ue_10slot","a1a414876cde1a5883e2a2ab610e6603ef434ebb5b0a934bfcb8df1260a73d7c","2756cfb",104729,NaN,NaN,NaN,NaN,NaN,NaN,NaN,NaN,NaN,"not_applicable",NaN,NaN,NaN,NaN,NaN,NaN,"not_applicable","not_applicable","sixgr.truth.exportLLSOutputCoverageArtifacts/localBuildEnergyRootCauseTable","implemented","derived_energy_root_cause","not_applicable",1,1
"ue",49,0.178867358808641,25181,7103.26670142732,"active_rx","active_runtime_energy","rf/csv/power_energy_table.csv",1,"webgui_rel20_4ghz_100mhz_5gnb_50ue_10slot_20260417_170900","lls_3gpp_rel20_anchor_4ghz_100mhz_waveform_honest_5gnb_50ue_10slot","lls_3gpp_rel20_anchor_4ghz_100mhz_waveform_honest_5gnb_50ue_10slot","a1a414876cde1a5883e2a2ab610e6603ef434ebb5b0a934bfcb8df1260a73d7c","2756cfb",104729,NaN,NaN,NaN,NaN,NaN,NaN,NaN,NaN,NaN,"not_applicable",NaN,NaN,NaN,NaN,NaN,NaN,"not_applicable","not_applicable","sixgr.truth.exportLLSOutputCoverageArtifacts/localBuildEnergyRootCauseTable","implemented","derived_energy_root_cause","not_applicable",1,1
"ue",5,0.178867358808641,30309,5901.46025301532,"active_rx","active_runtime_energy","rf/csv/power_energy_table.csv",1,"webgui_rel20_4ghz_100mhz_5gnb_50ue_10slot_20260417_170900","lls_3gpp_rel20_anchor_4ghz_100mhz_waveform_honest_5gnb_50ue_10slot","lls_3gpp_rel20_anchor_4ghz_100mhz_waveform_honest_5gnb_50ue_10slot","a1a414876cde1a5883e2a2ab610e6603ef434ebb5b0a934bfcb8df1260a73d7c","2756cfb",104729,NaN,NaN,NaN,NaN,NaN,NaN,NaN,NaN,NaN,"not_applicable",NaN,NaN,NaN,NaN,NaN,NaN,"not_applicable","not_applicable","sixgr.truth.exportLLSOutputCoverageArtifacts/localBuildEnergyRootCauseTable","implemented","derived_energy_root_cause","not_applicable",1,1
"ue",50,0.236239811744855,35525,6649.95951428164,"active_rx","active_runtime_energy","rf/csv/power_energy_table.csv",1,"webgui_rel20_4ghz_100mhz_5gnb_50ue_10slot_20260417_170900","lls_3gpp_rel20_anchor_4ghz_100mhz_waveform_honest_5gnb_50ue_10slot","lls_3gpp_rel20_anchor_4ghz_100mhz_waveform_honest_5gnb_50ue_10slot","a1a414876cde1a5883e2a2ab610e6603ef434ebb5b0a934bfcb8df1260a73d7c","2756cfb",104729,NaN,NaN,NaN,NaN,NaN,NaN,NaN,NaN,NaN,"not_applicable",NaN,NaN,NaN,NaN,NaN,NaN,"not_applicable","not_applicable","sixgr.truth.exportLLSOutputCoverageArtifacts/localBuildEnergyRootCauseTable","implemented","derived_energy_root_cause","not_applicable",1,1
"ue",6,0.236239811744855,4637,50946.6922029017,"active_rx","active_runtime_energy","rf/csv/power_energy_table.csv",1,"webgui_rel20_4ghz_100mhz_5gnb_50ue_10slot_20260417_170900","lls_3gpp_rel20_anchor_4ghz_100mhz_waveform_honest_5gnb_50ue_10slot","lls_3gpp_rel20_anchor_4ghz_100mhz_waveform_honest_5gnb_50ue_10slot","a1a414876cde1a5883e2a2ab610e6603ef434ebb5b0a934bfcb8df1260a73d7c","2756cfb",104729,NaN,NaN,NaN,NaN,NaN,NaN,NaN,NaN,NaN,"not_applicable",NaN,NaN,NaN,NaN,NaN,NaN,"not_applicable","not_applicable","sixgr.truth.exportLLSOutputCoverageArtifacts/localBuildEnergyRootCauseTable","implemented","derived_energy_root_cause","not_applicable",1,1
"ue",7,0.236239811744855,4253,55546.6286726676,"active_rx","active_runtime_energy","rf/csv/power_energy_table.csv",1,"webgui_rel20_4ghz_100mhz_5gnb_50ue_10slot_20260417_170900","lls_3gpp_rel20_anchor_4ghz_100mhz_waveform_honest_5gnb_50ue_10slot","lls_3gpp_rel20_anchor_4ghz_100mhz_waveform_honest_5gnb_50ue_10slot","a1a414876cde1a5883e2a2ab610e6603ef434ebb5b0a934bfcb8df1260a73d7c","2756cfb",104729,NaN,NaN,NaN,NaN,NaN,NaN,NaN,NaN,NaN,"not_applicable",NaN,NaN,NaN,NaN,NaN,NaN,"not_applicable","not_applicable","sixgr.truth.exportLLSOutputCoverageArtifacts/localBuildEnergyRootCauseTable","implemented","derived_energy_root_cause","not_applicable",1,1
"ue",8,0.236239811744855,3725,63420.083689894,"active_rx","active_runtime_energy","rf/csv/power_energy_table.csv",1,"webgui_rel20_4ghz_100mhz_5gnb_50ue_10slot_20260417_170900","lls_3gpp_rel20_anchor_4ghz_100mhz_waveform_honest_5gnb_50ue_10slot","lls_3gpp_rel20_anchor_4ghz_100mhz_waveform_honest_5gnb_50ue_10slot","a1a414876cde1a5883e2a2ab610e6603ef434ebb5b0a934bfcb8df1260a73d7c","2756cfb",104729,NaN,NaN,NaN,NaN,NaN,NaN,NaN,NaN,NaN,"not_applicable",NaN,NaN,NaN,NaN,NaN,NaN,"not_applicable","not_applicable","sixgr.truth.exportLLSOutputCoverageArtifacts/localBuildEnergyRootCauseTable","implemented","derived_energy_root_cause","not_applicable",1,1
"ue",9,0.178867358808641,2733,65447.2589859647,"active_rx","active_runtime_energy","rf/csv/power_energy_table.csv",1,"webgui_rel20_4ghz_100mhz_5gnb_50ue_10slot_20260417_170900","lls_3gpp_rel20_anchor_4ghz_100mhz_waveform_honest_5gnb_50ue_10slot","lls_3gpp_rel20_anchor_4ghz_100mhz_waveform_honest_5gnb_50ue_10slot","a1a414876cde1a5883e2a2ab610e6603ef434ebb5b0a934bfcb8df1260a73d7c","2756cfb",104729,NaN,NaN,NaN,NaN,NaN,NaN,NaN,NaN,NaN,"not_applicable",NaN,NaN,NaN,NaN,NaN,NaN,"not_applicable","not_applicable","sixgr.truth.exportLLSOutputCoverageArtifacts/localBuildEnergyRootCauseTable","implemented","derived_energy_root_cause","not_applicable",1,1
