FamilyID,ExperimentID,Variant,PreambleFormat,RestrictedSet,ZCZ,Msg1FDM,RODensity,DetectionProbability,FalseAlarmProbability,TimingRMSE_samples,CollisionProbability,Status
F01,F01-P01-B,baseline,0,UnrestrictedSet,0,1,1,1,0,0,0,PASS
F01,F01-P01-T,treatment,0,UnrestrictedSet,0,1,1,1,0,0,0,PASS
F01,F01-P02-B,baseline,0,UnrestrictedSet,0,1,1,1,0,0,0,PASS
F01,F01-P02-T,treatment,0,UnrestrictedSet,0,1,1,1,0,0,0,PASS
F01,F01-P03-B,baseline,0,UnrestrictedSet,0,1,1,1,0,0,0,PASS
F01,F01-P03-T,treatment,0,UnrestrictedSet,0,1,1,1,0,0,0,PASS
F01,F01-P04-B,baseline,0,UnrestrictedSet,0,1,1,1,0,0,0,PASS
F01,F01-P04-T,treatment,0,UnrestrictedSet,0,1,1,1,0,0,0,PASS
F01,F01-P05-B,baseline,0,UnrestrictedSet,0,1,1,1,0,0,0,PASS
F01,F01-P05-T,treatment,0,UnrestrictedSet,0,1,1,1,0,0,0,PASS
F01,F01-P06-B,baseline,0,UnrestrictedSet,0,1,1,1,0,0,0,PASS
F01,F01-P06-T,treatment,0,UnrestrictedSet,0,1,1,1,0,0,0,PASS
F02,F02-P01-B,baseline,0,UnrestrictedSet,0,1,1,1,0,0,0,PASS
F02,F02-P01-T,treatment,0,UnrestrictedSet,0,1,1,1,0,0,0,PASS
F02,F02-P02-B,baseline,0,UnrestrictedSet,0,1,1,1,0,0,0,PASS
F02,F02-P02-T,treatment,0,UnrestrictedSet,0,1,1,1,0,0,0,PASS
F02,F02-P03-B,baseline,0,UnrestrictedSet,0,1,1,1,0,0,0,PASS
F02,F02-P03-T,treatment,0,UnrestrictedSet,0,1,1,1,0,0,0,PASS
F02,F02-P04-B,baseline,0,UnrestrictedSet,0,1,1,1,0,0,0,PASS
F02,F02-P04-T,treatment,0,UnrestrictedSet,0,1,1,1,0,0,0,PASS
F02,F02-P05-B,baseline,0,UnrestrictedSet,0,1,1,1,0,0,0,PASS
F02,F02-P05-T,treatment,0,UnrestrictedSet,0,1,1,1,0,0,0,PASS
F02,F02-P06-B,baseline,0,UnrestrictedSet,0,1,1,1,0,0,0,PASS
F02,F02-P06-T,treatment,0,UnrestrictedSet,0,1,1,1,0,0,0,PASS
F03,F03-P01-B,baseline,0,UnrestrictedSet,0,1,1,1,0,0,0,PASS
F03,F03-P01-T,treatment,0,UnrestrictedSet,0,1,1,1,0,0,0,PASS
F03,F03-P02-B,baseline,0,UnrestrictedSet,0,1,1,1,0,0,0,PASS
F03,F03-P02-T,treatment,0,UnrestrictedSet,0,1,1,1,0,0,0,PASS
F03,F03-P03-B,baseline,0,UnrestrictedSet,0,1,1,1,0,0,0,PASS
F03,F03-P03-T,treatment,0,UnrestrictedSet,0,1,1,1,0,0,0,PASS
F03,F03-P04-B,baseline,0,UnrestrictedSet,0,1,1,1,0,0,0,PASS
F03,F03-P04-T,treatment,0,UnrestrictedSet,0,1,1,1,0,0,0,PASS
F03,F03-P05-B,baseline,0,UnrestrictedSet,0,1,1,1,0,0,0,PASS
F03,F03-P05-T,treatment,0,UnrestrictedSet,0,1,1,1,0,0,0,PASS
F03,F03-P06-B,baseline,0,UnrestrictedSet,0,1,1,1,0,0,0,PASS
F03,F03-P06-T,treatment,0,UnrestrictedSet,0,1,1,1,0,0,0,PASS
F04,F04-P01-B,baseline,0,UnrestrictedSet,0,1,1,1,0,0,0,PASS
F04,F04-P01-T,treatment,0,UnrestrictedSet,0,1,1,1,0,0,0,PASS
F04,F04-P02-B,baseline,0,UnrestrictedSet,0,1,1,1,0,0,0,PASS
F04,F04-P02-T,treatment,0,UnrestrictedSet,0,1,1,1,0,0,0,PASS
F04,F04-P03-B,baseline,0,UnrestrictedSet,0,1,1,1,0,0,0,PASS
F04,F04-P03-T,treatment,0,UnrestrictedSet,0,1,1,1,0,0,0,PASS
F04,F04-P04-B,baseline,0,UnrestrictedSet,0,1,1,1,0,0,0,PASS
F04,F04-P04-T,treatment,0,UnrestrictedSet,0,1,1,1,0,0,0,PASS
F04,F04-P05-B,baseline,0,UnrestrictedSet,0,1,1,1,0,0,0,PASS
F04,F04-P05-T,treatment,0,UnrestrictedSet,0,1,1,1,0,0,0,PASS
F04,F04-P06-B,baseline,0,UnrestrictedSet,0,1,1,1,0,0,0,PASS
F04,F04-P06-T,treatment,0,UnrestrictedSet,0,1,1,1,0,0,0,PASS
F05,F05-P01-B,baseline,0,UnrestrictedSet,0,1,1,1,0,0,0,PASS
F05,F05-P01-T,treatment,0,UnrestrictedSet,0,1,1,1,0,0,0,PASS
F05,F05-P02-B,baseline,0,UnrestrictedSet,0,1,1,1,0,0,0,PASS
F05,F05-P02-T,treatment,0,UnrestrictedSet,0,1,1,1,0,0,0,PASS
F05,F05-P03-B,baseline,0,UnrestrictedSet,0,1,1,1,0,0,0,PASS
F05,F05-P03-T,treatment,0,UnrestrictedSet,0,1,1,1,0,0,0,PASS
F05,F05-P04-B,baseline,0,UnrestrictedSet,0,1,1,1,0,0,0,PASS
F05,F05-P04-T,treatment,0,UnrestrictedSet,0,1,1,1,0,0,0,PASS
F05,F05-P05-B,baseline,0,UnrestrictedSet,0,1,1,1,0,0,0,PASS
F05,F05-P05-T,treatment,0,UnrestrictedSet,0,1,1,1,0,0,0,PASS
F05,F05-P06-B,baseline,0,UnrestrictedSet,0,1,1,1,0,0,0,PASS
F05,F05-P06-T,treatment,0,UnrestrictedSet,0,1,1,1,0,0,0,PASS
F06,F06-P01-B,baseline,0,UnrestrictedSet,0,1,1,1,0,0,0,PASS
F06,F06-P01-T,treatment,0,UnrestrictedSet,0,1,1,1,0,0,0,PASS
F06,F06-P02-B,baseline,0,UnrestrictedSet,0,1,1,1,0,0,0,PASS
F06,F06-P02-T,treatment,0,UnrestrictedSet,0,1,1,1,0,0,0,PASS
F06,F06-P03-B,baseline,0,UnrestrictedSet,0,1,1,1,0,0,0,PASS
F06,F06-P03-T,treatment,0,UnrestrictedSet,0,1,1,1,0,0,0,PASS
F06,F06-P04-B,baseline,0,UnrestrictedSet,0,1,1,1,0,0,0,PASS
F06,F06-P04-T,treatment,0,UnrestrictedSet,0,1,1,1,0,0,0,PASS
F06,F06-P05-B,baseline,0,UnrestrictedSet,0,1,1,1,0,0,0,PASS
F06,F06-P05-T,treatment,0,UnrestrictedSet,0,1,1,1,0,0,0,PASS
F06,F06-P06-B,baseline,0,UnrestrictedSet,0,1,1,1,0,0,0,PASS
F06,F06-P06-T,treatment,0,UnrestrictedSet,0,1,1,1,0,0,0,PASS
F07,F07-P01-B,baseline,0,UnrestrictedSet,0,1,1,1,0,0,0,PASS
F07,F07-P01-T,treatment,0,UnrestrictedSet,0,1,1,1,0,0,0,PASS
F07,F07-P02-B,baseline,0,UnrestrictedSet,0,1,1,1,0,0,0,PASS
F07,F07-P02-T,treatment,0,UnrestrictedSet,0,1,1,1,0,0,0,PASS
F07,F07-P03-B,baseline,0,UnrestrictedSet,0,1,1,1,0,0,0,PASS
F07,F07-P03-T,treatment,0,UnrestrictedSet,0,1,1,1,0,0,0,PASS
F07,F07-P04-B,baseline,0,UnrestrictedSet,0,1,1,1,0,0,0,PASS
F07,F07-P04-T,treatment,0,UnrestrictedSet,0,1,1,1,0,0,0,PASS
F07,F07-P05-B,baseline,0,UnrestrictedSet,0,1,1,1,0,0,0,PASS
F07,F07-P05-T,treatment,0,UnrestrictedSet,0,1,1,1,0,0,0,PASS
F07,F07-P06-B,baseline,0,UnrestrictedSet,0,1,1,1,0,0,0,PASS
F07,F07-P06-T,treatment,0,UnrestrictedSet,0,1,1,1,0,0,0,PASS
F08,F08-P01-B,baseline,0,UnrestrictedSet,0,1,1,1,0,0,0,PASS
F08,F08-P01-T,treatment,0,UnrestrictedSet,0,1,1,1,0,0,0,PASS
F08,F08-P02-B,baseline,0,UnrestrictedSet,0,1,1,1,0,0,0,PASS
F08,F08-P02-T,treatment,0,UnrestrictedSet,0,1,1,1,0,0,0,PASS
F08,F08-P03-B,baseline,0,UnrestrictedSet,0,1,1,1,0,0,0,PASS
F08,F08-P03-T,treatment,0,UnrestrictedSet,0,1,1,1,0,0,0,PASS
F08,F08-P04-B,baseline,0,UnrestrictedSet,0,1,1,1,0,0,0,PASS
F08,F08-P04-T,treatment,0,UnrestrictedSet,0,1,1,1,0,0,0,PASS
F08,F08-P05-B,baseline,0,UnrestrictedSet,0,1,1,1,0,0,0,PASS
F08,F08-P05-T,treatment,0,UnrestrictedSet,0,1,1,1,0,0,0,PASS
F08,F08-P06-B,baseline,0,UnrestrictedSet,0,1,1,1,0,0,0,PASS
F08,F08-P06-T,treatment,0,UnrestrictedSet,0,1,1,1,0,0,0,PASS
F09,F09-P01-B,baseline,0,UnrestrictedSet,0,1,1,1,0,0,0,PASS
F09,F09-P01-T,treatment,0,UnrestrictedSet,0,1,1,1,0,0,0,PASS
F09,F09-P02-B,baseline,0,UnrestrictedSet,0,1,1,1,0,0,0,PASS
F09,F09-P02-T,treatment,0,UnrestrictedSet,0,1,1,1,0,0,0,PASS
F09,F09-P03-B,baseline,0,UnrestrictedSet,0,1,1,1,0,0,0,PASS
F09,F09-P03-T,treatment,0,UnrestrictedSet,0,1,1,1,0,0,0,PASS
F09,F09-P04-B,baseline,0,UnrestrictedSet,0,1,1,1,0,0,0,PASS
F09,F09-P04-T,treatment,0,UnrestrictedSet,0,1,1,1,0,0,0,PASS
F09,F09-P05-B,baseline,0,UnrestrictedSet,0,1,1,1,0,0,0,PASS
F09,F09-P05-T,treatment,0,UnrestrictedSet,0,1,1,1,0,0,0,PASS
F09,F09-P06-B,baseline,0,UnrestrictedSet,0,1,1,1,0,0,0,PASS
F09,F09-P06-T,treatment,0,UnrestrictedSet,0,1,1,1,0,0,0,PASS
F10,F10-P01-B,baseline,0,UnrestrictedSet,0,1,1,1,0,0,0,PASS
F10,F10-P01-T,treatment,0,UnrestrictedSet,0,1,1,1,0,0,0,PASS
F10,F10-P02-B,baseline,0,UnrestrictedSet,0,1,1,1,0,0,0,PASS
F10,F10-P02-T,treatment,0,UnrestrictedSet,0,1,1,1,0,0,0,PASS
F10,F10-P03-B,baseline,0,UnrestrictedSet,0,1,1,1,0,0,0,PASS
F10,F10-P03-T,treatment,0,UnrestrictedSet,0,1,1,1,0,0,0,PASS
F10,F10-P04-B,baseline,0,UnrestrictedSet,0,1,1,1,0,0,0,PASS
F10,F10-P04-T,treatment,0,UnrestrictedSet,0,1,1,1,0,0,0,PASS
F10,F10-P05-B,baseline,0,UnrestrictedSet,0,1,1,1,0,0,0,PASS
F10,F10-P05-T,treatment,0,UnrestrictedSet,0,1,1,1,0,0,0,PASS
F10,F10-P06-B,baseline,0,UnrestrictedSet,0,1,1,1,0,0,0,PASS
F10,F10-P06-T,treatment,0,UnrestrictedSet,0,1,1,1,0,0,0,PASS
F11,F11-P01-B,baseline,0,UnrestrictedSet,0,1,1,1,0,0,0,PASS
F11,F11-P01-T,treatment,0,UnrestrictedSet,0,1,1,1,0,0,0,PASS
F11,F11-P02-B,baseline,0,UnrestrictedSet,0,1,1,1,0,0,0,PASS
F11,F11-P02-T,treatment,0,UnrestrictedSet,0,1,1,1,0,0,0,PASS
F11,F11-P03-B,baseline,0,UnrestrictedSet,0,1,1,1,0,0,0,PASS
F11,F11-P03-T,treatment,0,UnrestrictedSet,0,1,1,1,0,0,0,PASS
F11,F11-P04-B,baseline,0,UnrestrictedSet,0,1,1,1,0,0,0,PASS
F11,F11-P04-T,treatment,0,UnrestrictedSet,0,1,1,1,0,0,0,PASS
F11,F11-P05-B,baseline,0,UnrestrictedSet,0,1,1,1,0,0,0,PASS
F11,F11-P05-T,treatment,0,UnrestrictedSet,0,1,1,1,0,0,0,PASS
F11,F11-P06-B,baseline,0,UnrestrictedSet,0,1,1,1,0,0,0,PASS
F11,F11-P06-T,treatment,0,UnrestrictedSet,0,1,1,1,0,0,0,PASS
F12,F12-P01-B,baseline,0,UnrestrictedSet,0,1,1,1,0,0,0,PASS
F12,F12-P01-T,treatment,0,UnrestrictedSet,0,1,1,1,0,0,0,PASS
F12,F12-P02-B,baseline,0,UnrestrictedSet,0,1,1,1,0,0,0,PASS
F12,F12-P02-T,treatment,0,UnrestrictedSet,0,1,1,1,0,0,0,PASS
F12,F12-P03-B,baseline,0,UnrestrictedSet,0,1,1,1,0,0,0,PASS
F12,F12-P03-T,treatment,0,UnrestrictedSet,0,1,1,1,0,0,0,PASS
F12,F12-P04-B,baseline,0,UnrestrictedSet,0,1,1,1,0,0,0,PASS
F12,F12-P04-T,treatment,0,UnrestrictedSet,0,1,1,1,0,0,0,PASS
F12,F12-P05-B,baseline,0,UnrestrictedSet,0,1,1,1,0,0,0,PASS
F12,F12-P05-T,treatment,0,UnrestrictedSet,0,1,1,1,0,0,0,PASS
F12,F12-P06-B,baseline,0,UnrestrictedSet,0,1,1,1,0,0,0,PASS
F12,F12-P06-T,treatment,0,UnrestrictedSet,0,1,1,1,0,0,0,PASS
F13,F13-P01-B,baseline,0,UnrestrictedSet,0,1,1,1,0,0,0,PASS
F13,F13-P01-T,treatment,0,UnrestrictedSet,0,1,1,1,0,0,0,PASS
F13,F13-P02-B,baseline,0,UnrestrictedSet,0,1,1,1,0,0,0,PASS
F13,F13-P02-T,treatment,0,UnrestrictedSet,0,1,1,1,0,0,0,PASS
F13,F13-P03-B,baseline,0,UnrestrictedSet,0,1,1,1,0,0,0,PASS
F13,F13-P03-T,treatment,0,UnrestrictedSet,0,1,1,1,0,0,0,PASS
F13,F13-P04-B,baseline,0,UnrestrictedSet,0,1,1,1,0,0,0,PASS
F13,F13-P04-T,treatment,0,UnrestrictedSet,0,1,1,1,0,0,0,PASS
F13,F13-P05-B,baseline,0,UnrestrictedSet,0,1,1,1,0,0,0,PASS
F13,F13-P05-T,treatment,0,UnrestrictedSet,0,1,1,1,0,0,0,PASS
F13,F13-P06-B,baseline,0,UnrestrictedSet,0,1,1,1,0,0,0,PASS
F13,F13-P06-T,treatment,0,UnrestrictedSet,0,1,1,1,0,0,0,PASS
F14,F14-P01-B,baseline,0,UnrestrictedSet,0,1,1,1,0,0,0,PASS
F14,F14-P01-T,treatment,0,UnrestrictedSet,0,1,1,1,0,0,0,PASS
F14,F14-P02-B,baseline,0,UnrestrictedSet,0,1,1,1,0,0,0,PASS
F14,F14-P02-T,treatment,0,UnrestrictedSet,0,1,1,1,0,0,0,PASS
F14,F14-P03-B,baseline,0,UnrestrictedSet,0,1,1,1,0,0,0,PASS
F14,F14-P03-T,treatment,0,UnrestrictedSet,0,1,1,1,0,0,0,PASS
F14,F14-P04-B,baseline,0,UnrestrictedSet,0,1,1,1,0,0,0,PASS
F14,F14-P04-T,treatment,0,UnrestrictedSet,0,1,1,1,0,0,0,PASS
F14,F14-P05-B,baseline,0,UnrestrictedSet,0,1,1,1,0,0,0,PASS
F14,F14-P05-T,treatment,0,UnrestrictedSet,0,1,1,1,0,0,0,PASS
F14,F14-P06-B,baseline,0,UnrestrictedSet,0,1,1,1,0,0,0,PASS
F14,F14-P06-T,treatment,0,UnrestrictedSet,0,1,1,1,0,0,0,PASS
F15,F15-P01-B,baseline,0,UnrestrictedSet,0,1,1,1,0,0,0,PASS
F15,F15-P01-T,treatment,0,UnrestrictedSet,0,1,1,1,0,0,0,PASS
F15,F15-P02-B,baseline,0,UnrestrictedSet,0,1,1,1,0,0,0,PASS
F15,F15-P02-T,treatment,0,UnrestrictedSet,0,1,1,1,0,0,0,PASS
F15,F15-P03-B,baseline,0,UnrestrictedSet,0,1,1,1,0,0,0,PASS
F15,F15-P03-T,treatment,0,UnrestrictedSet,0,1,1,1,0,0,0,PASS
F15,F15-P04-B,baseline,0,UnrestrictedSet,0,1,1,1,0,0,0,PASS
F15,F15-P04-T,treatment,0,UnrestrictedSet,0,1,1,1,0,0,0,PASS
F15,F15-P05-B,baseline,0,UnrestrictedSet,0,1,1,1,0,0,0,PASS
F15,F15-P05-T,treatment,0,UnrestrictedSet,0,1,1,1,0,0,0,PASS
F15,F15-P06-B,baseline,0,UnrestrictedSet,0,1,1,1,0,0,0,PASS
F15,F15-P06-T,treatment,0,UnrestrictedSet,0,1,1,1,0,0,0,PASS
F16,F16-P01-B,baseline,0,UnrestrictedSet,0,1,1,1,0,0,0,PASS
F16,F16-P01-T,treatment,0,UnrestrictedSet,0,1,1,1,0,0,0,PASS
F16,F16-P02-B,baseline,0,UnrestrictedSet,0,1,1,1,0,0,0,PASS
F16,F16-P02-T,treatment,0,UnrestrictedSet,0,1,1,1,0,0,0,PASS
F16,F16-P03-B,baseline,0,UnrestrictedSet,0,1,1,1,0,0,0,PASS
F16,F16-P03-T,treatment,0,UnrestrictedSet,0,1,1,1,0,0,0,PASS
F16,F16-P04-B,baseline,0,UnrestrictedSet,0,1,1,1,0,0,0,PASS
F16,F16-P04-T,treatment,0,UnrestrictedSet,0,1,1,1,0,0,0,PASS
F16,F16-P05-B,baseline,0,UnrestrictedSet,0,1,1,1,0,0,0,PASS
F16,F16-P05-T,treatment,0,UnrestrictedSet,0,1,1,1,0,0,0,PASS
F16,F16-P06-B,baseline,0,UnrestrictedSet,0,1,1,1,0,0,0,PASS
F16,F16-P06-T,treatment,0,UnrestrictedSet,0,1,1,1,0,0,0,PASS
F17,F17-P01-B,baseline,0,UnrestrictedSet,0,1,1,1,0,0,0,PASS
F17,F17-P01-T,treatment,0,UnrestrictedSet,0,1,1,1,0,0,0,PASS
F17,F17-P02-B,baseline,0,UnrestrictedSet,0,1,1,1,0,0,0,PASS
F17,F17-P02-T,treatment,0,UnrestrictedSet,0,1,1,1,0,0,0,PASS
F17,F17-P03-B,baseline,0,UnrestrictedSet,0,1,1,1,0,0,0,PASS
F17,F17-P03-T,treatment,0,UnrestrictedSet,0,1,1,1,0,0,0,PASS
F17,F17-P04-B,baseline,0,UnrestrictedSet,0,1,1,1,0,0,0,PASS
F17,F17-P04-T,treatment,0,UnrestrictedSet,0,1,1,1,0,0,0,PASS
F17,F17-P05-B,baseline,0,UnrestrictedSet,0,1,1,1,0,0,0,PASS
F17,F17-P05-T,treatment,0,UnrestrictedSet,0,1,1,1,0,0,0,PASS
F17,F17-P06-B,baseline,0,UnrestrictedSet,0,1,1,1,0,0,0,PASS
F17,F17-P06-T,treatment,0,UnrestrictedSet,0,1,1,1,0,0,0,PASS
F18,F18-P01-B,baseline,0,UnrestrictedSet,0,1,1,1,0,0,0,PASS
F18,F18-P01-T,treatment,0,UnrestrictedSet,0,1,1,1,0,0,0,PASS
F18,F18-P02-B,baseline,0,UnrestrictedSet,0,1,1,1,0,0,0,PASS
F18,F18-P02-T,treatment,0,UnrestrictedSet,0,1,1,1,0,0,0,PASS
F18,F18-P03-B,baseline,0,UnrestrictedSet,0,1,1,1,0,0,0,PASS
F18,F18-P03-T,treatment,0,UnrestrictedSet,0,1,1,1,0,0,0,PASS
F18,F18-P04-B,baseline,0,UnrestrictedSet,0,1,1,1,0,0,0,PASS
F18,F18-P04-T,treatment,0,UnrestrictedSet,0,1,1,1,0,0,0,PASS
F18,F18-P05-B,baseline,0,UnrestrictedSet,0,1,1,1,0,0,0,PASS
F18,F18-P05-T,treatment,0,UnrestrictedSet,0,1,1,1,0,0,0,PASS
F18,F18-P06-B,baseline,0,UnrestrictedSet,0,1,1,1,0,0,0,PASS
F18,F18-P06-T,treatment,0,UnrestrictedSet,0,1,1,1,0,0,0,PASS
F19,F19-P01-B,baseline,0,UnrestrictedSet,0,1,1,1,0,0,0,PASS
F19,F19-P01-T,treatment,0,UnrestrictedSet,0,1,1,1,0,0,0,PASS
F19,F19-P02-B,baseline,0,UnrestrictedSet,0,1,1,1,0,0,0,PASS
F19,F19-P02-T,treatment,0,UnrestrictedSet,0,1,1,1,0,0,0,PASS
F19,F19-P03-B,baseline,0,UnrestrictedSet,0,1,1,1,0,0,0,PASS
F19,F19-P03-T,treatment,0,UnrestrictedSet,0,1,1,1,0,0,0,PASS
F19,F19-P04-B,baseline,0,UnrestrictedSet,0,1,1,1,0,0,0,PASS
F19,F19-P04-T,treatment,0,UnrestrictedSet,0,1,1,1,0,0,0,PASS
F19,F19-P05-B,baseline,0,UnrestrictedSet,0,1,1,1,0,0,0,PASS
F19,F19-P05-T,treatment,0,UnrestrictedSet,0,1,1,1,0,0,0,PASS
F19,F19-P06-B,baseline,0,UnrestrictedSet,0,1,1,1,0,0,0,PASS
F19,F19-P06-T,treatment,0,UnrestrictedSet,0,1,1,1,0,0,0,PASS
F20,F20-P01-B,baseline,0,UnrestrictedSet,0,1,1,1,0,0,0,PASS
F20,F20-P01-T,treatment,0,UnrestrictedSet,0,1,1,1,0,0,0,PASS
F20,F20-P02-B,baseline,0,UnrestrictedSet,0,1,1,1,0,0,0,PASS
F20,F20-P02-T,treatment,0,UnrestrictedSet,0,1,1,1,0,0,0,PASS
F20,F20-P03-B,baseline,0,UnrestrictedSet,0,1,1,1,0,0,0,PASS
F20,F20-P03-T,treatment,0,UnrestrictedSet,0,1,1,1,0,0,0,PASS
F20,F20-P04-B,baseline,0,UnrestrictedSet,0,1,1,1,0,0,0,PASS
F20,F20-P04-T,treatment,0,UnrestrictedSet,0,1,1,1,0,0,0,PASS
F20,F20-P05-B,baseline,0,UnrestrictedSet,0,1,1,1,0,0,0,PASS
F20,F20-P05-T,treatment,0,UnrestrictedSet,0,1,1,1,0,0,0,PASS
F20,F20-P06-B,baseline,0,UnrestrictedSet,0,1,1,1,0,0,0,PASS
F20,F20-P06-T,treatment,0,UnrestrictedSet,0,1,1,1,0,0,0,PASS
F21,F21-P01-B,baseline,0,UnrestrictedSet,0,1,1,1,0,0,0,PASS
F21,F21-P01-T,treatment,0,UnrestrictedSet,0,1,1,1,0,0,0,PASS
F21,F21-P02-B,baseline,0,UnrestrictedSet,0,1,1,1,0,0,0,PASS
F21,F21-P02-T,treatment,0,UnrestrictedSet,0,1,1,1,0,0,0,PASS
F21,F21-P03-B,baseline,0,UnrestrictedSet,0,1,1,1,0,0,0,PASS
F21,F21-P03-T,treatment,0,UnrestrictedSet,0,1,1,1,0,0,0,PASS
F21,F21-P04-B,baseline,0,UnrestrictedSet,0,1,1,1,0,0,0,PASS
F21,F21-P04-T,treatment,0,UnrestrictedSet,0,1,1,1,0,0,0,PASS
F21,F21-P05-B,baseline,0,UnrestrictedSet,0,1,1,1,0,0,0,PASS
F21,F21-P05-T,treatment,0,UnrestrictedSet,0,1,1,1,0,0,0,PASS
F21,F21-P06-B,baseline,0,UnrestrictedSet,0,1,1,1,0,0,0,PASS
F21,F21-P06-T,treatment,0,UnrestrictedSet,0,1,1,1,0,0,0,PASS
F22,F22-P01-B,baseline,0,UnrestrictedSet,0,1,1,1,0,0,0,PASS
F22,F22-P01-T,treatment,0,UnrestrictedSet,0,1,1,1,0,0,0,PASS
F22,F22-P02-B,baseline,0,UnrestrictedSet,0,1,1,1,0,0,0,PASS
F22,F22-P02-T,treatment,0,UnrestrictedSet,0,1,1,1,0,0,0,PASS
F22,F22-P03-B,baseline,0,UnrestrictedSet,0,1,1,1,0,0,0,PASS
F22,F22-P03-T,treatment,0,UnrestrictedSet,0,1,1,1,0,0,0,PASS
F22,F22-P04-B,baseline,0,UnrestrictedSet,0,1,1,1,0,0,0,PASS
F22,F22-P04-T,treatment,0,UnrestrictedSet,0,1,1,1,0,0,0,PASS
F22,F22-P05-B,baseline,0,UnrestrictedSet,0,1,1,1,0,0,0,PASS
F22,F22-P05-T,treatment,0,UnrestrictedSet,0,1,1,1,0,0,0,PASS
F22,F22-P06-B,baseline,0,UnrestrictedSet,0,1,1,1,0,0,0,PASS
F22,F22-P06-T,treatment,0,UnrestrictedSet,0,1,1,1,0,0,0,PASS
F23,F23-P01-B,baseline,0,UnrestrictedSet,0,1,1,1,0,0,0,PASS
F23,F23-P01-T,treatment,0,UnrestrictedSet,0,1,1,1,0,0,0,PASS
F23,F23-P02-B,baseline,0,UnrestrictedSet,0,1,1,1,0,0,0,PASS
F23,F23-P02-T,treatment,1,UnrestrictedSet,0,1,1,1,0,0,0,PASS
F23,F23-P03-B,baseline,0,UnrestrictedSet,0,1,1,1,0,0,0,PASS
F23,F23-P03-T,treatment,2,UnrestrictedSet,0,1,1,1,0,0,0,PASS
F23,F23-P04-B,baseline,0,UnrestrictedSet,0,1,1,1,0,0,0,PASS
F23,F23-P04-T,treatment,0,UnrestrictedSet,0,1,1,1,0,0,0,PASS
F23,F23-P05-B,baseline,0,UnrestrictedSet,0,1,1,1,0,0,0,PASS
F23,F23-P05-T,treatment,0,UnrestrictedSet,0,1,1,1,0,0,0,PASS
F23,F23-P06-B,baseline,0,UnrestrictedSet,0,1,1,1,0,0,0,PASS
F23,F23-P06-T,treatment,0,UnrestrictedSet,0,1,1,1,0,0,0,PASS
F24,F24-P01-B,baseline,0,UnrestrictedSet,0,1,1,1,0,0,0,PASS
F24,F24-P01-T,treatment,0,UnrestrictedSet,0,1,1,1,0,0,0,PASS
F24,F24-P02-B,baseline,0,UnrestrictedSet,0,1,1,1,0,0,0,PASS
F24,F24-P02-T,treatment,A1,UnrestrictedSet,0,1,1,1,0,0,0,PASS
F24,F24-P03-B,baseline,0,UnrestrictedSet,0,1,1,1,0,0,0,PASS
F24,F24-P03-T,treatment,0,UnrestrictedSet,0,1,1,1,0,0,0,PASS
F24,F24-P04-B,baseline,0,UnrestrictedSet,0,1,1,1,0,0,0,PASS
F24,F24-P04-T,treatment,0,UnrestrictedSet,0,1,1,1,0,0,0,PASS
F24,F24-P05-B,baseline,0,UnrestrictedSet,0,1,1,1,0,0,0,PASS
F24,F24-P05-T,treatment,0,UnrestrictedSet,0,1,1,1,0,0,0,PASS
F24,F24-P06-B,baseline,0,UnrestrictedSet,0,1,1,1,0,0,0,PASS
F24,F24-P06-T,treatment,A1,UnrestrictedSet,0,1,1,1,0,0,0,PASS
F25,F25-P01-B,baseline,0,UnrestrictedSet,0,1,1,1,0,0,0,PASS
F25,F25-P01-T,treatment,0,RestrictedSetTypeA,0,1,1,1,0,1.1823599523247,0,PASS
F25,F25-P02-B,baseline,0,UnrestrictedSet,0,1,1,1,0,0,0,PASS
F25,F25-P02-T,treatment,0,RestrictedSetTypeA,0,1,1,1,0,1.1823599523247,0,PASS
F25,F25-P03-B,baseline,0,UnrestrictedSet,0,1,1,1,0,0,0,PASS
F25,F25-P03-T,treatment,0,RestrictedSetTypeA,0,1,1,1,0,1.1823599523247,0,PASS
F25,F25-P04-B,baseline,0,UnrestrictedSet,0,1,1,1,0,0,0,PASS
F25,F25-P04-T,treatment,0,RestrictedSetTypeA,0,1,1,1,0,1.1823599523247,0,PASS
F25,F25-P05-B,baseline,0,UnrestrictedSet,0,1,1,1,0,0,0,PASS
F25,F25-P05-T,treatment,0,RestrictedSetTypeA,0,1,1,1,0,1.1823599523247,0,PASS
F25,F25-P06-B,baseline,0,UnrestrictedSet,0,1,1,1,0,0,0,PASS
F25,F25-P06-T,treatment,0,RestrictedSetTypeA,0,1,1,1,0,1.1823599523247,0,PASS
F26,F26-P01-B,baseline,0,UnrestrictedSet,0,1,1,1,0,0,0,PASS
F26,F26-P01-T,treatment,0,RestrictedSetTypeB,0,1,1,1,0,1.53396901072699,0,PASS
F26,F26-P02-B,baseline,0,UnrestrictedSet,0,1,1,1,0,0,0,PASS
F26,F26-P02-T,treatment,0,RestrictedSetTypeB,0,1,1,1,0,1.53396901072699,0,PASS
F26,F26-P03-B,baseline,0,UnrestrictedSet,0,1,1,1,0,0,0,PASS
F26,F26-P03-T,treatment,0,RestrictedSetTypeB,0,1,1,1,0,1.53396901072699,0,PASS
F26,F26-P04-B,baseline,0,UnrestrictedSet,0,1,1,1,0,0,0,PASS
F26,F26-P04-T,treatment,0,RestrictedSetTypeB,0,1,1,1,0,1.53396901072699,0,PASS
F26,F26-P05-B,baseline,0,UnrestrictedSet,0,1,1,1,0,0,0,PASS
F26,F26-P05-T,treatment,0,RestrictedSetTypeB,0,1,1,1,0,1.53396901072699,0,PASS
F26,F26-P06-B,baseline,0,UnrestrictedSet,0,1,1,1,0,0,0,PASS
F26,F26-P06-T,treatment,0,RestrictedSetTypeB,0,1,1,1,0,1.53396901072699,0,PASS
F27,F27-P01-B,baseline,0,UnrestrictedSet,0,1,1,1,0,0,0,PASS
F27,F27-P01-T,treatment,0,UnrestrictedSet,0,1,1,1,0,0,0,PASS
F27,F27-P02-B,baseline,0,UnrestrictedSet,0,1,1,1,0,0,0,PASS
F27,F27-P02-T,treatment,0,UnrestrictedSet,0,1,1,1,0,0,0,PASS
F27,F27-P03-B,baseline,0,UnrestrictedSet,0,1,1,1,0,0,0,PASS
F27,F27-P03-T,treatment,0,UnrestrictedSet,0,1,1,1,0,0,0,PASS
F27,F27-P04-B,baseline,0,UnrestrictedSet,0,1,1,1,0,0,0,PASS
F27,F27-P04-T,treatment,0,UnrestrictedSet,0,1,1,1,0,0,0,PASS
F27,F27-P05-B,baseline,0,UnrestrictedSet,0,1,1,1,0,0,0,PASS
F27,F27-P05-T,treatment,0,UnrestrictedSet,0,1,1,1,0,0,0,PASS
F27,F27-P06-B,baseline,0,UnrestrictedSet,0,1,1,1,0,0,0,PASS
F27,F27-P06-T,treatment,0,UnrestrictedSet,0,1,1,1,0,0,0,PASS
F28,F28-P01-B,baseline,0,UnrestrictedSet,0,1,1,1,0,0,0,PASS
F28,F28-P01-T,treatment,0,UnrestrictedSet,0,1,1,1,0,0,0,PASS
F28,F28-P02-B,baseline,0,UnrestrictedSet,0,1,1,1,0,0,0,PASS
F28,F28-P02-T,treatment,0,UnrestrictedSet,0,1,1,1,0,0,0,PASS
F28,F28-P03-B,baseline,0,UnrestrictedSet,0,1,1,1,0,0,0,PASS
F28,F28-P03-T,treatment,0,UnrestrictedSet,0,1,1,1,0,0,0,PASS
F28,F28-P04-B,baseline,0,UnrestrictedSet,0,1,1,1,0,0,0,PASS
F28,F28-P04-T,treatment,0,UnrestrictedSet,0,1,1,1,0,0,0,PASS
F28,F28-P05-B,baseline,0,UnrestrictedSet,0,1,1,1,0,0,0,PASS
F28,F28-P05-T,treatment,0,UnrestrictedSet,0,1,1,1,0,0,0,PASS
F28,F28-P06-B,baseline,0,UnrestrictedSet,0,1,1,1,0,0,0,PASS
F28,F28-P06-T,treatment,0,UnrestrictedSet,0,1,1,1,0,0,0,PASS
F29,F29-P01-B,baseline,0,UnrestrictedSet,0,1,1,1,0,0,0,PASS
F29,F29-P01-T,treatment,0,UnrestrictedSet,0,1,1,1,0,0,0,PASS
F29,F29-P02-B,baseline,0,UnrestrictedSet,0,1,1,1,0,0,0,PASS
F29,F29-P02-T,treatment,0,UnrestrictedSet,0,1,1,1,0,0,0,PASS
F29,F29-P03-B,baseline,0,UnrestrictedSet,0,1,1,1,0,0,0,PASS
F29,F29-P03-T,treatment,0,UnrestrictedSet,0,1,1,1,0,0,0,PASS
F29,F29-P04-B,baseline,0,UnrestrictedSet,0,1,1,1,0,0,0,PASS
F29,F29-P04-T,treatment,0,UnrestrictedSet,0,1,1,1,0,0,0,PASS
F29,F29-P05-B,baseline,0,UnrestrictedSet,0,1,1,1,0,0,0,PASS
F29,F29-P05-T,treatment,0,UnrestrictedSet,0,1,1,1,0,0,0,PASS
F29,F29-P06-B,baseline,0,UnrestrictedSet,0,1,1,1,0,0,0,PASS
F29,F29-P06-T,treatment,0,UnrestrictedSet,0,1,1,1,0,0,0,PASS
F30,F30-P01-B,baseline,0,UnrestrictedSet,0,1,1,1,0,0,0,PASS
F30,F30-P01-T,treatment,0,UnrestrictedSet,0,1,1,1,0,0,0,PASS
F30,F30-P02-B,baseline,0,UnrestrictedSet,0,1,1,1,0,0,0,PASS
F30,F30-P02-T,treatment,0,UnrestrictedSet,0,1,1,1,0,0,0,PASS
F30,F30-P03-B,baseline,0,UnrestrictedSet,0,1,1,1,0,0,0,PASS
F30,F30-P03-T,treatment,0,UnrestrictedSet,0,1,1,1,0,0,0,PASS
F30,F30-P04-B,baseline,0,UnrestrictedSet,0,1,1,1,0,0,0,PASS
F30,F30-P04-T,treatment,0,UnrestrictedSet,0,1,1,1,0,0,0,PASS
F30,F30-P05-B,baseline,0,UnrestrictedSet,0,1,1,1,0,0,0,PASS
F30,F30-P05-T,treatment,0,UnrestrictedSet,0,1,1,1,0,0,0,PASS
F30,F30-P06-B,baseline,0,UnrestrictedSet,0,1,1,1,0,0,0,PASS
F30,F30-P06-T,treatment,0,UnrestrictedSet,0,1,1,1,0,0,0,PASS
F31,F31-P01-B,baseline,0,UnrestrictedSet,0,1,1,1,0,0,0,PASS
F31,F31-P01-T,treatment,0,UnrestrictedSet,0,1,1,1,0,0,0,PASS
F31,F31-P02-B,baseline,0,UnrestrictedSet,0,1,1,1,0,0,0,PASS
F31,F31-P02-T,treatment,0,UnrestrictedSet,0,1,1,1,0,0,0,PASS
F31,F31-P03-B,baseline,0,UnrestrictedSet,0,1,1,1,0,0,0,PASS
F31,F31-P03-T,treatment,0,UnrestrictedSet,0,1,1,1,0,0,0,PASS
F31,F31-P04-B,baseline,0,UnrestrictedSet,0,1,1,1,0,0,0,PASS
F31,F31-P04-T,treatment,0,UnrestrictedSet,0,1,1,1,0,0,0,PASS
F31,F31-P05-B,baseline,0,UnrestrictedSet,0,1,1,1,0,0,0,PASS
F31,F31-P05-T,treatment,0,UnrestrictedSet,0,1,1,1,0,0,0,PASS
F31,F31-P06-B,baseline,0,UnrestrictedSet,0,1,1,1,0,0,0,PASS
F31,F31-P06-T,treatment,0,UnrestrictedSet,0,1,1,1,0,0,0,PASS
F32,F32-P01-B,baseline,0,UnrestrictedSet,0,1,1,1,0,0,0,PASS
F32,F32-P01-T,treatment,0,UnrestrictedSet,0,1,1,1,0,0,0,PASS
F32,F32-P02-B,baseline,0,UnrestrictedSet,0,1,1,1,0,0,0,PASS
F32,F32-P02-T,treatment,0,UnrestrictedSet,0,1,1,1,0,0,0,PASS
F32,F32-P03-B,baseline,0,UnrestrictedSet,0,1,1,1,0,0,0,PASS
F32,F32-P03-T,treatment,0,UnrestrictedSet,0,1,1,1,0,0,0,PASS
F32,F32-P04-B,baseline,0,UnrestrictedSet,0,1,1,1,0,0,0,PASS
F32,F32-P04-T,treatment,0,UnrestrictedSet,0,1,1,1,0,0,0,PASS
F32,F32-P05-B,baseline,0,UnrestrictedSet,0,1,1,1,0,0,0,PASS
F32,F32-P05-T,treatment,0,UnrestrictedSet,0,1,1,1,0,0,0,PASS
F32,F32-P06-B,baseline,0,UnrestrictedSet,0,1,1,1,0,0,0,PASS
F32,F32-P06-T,treatment,0,UnrestrictedSet,0,1,1,1,0,0,0,PASS
F33,F33-P01-B,baseline,0,UnrestrictedSet,0,1,1,1,0,0,0,PASS
F33,F33-P01-T,treatment,0,UnrestrictedSet,0,1,1,1,0,0,0,PASS
F33,F33-P02-B,baseline,0,UnrestrictedSet,0,1,1,1,0,0,0,PASS
F33,F33-P02-T,treatment,0,UnrestrictedSet,0,1,1,1,0,0,0,PASS
F33,F33-P03-B,baseline,0,UnrestrictedSet,0,1,1,1,0,0,0,PASS
F33,F33-P03-T,treatment,0,UnrestrictedSet,0,1,1,1,0,0,0,PASS
F33,F33-P04-B,baseline,0,UnrestrictedSet,0,1,1,1,0,0,0,PASS
F33,F33-P04-T,treatment,0,UnrestrictedSet,0,1,1,1,0,0,0,PASS
F33,F33-P05-B,baseline,0,UnrestrictedSet,0,1,1,1,0,0,0,PASS
F33,F33-P05-T,treatment,0,UnrestrictedSet,0,1,1,1,0,0,0,PASS
F33,F33-P06-B,baseline,0,UnrestrictedSet,0,1,1,1,0,0,0,PASS
F33,F33-P06-T,treatment,0,UnrestrictedSet,0,1,1,1,0,0,0,PASS
F34,F34-P01-B,baseline,0,UnrestrictedSet,0,1,1,1,0,0,0,PASS
F34,F34-P01-T,treatment,0,UnrestrictedSet,0,1,1,1,0,0,0,PASS
F34,F34-P02-B,baseline,0,UnrestrictedSet,0,1,1,1,0,0,0,PASS
F34,F34-P02-T,treatment,0,UnrestrictedSet,0,1,1,1,0,0,0,PASS
F34,F34-P03-B,baseline,0,UnrestrictedSet,0,1,1,1,0,0,0,PASS
F34,F34-P03-T,treatment,0,UnrestrictedSet,0,1,1,1,0,0,0,PASS
F34,F34-P04-B,baseline,0,UnrestrictedSet,0,1,1,1,0,0,0,PASS
F34,F34-P04-T,treatment,0,UnrestrictedSet,0,1,1,1,0,0,0.3125,PASS
F34,F34-P05-B,baseline,0,UnrestrictedSet,0,1,1,1,0,0,0,PASS
F34,F34-P05-T,treatment,0,UnrestrictedSet,0,1,1,1,0,0,0.5,PASS
F34,F34-P06-B,baseline,0,UnrestrictedSet,0,1,1,1,0,0,0,PASS
F34,F34-P06-T,treatment,0,UnrestrictedSet,0,1,1,1,0,0,0.703125,PASS
F35,F35-P01-B,baseline,0,UnrestrictedSet,0,1,1,1,0,0,0,PASS
F35,F35-P01-T,treatment,0,UnrestrictedSet,0,1,1,1,0,0,0,PASS
F35,F35-P02-B,baseline,0,UnrestrictedSet,0,1,1,1,0,0,0,PASS
F35,F35-P02-T,treatment,0,UnrestrictedSet,0,1,1,1,0,0,0,PASS
F35,F35-P03-B,baseline,0,UnrestrictedSet,0,1,1,1,0,0,0,PASS
F35,F35-P03-T,treatment,0,UnrestrictedSet,0,1,1,1,0,0,0,PASS
F35,F35-P04-B,baseline,0,UnrestrictedSet,0,1,1,1,0,0,0,PASS
F35,F35-P04-T,treatment,0,UnrestrictedSet,0,1,1,1,0,0,0,PASS
F35,F35-P05-B,baseline,0,UnrestrictedSet,0,1,1,1,0,0,0,PASS
F35,F35-P05-T,treatment,0,UnrestrictedSet,0,1,1,1,0,0,0,PASS
F35,F35-P06-B,baseline,0,UnrestrictedSet,0,1,1,1,0,0,0,PASS
F35,F35-P06-T,treatment,0,UnrestrictedSet,0,1,1,1,0,0,0,PASS
F36,F36-P01-B,baseline,0,UnrestrictedSet,0,1,1,1,0,0,0,PASS
F36,F36-P01-T,treatment,0,UnrestrictedSet,0,1,1,1,0,0,0,PASS
F36,F36-P02-B,baseline,0,UnrestrictedSet,0,1,1,1,0,0,0,PASS
F36,F36-P02-T,treatment,0,UnrestrictedSet,0,1,1,1,0,0,0,PASS
F36,F36-P03-B,baseline,0,UnrestrictedSet,0,1,1,1,0,0,0,PASS
F36,F36-P03-T,treatment,0,UnrestrictedSet,0,1,1,1,0,0,0,PASS
F36,F36-P04-B,baseline,0,UnrestrictedSet,0,1,1,1,0,0,0,PASS
F36,F36-P04-T,treatment,0,UnrestrictedSet,0,1,1,1,0,0,0,PASS
F36,F36-P05-B,baseline,0,UnrestrictedSet,0,1,1,1,0,0,0,PASS
F36,F36-P05-T,treatment,0,UnrestrictedSet,0,1,1,1,0,0,0,PASS
F36,F36-P06-B,baseline,0,UnrestrictedSet,0,1,1,1,0,0,0,PASS
F36,F36-P06-T,treatment,0,UnrestrictedSet,0,1,1,1,0,0,0,PASS
F37,F37-P01-B,baseline,0,UnrestrictedSet,0,1,1,1,0,0,0,PASS
F37,F37-P01-T,treatment,0,UnrestrictedSet,0,1,1,1,0,0,0,PASS
F37,F37-P02-B,baseline,0,UnrestrictedSet,0,1,1,1,0,0,0,PASS
F37,F37-P02-T,treatment,0,UnrestrictedSet,0,1,1,1,0,0,0,PASS
F37,F37-P03-B,baseline,0,UnrestrictedSet,0,1,1,1,0,0,0,PASS
F37,F37-P03-T,treatment,0,UnrestrictedSet,0,1,1,1,0,0,0,PASS
F37,F37-P04-B,baseline,0,UnrestrictedSet,0,1,1,1,0,0,0,PASS
F37,F37-P04-T,treatment,0,UnrestrictedSet,0,1,1,1,0,0,0,PASS
F37,F37-P05-B,baseline,0,UnrestrictedSet,0,1,1,1,0,0,0,PASS
F37,F37-P05-T,treatment,0,UnrestrictedSet,0,1,1,1,0,0,0,PASS
F37,F37-P06-B,baseline,0,UnrestrictedSet,0,1,1,1,0,0,0,PASS
F37,F37-P06-T,treatment,0,UnrestrictedSet,0,1,1,1,0,0,0,PASS
F38,F38-P01-B,baseline,0,UnrestrictedSet,0,1,1,1,0,0,0,PASS
F38,F38-P01-T,treatment,0,UnrestrictedSet,0,1,1,1,0,0,0,PASS
F38,F38-P02-B,baseline,0,UnrestrictedSet,0,1,1,1,0,0,0,PASS
F38,F38-P02-T,treatment,0,UnrestrictedSet,0,1,1,1,0,0,0,PASS
F38,F38-P03-B,baseline,0,UnrestrictedSet,0,1,1,1,0,0,0,PASS
F38,F38-P03-T,treatment,0,UnrestrictedSet,0,1,1,1,0,0,0,PASS
F38,F38-P04-B,baseline,0,UnrestrictedSet,0,1,1,1,0,0,0,PASS
F38,F38-P04-T,treatment,0,UnrestrictedSet,0,1,1,1,0,0,0,PASS
F38,F38-P05-B,baseline,0,UnrestrictedSet,0,1,1,1,0,0,0,PASS
F38,F38-P05-T,treatment,0,UnrestrictedSet,0,1,1,1,0,0,0,PASS
F38,F38-P06-B,baseline,0,UnrestrictedSet,0,1,1,1,0,0,0,PASS
F38,F38-P06-T,treatment,0,UnrestrictedSet,0,1,1,1,0,0,0,PASS
F39,F39-P01-B,baseline,0,UnrestrictedSet,0,1,1,1,0,0,0,PASS
F39,F39-P01-T,treatment,0,UnrestrictedSet,0,1,1,1,0,0,0,PASS
F39,F39-P02-B,baseline,0,UnrestrictedSet,0,1,1,1,0,0,0,PASS
F39,F39-P02-T,treatment,0,UnrestrictedSet,0,1,1,1,0,0,0,PASS
F39,F39-P03-B,baseline,0,UnrestrictedSet,0,1,1,1,0,0,0,PASS
F39,F39-P03-T,treatment,0,UnrestrictedSet,0,1,1,1,0,0,0,PASS
F39,F39-P04-B,baseline,0,UnrestrictedSet,0,1,1,1,0,0,0,PASS
F39,F39-P04-T,treatment,0,UnrestrictedSet,0,1,1,1,0,0,0,PASS
F39,F39-P05-B,baseline,0,UnrestrictedSet,0,1,1,1,0,0,0,PASS
F39,F39-P05-T,treatment,0,UnrestrictedSet,0,1,1,1,0,0,0,PASS
F39,F39-P06-B,baseline,0,UnrestrictedSet,0,1,1,1,0,0,0,PASS
F39,F39-P06-T,treatment,0,UnrestrictedSet,0,1,1,1,0,0,0,PASS
F40,F40-P01-B,baseline,0,UnrestrictedSet,0,1,1,1,0,0,0,PASS
F40,F40-P01-T,treatment,0,UnrestrictedSet,0,1,1,1,0,0,0,PASS
F40,F40-P02-B,baseline,0,UnrestrictedSet,0,1,1,1,0,0,0,PASS
F40,F40-P02-T,treatment,0,UnrestrictedSet,0,1,1,1,0,0,0,PASS
F40,F40-P03-B,baseline,0,UnrestrictedSet,0,1,1,1,0,0,0,PASS
F40,F40-P03-T,treatment,0,UnrestrictedSet,0,1,1,1,0,0,0,PASS
F40,F40-P04-B,baseline,0,UnrestrictedSet,0,1,1,1,0,0,0,PASS
F40,F40-P04-T,treatment,0,UnrestrictedSet,0,1,1,1,0,0,0,PASS
F40,F40-P05-B,baseline,0,UnrestrictedSet,0,1,1,1,0,0,0,PASS
F40,F40-P05-T,treatment,0,UnrestrictedSet,0,1,1,1,0,0,0,PASS
F40,F40-P06-B,baseline,0,UnrestrictedSet,0,1,1,1,0,0,0,PASS
F40,F40-P06-T,treatment,0,UnrestrictedSet,0,1,1,1,0,0,0,PASS
F41,F41-P01-B,baseline,0,UnrestrictedSet,0,1,1,1,0,0,0,PASS
F41,F41-P01-T,treatment,0,UnrestrictedSet,0,1,1,1,0,0,0,PASS
F41,F41-P02-B,baseline,0,UnrestrictedSet,0,1,1,1,0,0,0,PASS
F41,F41-P02-T,treatment,0,UnrestrictedSet,0,1,1,1,0,0,0,PASS
F41,F41-P03-B,baseline,0,UnrestrictedSet,0,1,1,1,0,0,0,PASS
F41,F41-P03-T,treatment,0,UnrestrictedSet,0,1,1,1,0,0,0,PASS
F41,F41-P04-B,baseline,0,UnrestrictedSet,0,1,1,1,0,0,0,PASS
F41,F41-P04-T,treatment,0,UnrestrictedSet,0,1,1,1,0,0,0,PASS
F41,F41-P05-B,baseline,0,UnrestrictedSet,0,1,1,1,0,0,0,PASS
F41,F41-P05-T,treatment,0,UnrestrictedSet,0,1,1,1,0,0,0,PASS
F41,F41-P06-B,baseline,0,UnrestrictedSet,0,1,1,1,0,0,0,PASS
F41,F41-P06-T,treatment,0,UnrestrictedSet,0,1,1,1,0,0,0,PASS
F42,F42-P01-B,baseline,0,UnrestrictedSet,0,1,1,1,0,0,0,PASS
F42,F42-P01-T,treatment,0,UnrestrictedSet,0,1,1,1,0,0,0,PASS
F42,F42-P02-B,baseline,0,UnrestrictedSet,0,1,1,1,0,0,0,PASS
F42,F42-P02-T,treatment,0,UnrestrictedSet,0,1,1,1,0,0,0,PASS
F42,F42-P03-B,baseline,0,UnrestrictedSet,0,1,1,1,0,0,0,PASS
F42,F42-P03-T,treatment,0,UnrestrictedSet,0,1,1,1,0,0,0,PASS
F42,F42-P04-B,baseline,0,UnrestrictedSet,0,1,1,1,0,0,0,PASS
F42,F42-P04-T,treatment,0,UnrestrictedSet,0,1,1,1,0,0,0,PASS
F42,F42-P05-B,baseline,0,UnrestrictedSet,0,1,1,1,0,0,0,PASS
F42,F42-P05-T,treatment,0,UnrestrictedSet,0,1,1,1,0,0,0,PASS
F42,F42-P06-B,baseline,0,UnrestrictedSet,0,1,1,1,0,0,0,PASS
F42,F42-P06-T,treatment,0,UnrestrictedSet,0,1,1,1,0,0,0,PASS
F43,F43-P01-B,baseline,0,UnrestrictedSet,0,1,1,1,0,0,0,PASS
F43,F43-P01-T,treatment,0,UnrestrictedSet,0,1,1,1,0,0,0,PASS
F43,F43-P02-B,baseline,0,UnrestrictedSet,0,1,1,1,0,0,0,PASS
F43,F43-P02-T,treatment,0,UnrestrictedSet,0,1,1,1,0,0,0,PASS
F43,F43-P03-B,baseline,0,UnrestrictedSet,0,1,1,1,0,0,0,PASS
F43,F43-P03-T,treatment,0,UnrestrictedSet,0,1,1,1,0,0,0,PASS
F43,F43-P04-B,baseline,0,UnrestrictedSet,0,1,1,1,0,0,0,PASS
F43,F43-P04-T,treatment,0,UnrestrictedSet,0,1,1,1,0,0,0,PASS
F43,F43-P05-B,baseline,0,UnrestrictedSet,0,1,1,1,0,0,0,PASS
F43,F43-P05-T,treatment,0,UnrestrictedSet,0,1,1,1,0,0,0,PASS
F43,F43-P06-B,baseline,0,UnrestrictedSet,0,1,1,1,0,0,0,PASS
F43,F43-P06-T,treatment,0,UnrestrictedSet,0,1,1,1,0,0,0,PASS
F44,F44-P01-B,baseline,0,UnrestrictedSet,0,1,1,1,0,0,0,PASS
F44,F44-P01-T,treatment,0,UnrestrictedSet,0,1,1,1,0,0,0,PASS
F44,F44-P02-B,baseline,0,UnrestrictedSet,0,1,1,1,0,0,0,PASS
F44,F44-P02-T,treatment,0,UnrestrictedSet,0,1,1,1,0,0,0,PASS
F44,F44-P03-B,baseline,0,UnrestrictedSet,0,1,1,1,0,0,0,PASS
F44,F44-P03-T,treatment,0,UnrestrictedSet,0,1,1,1,0,0,0,PASS
F44,F44-P04-B,baseline,0,UnrestrictedSet,0,1,1,1,0,0,0,PASS
F44,F44-P04-T,treatment,0,UnrestrictedSet,0,1,1,1,0,0,0,PASS
F44,F44-P05-B,baseline,0,UnrestrictedSet,0,1,1,1,0,0,0,PASS
F44,F44-P05-T,treatment,0,UnrestrictedSet,0,1,1,1,0,0,0,PASS
F44,F44-P06-B,baseline,0,UnrestrictedSet,0,1,1,1,0,0,0,PASS
F44,F44-P06-T,treatment,0,UnrestrictedSet,0,1,1,1,0,0,0,PASS
F45,F45-P01-B,baseline,0,UnrestrictedSet,0,1,1,1,0,0,0,PASS
F45,F45-P01-T,treatment,0,UnrestrictedSet,0,1,1,1,0,0,0,PASS
F45,F45-P02-B,baseline,0,UnrestrictedSet,0,1,1,1,0,0,0,PASS
F45,F45-P02-T,treatment,0,UnrestrictedSet,0,1,1,1,0,0,0,PASS
F45,F45-P03-B,baseline,0,UnrestrictedSet,0,1,1,1,0,0,0,PASS
F45,F45-P03-T,treatment,0,UnrestrictedSet,0,1,1,1,0,0,0,PASS
F45,F45-P04-B,baseline,0,UnrestrictedSet,0,1,1,1,0,0,0,PASS
F45,F45-P04-T,treatment,0,UnrestrictedSet,0,1,1,1,0,0,0,PASS
F45,F45-P05-B,baseline,0,UnrestrictedSet,0,1,1,1,0,0,0,PASS
F45,F45-P05-T,treatment,0,UnrestrictedSet,0,1,1,1,0,0,0,PASS
F45,F45-P06-B,baseline,0,UnrestrictedSet,0,1,1,1,0,0,0,PASS
F45,F45-P06-T,treatment,0,UnrestrictedSet,0,1,1,1,0,0,0,PASS
F46,F46-P01-B,baseline,0,UnrestrictedSet,0,1,1,1,0,0,0,PASS
F46,F46-P01-T,treatment,0,UnrestrictedSet,0,1,1,1,0,0,0,PASS
F46,F46-P02-B,baseline,0,UnrestrictedSet,0,1,1,1,0,0,0,PASS
F46,F46-P02-T,treatment,0,UnrestrictedSet,0,1,1,1,0,0,0,PASS
F46,F46-P03-B,baseline,0,UnrestrictedSet,0,1,1,1,0,0,0,PASS
F46,F46-P03-T,treatment,0,UnrestrictedSet,0,1,1,1,0,0,0,PASS
F46,F46-P04-B,baseline,0,UnrestrictedSet,0,1,1,1,0,0,0,PASS
F46,F46-P04-T,treatment,0,UnrestrictedSet,0,1,1,1,0,0,0,PASS
F46,F46-P05-B,baseline,0,UnrestrictedSet,0,1,1,1,0,0,0,PASS
F46,F46-P05-T,treatment,0,UnrestrictedSet,0,1,1,1,0,0,0,PASS
F46,F46-P06-B,baseline,0,UnrestrictedSet,0,1,1,1,0,0,0,PASS
F46,F46-P06-T,treatment,0,UnrestrictedSet,0,1,1,1,0,0,0,PASS
F47,F47-P01-B,baseline,0,UnrestrictedSet,0,1,1,1,0,0,0,PASS
F47,F47-P01-T,treatment,0,UnrestrictedSet,0,1,1,1,0,0,0,PASS
F47,F47-P02-B,baseline,0,UnrestrictedSet,0,1,1,1,0,0,0,PASS
F47,F47-P02-T,treatment,0,UnrestrictedSet,0,1,1,1,0,0,0,PASS
F47,F47-P03-B,baseline,0,UnrestrictedSet,0,1,1,1,0,0,0,PASS
F47,F47-P03-T,treatment,0,UnrestrictedSet,0,1,1,1,0,0,0,PASS
F47,F47-P04-B,baseline,0,UnrestrictedSet,0,1,1,1,0,0,0,PASS
F47,F47-P04-T,treatment,0,UnrestrictedSet,0,1,1,1,0,0,0,PASS
F47,F47-P05-B,baseline,0,UnrestrictedSet,0,1,1,1,0,0,0,PASS
F47,F47-P05-T,treatment,0,UnrestrictedSet,0,1,1,1,0,0,0,PASS
F47,F47-P06-B,baseline,0,UnrestrictedSet,0,1,1,1,0,0,0,PASS
F47,F47-P06-T,treatment,0,UnrestrictedSet,0,1,1,1,0,0,0,PASS
F48,F48-P01-B,baseline,0,UnrestrictedSet,0,1,1,1,0,0,0,PASS
F48,F48-P01-T,treatment,0,UnrestrictedSet,0,1,1,1,0,0,0,PASS
F48,F48-P02-B,baseline,0,UnrestrictedSet,0,1,1,1,0,0,0,PASS
F48,F48-P02-T,treatment,0,UnrestrictedSet,0,1,1,1,0,0,0,PASS
F48,F48-P03-B,baseline,0,UnrestrictedSet,0,1,1,1,0,0,0,PASS
F48,F48-P03-T,treatment,0,UnrestrictedSet,0,1,1,1,0,0,0,PASS
F48,F48-P04-B,baseline,0,UnrestrictedSet,0,1,1,1,0,0,0,PASS
F48,F48-P04-T,treatment,0,UnrestrictedSet,0,1,1,1,0,0,0,PASS
F48,F48-P05-B,baseline,0,UnrestrictedSet,0,1,1,1,0,0,0,PASS
F48,F48-P05-T,treatment,0,UnrestrictedSet,0,1,1,1,0,0,0,PASS
F48,F48-P06-B,baseline,0,UnrestrictedSet,0,1,1,1,0,0,0,PASS
F48,F48-P06-T,treatment,0,UnrestrictedSet,0,1,1,1,0,0,0,PASS
F49,F49-P01-B,baseline,0,UnrestrictedSet,0,1,1,1,0,0,0,PASS
F49,F49-P01-T,treatment,0,UnrestrictedSet,0,1,1,1,0,0,0,PASS
F49,F49-P02-B,baseline,0,UnrestrictedSet,0,1,1,1,0,0,0,PASS
F49,F49-P02-T,treatment,0,UnrestrictedSet,0,1,1,1,0,0,0,PASS
F49,F49-P03-B,baseline,0,UnrestrictedSet,0,1,1,1,0,0,0,PASS
F49,F49-P03-T,treatment,0,UnrestrictedSet,0,1,1,1,0,0,0,PASS
F49,F49-P04-B,baseline,0,UnrestrictedSet,0,1,1,1,0,0,0,PASS
F49,F49-P04-T,treatment,0,UnrestrictedSet,0,1,1,1,0,0,0,PASS
F49,F49-P05-B,baseline,0,UnrestrictedSet,0,1,1,1,0,0,0,PASS
F49,F49-P05-T,treatment,0,UnrestrictedSet,0,1,1,1,0,0,0,PASS
F49,F49-P06-B,baseline,0,UnrestrictedSet,0,1,1,1,0,0,0,PASS
F49,F49-P06-T,treatment,0,UnrestrictedSet,0,1,1,1,0,0,0,PASS
F50,F50-P01-B,baseline,0,UnrestrictedSet,0,1,1,1,0,0,0,PASS
F50,F50-P01-T,treatment,0,UnrestrictedSet,0,1,1,1,0,0,0,PASS
F50,F50-P02-B,baseline,0,UnrestrictedSet,0,1,1,1,0,0,0,PASS
F50,F50-P02-T,treatment,0,UnrestrictedSet,0,1,1,1,0,0,0,PASS
F50,F50-P03-B,baseline,0,UnrestrictedSet,0,1,1,1,0,0,0,PASS
F50,F50-P03-T,treatment,0,UnrestrictedSet,0,1,1,1,0,0,0,PASS
F50,F50-P04-B,baseline,0,UnrestrictedSet,0,1,1,1,0,0,0,PASS
F50,F50-P04-T,treatment,0,UnrestrictedSet,0,1,1,1,0,0,0,PASS
F50,F50-P05-B,baseline,0,UnrestrictedSet,0,1,1,1,0,0,0,PASS
F50,F50-P05-T,treatment,0,UnrestrictedSet,0,1,1,1,0,0,0,PASS
F50,F50-P06-B,baseline,0,UnrestrictedSet,0,1,1,1,0,0,0,PASS
F50,F50-P06-T,treatment,0,UnrestrictedSet,0,1,1,1,0,0,0,PASS
F51,F51-P01-B,baseline,0,UnrestrictedSet,0,1,1,1,0,0,0,PASS
F51,F51-P01-T,treatment,0,UnrestrictedSet,0,1,1,1,0,0,0,PASS
F51,F51-P02-B,baseline,0,UnrestrictedSet,0,1,1,1,0,0,0,PASS
F51,F51-P02-T,treatment,0,UnrestrictedSet,0,1,1,1,0,0,0,PASS
F51,F51-P03-B,baseline,0,UnrestrictedSet,0,1,1,1,0,0,0,PASS
F51,F51-P03-T,treatment,0,UnrestrictedSet,0,1,1,1,0,0,0,PASS
F51,F51-P04-B,baseline,0,UnrestrictedSet,0,1,1,1,0,0,0,PASS
F51,F51-P04-T,treatment,0,UnrestrictedSet,0,1,1,1,0,0,0,PASS
F51,F51-P05-B,baseline,0,UnrestrictedSet,0,1,1,1,0,0,0,PASS
F51,F51-P05-T,treatment,0,UnrestrictedSet,0,1,1,1,0,0,0,PASS
F51,F51-P06-B,baseline,0,UnrestrictedSet,0,1,1,1,0,0,0,PASS
F51,F51-P06-T,treatment,0,UnrestrictedSet,0,1,1,1,0,0,0,PASS
F52,F52-P01-B,baseline,0,UnrestrictedSet,0,1,1,1,0,0,0,PASS
F52,F52-P01-T,treatment,0,UnrestrictedSet,0,1,1,1,0,0,0,PASS
F52,F52-P02-B,baseline,0,UnrestrictedSet,0,1,1,1,0,0,0,PASS
F52,F52-P02-T,treatment,0,UnrestrictedSet,0,1,1,1,0,0,0,PASS
F52,F52-P03-B,baseline,0,UnrestrictedSet,0,1,1,1,0,0,0,PASS
F52,F52-P03-T,treatment,0,UnrestrictedSet,0,1,1,1,0,0,0,PASS
F52,F52-P04-B,baseline,0,UnrestrictedSet,0,1,1,1,0,0,0,PASS
F52,F52-P04-T,treatment,0,UnrestrictedSet,0,1,1,1,0,0,0,PASS
F52,F52-P05-B,baseline,0,UnrestrictedSet,0,1,1,1,0,0,0,PASS
F52,F52-P05-T,treatment,0,UnrestrictedSet,0,1,1,1,0,0,0,PASS
F52,F52-P06-B,baseline,0,UnrestrictedSet,0,1,1,1,0,0,0,PASS
F52,F52-P06-T,treatment,0,UnrestrictedSet,0,1,1,1,0,0,0,PASS
F53,F53-P01-B,baseline,0,UnrestrictedSet,0,1,1,1,0,0,0,PASS
F53,F53-P01-T,treatment,0,UnrestrictedSet,0,1,1,1,0,0,0,PASS
F53,F53-P02-B,baseline,0,UnrestrictedSet,0,1,1,1,0,0,0,PASS
F53,F53-P02-T,treatment,0,UnrestrictedSet,0,1,1,1,0,0,0,PASS
F53,F53-P03-B,baseline,0,UnrestrictedSet,0,1,1,1,0,0,0,PASS
F53,F53-P03-T,treatment,0,UnrestrictedSet,0,1,1,1,0,0,0,PASS
F53,F53-P04-B,baseline,0,UnrestrictedSet,0,1,1,1,0,0,0,PASS
F53,F53-P04-T,treatment,0,UnrestrictedSet,0,1,1,1,0,0,0,PASS
F53,F53-P05-B,baseline,0,UnrestrictedSet,0,1,1,1,0,0,0,PASS
F53,F53-P05-T,treatment,0,UnrestrictedSet,0,1,1,1,0,0,0,PASS
F53,F53-P06-B,baseline,0,UnrestrictedSet,0,1,1,1,0,0,0,PASS
F53,F53-P06-T,treatment,0,UnrestrictedSet,0,1,1,1,0,0,0,PASS
F54,F54-P01-B,baseline,0,UnrestrictedSet,0,1,1,1,0,0,0,PASS
F54,F54-P01-T,treatment,0,UnrestrictedSet,0,1,1,1,0,0,0,PASS
F54,F54-P02-B,baseline,0,UnrestrictedSet,0,1,1,1,0,0,0,PASS
F54,F54-P02-T,treatment,0,UnrestrictedSet,0,1,1,1,0,0,0,PASS
F54,F54-P03-B,baseline,0,UnrestrictedSet,0,1,1,1,0,0,0,PASS
F54,F54-P03-T,treatment,0,UnrestrictedSet,0,1,1,1,0,0,0,PASS
F54,F54-P04-B,baseline,0,UnrestrictedSet,0,1,1,1,0,0,0,PASS
F54,F54-P04-T,treatment,0,UnrestrictedSet,0,1,1,1,0,0,0,PASS
F54,F54-P05-B,baseline,0,UnrestrictedSet,0,1,1,1,0,0,0,PASS
F54,F54-P05-T,treatment,0,UnrestrictedSet,0,1,1,1,0,0,0,PASS
F54,F54-P06-B,baseline,0,UnrestrictedSet,0,1,1,1,0,0,0,PASS
F54,F54-P06-T,treatment,0,UnrestrictedSet,0,1,1,1,0,0,0,PASS
F55,F55-P01-B,baseline,0,UnrestrictedSet,0,1,1,1,0,0,0,PASS
F55,F55-P01-T,treatment,0,UnrestrictedSet,0,1,1,1,0,0,0,PASS
F55,F55-P02-B,baseline,0,UnrestrictedSet,0,1,1,1,0,0,0,PASS
F55,F55-P02-T,treatment,0,UnrestrictedSet,0,1,1,1,0,0,0,PASS
F55,F55-P03-B,baseline,0,UnrestrictedSet,0,1,1,1,0,0,0,PASS
F55,F55-P03-T,treatment,0,UnrestrictedSet,0,1,1,1,0,0,0,PASS
F55,F55-P04-B,baseline,0,UnrestrictedSet,0,1,1,1,0,0,0,PASS
F55,F55-P04-T,treatment,0,UnrestrictedSet,0,1,1,1,0,0,0,PASS
F55,F55-P05-B,baseline,0,UnrestrictedSet,0,1,1,1,0,0,0,PASS
F55,F55-P05-T,treatment,0,UnrestrictedSet,0,1,1,1,0,0,0,PASS
F55,F55-P06-B,baseline,0,UnrestrictedSet,0,1,1,1,0,0,0,PASS
F55,F55-P06-T,treatment,0,UnrestrictedSet,0,1,1,1,0,0,0,PASS
F56,F56-P01-B,baseline,0,UnrestrictedSet,0,1,1,1,0,0,0,PASS
F56,F56-P01-T,treatment,0,UnrestrictedSet,0,1,1,1,0,0,0,PASS
F56,F56-P02-B,baseline,0,UnrestrictedSet,0,1,1,1,0,0,0,PASS
F56,F56-P02-T,treatment,0,UnrestrictedSet,0,1,1,1,0,0,0,PASS
F56,F56-P03-B,baseline,0,UnrestrictedSet,0,1,1,1,0,0,0,PASS
F56,F56-P03-T,treatment,0,UnrestrictedSet,0,1,1,1,0,0,0,PASS
F56,F56-P04-B,baseline,0,UnrestrictedSet,0,1,1,1,0,0,0,PASS
F56,F56-P04-T,treatment,0,UnrestrictedSet,0,1,1,1,0,0,0,PASS
F56,F56-P05-B,baseline,0,UnrestrictedSet,0,1,1,1,0,0,0,PASS
F56,F56-P05-T,treatment,0,UnrestrictedSet,0,1,1,1,0,0,0,PASS
F56,F56-P06-B,baseline,0,UnrestrictedSet,0,1,1,1,0,0,0,PASS
F56,F56-P06-T,treatment,0,UnrestrictedSet,0,1,1,1,0,0,0,PASS
F57,F57-P01-B,baseline,0,UnrestrictedSet,0,1,1,1,0,0,0,PASS
F57,F57-P01-T,treatment,0,UnrestrictedSet,0,1,1,1,0,0,0,PASS
F57,F57-P02-B,baseline,0,UnrestrictedSet,0,1,1,1,0,0,0,PASS
F57,F57-P02-T,treatment,0,UnrestrictedSet,0,1,1,1,0,0,0,PASS
F57,F57-P03-B,baseline,0,UnrestrictedSet,0,1,1,1,0,0,0,PASS
F57,F57-P03-T,treatment,0,UnrestrictedSet,0,1,1,1,0,0,0,PASS
F57,F57-P04-B,baseline,0,UnrestrictedSet,0,1,1,1,0,0,0,PASS
F57,F57-P04-T,treatment,0,UnrestrictedSet,0,1,1,1,0,0,0,PASS
F57,F57-P05-B,baseline,0,UnrestrictedSet,0,1,1,1,0,0,0,PASS
F57,F57-P05-T,treatment,0,UnrestrictedSet,0,1,1,1,0,0,0,PASS
F57,F57-P06-B,baseline,0,UnrestrictedSet,0,1,1,1,0,0,0,PASS
F57,F57-P06-T,treatment,0,UnrestrictedSet,0,1,1,1,0,0,0,PASS
F58,F58-P01-B,baseline,0,UnrestrictedSet,0,1,1,1,0,0,0,PASS
F58,F58-P01-T,treatment,0,UnrestrictedSet,0,1,1,1,0,0,0,PASS
F58,F58-P02-B,baseline,0,UnrestrictedSet,0,1,1,1,0,0,0,PASS
F58,F58-P02-T,treatment,0,UnrestrictedSet,0,1,1,1,0,0,0,PASS
F58,F58-P03-B,baseline,0,UnrestrictedSet,0,1,1,1,0,0,0,PASS
F58,F58-P03-T,treatment,0,UnrestrictedSet,0,1,1,1,0,0,0,PASS
F58,F58-P04-B,baseline,0,UnrestrictedSet,0,1,1,1,0,0,0,PASS
F58,F58-P04-T,treatment,0,UnrestrictedSet,0,1,1,1,0,0,0,PASS
F58,F58-P05-B,baseline,0,UnrestrictedSet,0,1,1,1,0,0,0,PASS
F58,F58-P05-T,treatment,0,UnrestrictedSet,0,1,1,1,0,0,0,PASS
F58,F58-P06-B,baseline,0,UnrestrictedSet,0,1,1,1,0,0,0,PASS
F58,F58-P06-T,treatment,0,UnrestrictedSet,0,1,1,1,0,0,0,PASS
F59,F59-P01-B,baseline,0,UnrestrictedSet,0,1,1,1,0,0,0,PASS
F59,F59-P01-T,treatment,0,UnrestrictedSet,0,1,1,1,0,0,0,PASS
F59,F59-P02-B,baseline,0,UnrestrictedSet,0,1,1,1,0,0,0,PASS
F59,F59-P02-T,treatment,0,UnrestrictedSet,0,1,1,1,0,0,0,PASS
F59,F59-P03-B,baseline,0,UnrestrictedSet,0,1,1,1,0,0,0,PASS
F59,F59-P03-T,treatment,0,UnrestrictedSet,0,1,1,1,0,0,0,PASS
F59,F59-P04-B,baseline,0,UnrestrictedSet,0,1,1,1,0,0,0,PASS
F59,F59-P04-T,treatment,0,UnrestrictedSet,0,1,1,1,0,0,0,PASS
F59,F59-P05-B,baseline,0,UnrestrictedSet,0,1,1,1,0,0,0,PASS
F59,F59-P05-T,treatment,0,UnrestrictedSet,0,1,1,1,0,0,0,PASS
F59,F59-P06-B,baseline,0,UnrestrictedSet,0,1,1,1,0,0,0,PASS
F59,F59-P06-T,treatment,0,UnrestrictedSet,0,1,1,1,0,0,0,PASS
F60,F60-P01-B,baseline,0,UnrestrictedSet,0,1,1,1,0,0,0,PASS
F60,F60-P01-T,treatment,0,UnrestrictedSet,0,1,1,1,0,0,0,PASS
F60,F60-P02-B,baseline,0,UnrestrictedSet,0,1,1,1,0,0,0,PASS
F60,F60-P02-T,treatment,0,UnrestrictedSet,0,1,1,1,0,0,0,PASS
F60,F60-P03-B,baseline,0,UnrestrictedSet,0,1,1,1,0,0,0,PASS
F60,F60-P03-T,treatment,0,UnrestrictedSet,0,1,1,1,0,0,0,PASS
F60,F60-P04-B,baseline,0,UnrestrictedSet,0,1,1,1,0,0,0,PASS
F60,F60-P04-T,treatment,0,UnrestrictedSet,0,1,1,1,0,0,0,PASS
F60,F60-P05-B,baseline,0,UnrestrictedSet,0,1,1,1,0,0,0,PASS
F60,F60-P05-T,treatment,0,UnrestrictedSet,0,1,1,1,0,0,0,PASS
F60,F60-P06-B,baseline,0,UnrestrictedSet,0,1,1,1,0,0,0,PASS
F60,F60-P06-T,treatment,0,UnrestrictedSet,0,1,1,1,0,0,0,PASS
