category,artifact_path,check_id,required,evaluated,passed,row_count,failure_count,details
chart_lineage,reports/csv/contract_plot_lineage.csv,all_lineaged_charts_exact,True,True,False,249,137,contract__run-trial-scenario-overview__run-health-timeline:low_information_reason_card_counted_as_chart | contract__run-trial-scenario-overview__run-health-timeline:insufficient_independent_x_values | contract__run-trial-scenario-overview__error-warning-fallback-stacked-time-series:low_information_reason_card_counted_as_chart | contract__run-trial-scenario-overview__truth-policy-violations-by-category:low_information_reason_card_counted_as_chart | contract__scenario-geometry-topology-layout__candidate-cell-rank-heatmap:low_information_reason_card_counted_as_chart | contract__air-interface-frame-slot-symbol-grid__ssb-occasion-timeline:low_information_reason_card_counted_as_chart | contract__air-interface-frame-slot-symbol-grid__ssb-occasion-timeline:insufficient_independent_x_values | contract__air-interface-frame-slot-symbol-grid__prach-occasion-timeline:low_information_reason_card_counted_as_chart | contract__air-interface-frame-slot-symbol-grid__coreset-search-space-occupancy-chart:low_information_reason_card_counted_as_chart | contract__scheduler-mac-queue-qos-power-control-uci-flow__scheduled-prbs-per-ue-over-time:low_information_reason_card_counted_as_chart | contract__scheduler-mac-queue-qos-power-control-uci-flow__scheduler-fairness-over-time:low_information_reason_card_counted_as_chart | contract__scheduler-mac-queue-qos-power-control-uci-flow__sr-bsr-event-timeline:low_information_reason_card_counted_as_chart | contract__harq-ack-nack-retransmission__harq-process-timeline:low_information_reason_card_counted_as_chart | contract__harq-ack-nack-retransmission__rv-usage-distribution:low_information_reason_card_counted_as_chart | contract__harq-ack-nack-retransmission__retransmission-count-histogram:low_information_reason_card_counted_as_chart | contract__harq-ack-nack-retransmission__ack-nack-timeline:low_information_reason_card_counted_as_chart | contract__harq-ack-nack-retransmission__residual-bler-by-harq-process:low_information_reason_card_counted_as_chart | contract__harq-ack-nack-retransmission__combining-gain-histogram:low_information_reason_card_counted_as_chart | contract__dl-control-phy-pdcch__aggregation-level-distribution:low_information_reason_card_counted_as_chart | contract__dl-control-phy-pdcch__cce-usage-heatmap:low_information_reason_card_counted_as_chart | contract__dl-control-phy-pdcch__pdcch-dmrs-occupancy:low_information_reason_card_counted_as_chart | contract__dl-control-phy-pdcch__pdcch-decode-success-failure-trend-if-applicable:low_information_reason_card_counted_as_chart | contract__ssb-pbch-pss-sss__ssb-index-timeline:low_information_reason_card_counted_as_chart | contract__ssb-pbch-pss-sss__ssb-pbch-occupancy-map:low_information_reason_card_counted_as_chart
chart_lineage,reports/csv/contract__run-trial-scenario-overview__run-health-timeline.csv,contract__run-trial-scenario-overview__run-health-timeline,True,True,False,1,2,low_information_reason_card_counted_as_chart | insufficient_independent_x_values
chart_lineage,reports/csv/contract__run-trial-scenario-overview__error-warning-fallback-stacked-time-series.csv,contract__run-trial-scenario-overview__error-warning-fallback-stacked-time-series,True,True,False,10,1,low_information_reason_card_counted_as_chart
chart_lineage,reports/csv/contract__run-trial-scenario-overview__required-vs-failed-case-bar-chart.csv,contract__run-trial-scenario-overview__required-vs-failed-case-bar-chart,True,True,True,4,0,
chart_lineage,reports/csv/contract__run-trial-scenario-overview__truth-policy-violations-by-category.csv,contract__run-trial-scenario-overview__truth-policy-violations-by-category,True,True,False,1,1,low_information_reason_card_counted_as_chart
chart_lineage,reports/csv/contract__scenario-geometry-topology-layout__bs-sector-ue-topology-scatter-plot.csv,contract__scenario-geometry-topology-layout__bs-sector-ue-topology-scatter-plot,True,True,True,3,0,
chart_lineage,reports/csv/contract__scenario-geometry-topology-layout__serving-cell-map.csv,contract__scenario-geometry-topology-layout__serving-cell-map,True,True,True,3,0,
chart_lineage,reports/csv/contract__scenario-geometry-topology-layout__candidate-cell-rank-heatmap.csv,contract__scenario-geometry-topology-layout__candidate-cell-rank-heatmap,True,True,False,12,1,low_information_reason_card_counted_as_chart
chart_lineage,reports/csv/contract__air-interface-frame-slot-symbol-grid__frame-slot-symbol-occupancy-timeline.csv,contract__air-interface-frame-slot-symbol-grid__frame-slot-symbol-occupancy-timeline,True,True,True,30,0,
chart_lineage,reports/csv/contract__air-interface-frame-slot-symbol-grid__prb-heatmap.csv,contract__air-interface-frame-slot-symbol-grid__prb-heatmap,True,True,True,680,0,
chart_lineage,reports/csv/contract__air-interface-frame-slot-symbol-grid__re-occupancy-heatmap.csv,contract__air-interface-frame-slot-symbol-grid__re-occupancy-heatmap,True,True,True,1519,0,
chart_lineage,reports/csv/contract__air-interface-frame-slot-symbol-grid__dl-ul-guard-slot-pattern-chart.csv,contract__air-interface-frame-slot-symbol-grid__dl-ul-guard-slot-pattern-chart,True,True,True,30,0,
chart_lineage,reports/csv/contract__air-interface-frame-slot-symbol-grid__ssb-occasion-timeline.csv,contract__air-interface-frame-slot-symbol-grid__ssb-occasion-timeline,True,True,False,1,2,low_information_reason_card_counted_as_chart | insufficient_independent_x_values
chart_lineage,reports/csv/contract__air-interface-frame-slot-symbol-grid__prach-occasion-timeline.csv,contract__air-interface-frame-slot-symbol-grid__prach-occasion-timeline,True,True,False,2,1,low_information_reason_card_counted_as_chart
chart_lineage,reports/csv/contract__air-interface-frame-slot-symbol-grid__coreset-search-space-occupancy-chart.csv,contract__air-interface-frame-slot-symbol-grid__coreset-search-space-occupancy-chart,True,True,False,3,1,low_information_reason_card_counted_as_chart
chart_lineage,reports/csv/contract__scheduler-mac-queue-qos-power-control-uci-flow__scheduled-prbs-per-ue-over-time.csv,contract__scheduler-mac-queue-qos-power-control-uci-flow__scheduled-prbs-per-ue-over-time,True,True,False,3,1,low_information_reason_card_counted_as_chart
chart_lineage,reports/csv/contract__scheduler-mac-queue-qos-power-control-uci-flow__mcs-over-time.csv,contract__scheduler-mac-queue-qos-power-control-uci-flow__mcs-over-time,True,True,True,12,0,
chart_lineage,reports/csv/contract__scheduler-mac-queue-qos-power-control-uci-flow__cqi-vs-selected-mcs.csv,contract__scheduler-mac-queue-qos-power-control-uci-flow__cqi-vs-selected-mcs,True,True,True,7,0,
chart_lineage,reports/csv/contract__scheduler-mac-queue-qos-power-control-uci-flow__queue-depth-over-time.csv,contract__scheduler-mac-queue-qos-power-control-uci-flow__queue-depth-over-time,True,True,True,3,0,
chart_lineage,reports/csv/contract__scheduler-mac-queue-qos-power-control-uci-flow__hol-delay-over-time.csv,contract__scheduler-mac-queue-qos-power-control-uci-flow__hol-delay-over-time,True,True,True,4,0,
chart_lineage,reports/csv/contract__scheduler-mac-queue-qos-power-control-uci-flow__scheduler-fairness-over-time.csv,contract__scheduler-mac-queue-qos-power-control-uci-flow__scheduler-fairness-over-time,True,True,False,6,1,low_information_reason_card_counted_as_chart
chart_lineage,reports/csv/contract__scheduler-mac-queue-qos-power-control-uci-flow__sr-bsr-event-timeline.csv,contract__scheduler-mac-queue-qos-power-control-uci-flow__sr-bsr-event-timeline,True,True,False,3,1,low_information_reason_card_counted_as_chart
chart_lineage,reports/csv/contract__scheduler-mac-queue-qos-power-control-uci-flow__grant-reason-distribution.csv,contract__scheduler-mac-queue-qos-power-control-uci-flow__grant-reason-distribution,True,True,True,2,0,
chart_lineage,reports/csv/contract__harq-ack-nack-retransmission__harq-process-timeline.csv,contract__harq-ack-nack-retransmission__harq-process-timeline,True,True,False,12,1,low_information_reason_card_counted_as_chart
chart_lineage,reports/csv/contract__harq-ack-nack-retransmission__rv-usage-distribution.csv,contract__harq-ack-nack-retransmission__rv-usage-distribution,True,True,False,1,1,low_information_reason_card_counted_as_chart
chart_lineage,reports/csv/contract__harq-ack-nack-retransmission__retransmission-count-histogram.csv,contract__harq-ack-nack-retransmission__retransmission-count-histogram,True,True,False,1,1,low_information_reason_card_counted_as_chart
chart_lineage,reports/csv/contract__harq-ack-nack-retransmission__ack-nack-timeline.csv,contract__harq-ack-nack-retransmission__ack-nack-timeline,True,True,False,6,1,low_information_reason_card_counted_as_chart
chart_lineage,reports/csv/contract__harq-ack-nack-retransmission__residual-bler-by-harq-process.csv,contract__harq-ack-nack-retransmission__residual-bler-by-harq-process,True,True,False,1,1,low_information_reason_card_counted_as_chart
chart_lineage,reports/csv/contract__harq-ack-nack-retransmission__combining-gain-histogram.csv,contract__harq-ack-nack-retransmission__combining-gain-histogram,True,True,False,1,1,low_information_reason_card_counted_as_chart
chart_lineage,reports/csv/contract__dl-control-phy-pdcch__aggregation-level-distribution.csv,contract__dl-control-phy-pdcch__aggregation-level-distribution,True,True,False,1,1,low_information_reason_card_counted_as_chart
chart_lineage,reports/csv/contract__dl-control-phy-pdcch__cce-usage-heatmap.csv,contract__dl-control-phy-pdcch__cce-usage-heatmap,True,True,False,12,1,low_information_reason_card_counted_as_chart
chart_lineage,reports/csv/contract__dl-control-phy-pdcch__pdcch-dmrs-occupancy.csv,contract__dl-control-phy-pdcch__pdcch-dmrs-occupancy,True,True,False,12,1,low_information_reason_card_counted_as_chart
chart_lineage,reports/csv/contract__dl-control-phy-pdcch__pdcch-decode-success-failure-trend-if-applicable.csv,contract__dl-control-phy-pdcch__pdcch-decode-success-failure-trend-if-applicable,True,True,False,3,1,low_information_reason_card_counted_as_chart
chart_lineage,reports/csv/contract__ssb-pbch-pss-sss__ssb-index-timeline.csv,contract__ssb-pbch-pss-sss__ssb-index-timeline,True,True,False,2,1,low_information_reason_card_counted_as_chart
chart_lineage,reports/csv/contract__ssb-pbch-pss-sss__ssb-pbch-occupancy-map.csv,contract__ssb-pbch-pss-sss__ssb-pbch-occupancy-map,True,True,False,20,1,low_information_reason_card_counted_as_chart
chart_lineage,reports/csv/contract__ssb-pbch-pss-sss__sync-success-failure-timeline-if-available.csv,contract__ssb-pbch-pss-sss__sync-success-failure-timeline-if-available,True,True,False,1,2,low_information_reason_card_counted_as_chart | insufficient_independent_x_values
chart_lineage,reports/csv/contract__csi-rs__csi-rs-resource-occupancy.csv,contract__csi-rs__csi-rs-resource-occupancy,True,True,True,546,0,
chart_lineage,reports/csv/contract__csi-rs__port-usage-chart.csv,contract__csi-rs__port-usage-chart,True,True,True,6,0,
chart_lineage,reports/csv/contract__pdsch-dl-data-chain__tb-size-over-time.csv,contract__pdsch-dl-data-chain__tb-size-over-time,True,True,True,3,0,
chart_lineage,reports/csv/contract__pdsch-dl-data-chain__mcs-code-rate-timeline.csv,contract__pdsch-dl-data-chain__mcs-code-rate-timeline,True,True,True,3,0,
chart_lineage,reports/csv/contract__pdsch-dl-data-chain__code-block-count-histogram.csv,contract__pdsch-dl-data-chain__code-block-count-histogram,True,True,True,2,0,
chart_lineage,reports/csv/contract__pdsch-dl-data-chain__dmrs-ptrs-occupancy-plot.csv,contract__pdsch-dl-data-chain__dmrs-ptrs-occupancy-plot,True,True,True,12,0,
chart_lineage,reports/csv/contract__pdsch-dl-data-chain__precoder-beam-selection-timeline.csv,contract__pdsch-dl-data-chain__precoder-beam-selection-timeline,True,True,True,6,0,
chart_lineage,reports/csv/contract__pdsch-dl-data-chain__dl-resource-grid-heatmap.csv,contract__pdsch-dl-data-chain__dl-resource-grid-heatmap,True,True,True,544,0,
chart_lineage,reports/csv/contract__pusch-ul-data-chain__decoder-iteration-histogram.csv,contract__pusch-ul-data-chain__decoder-iteration-histogram,True,True,True,3,0,
chart_lineage,reports/csv/contract__pusch-ul-data-chain__ta-estimate-timeline.csv,contract__pusch-ul-data-chain__ta-estimate-timeline,True,True,True,2,0,
chart_lineage,reports/csv/contract__pusch-ul-data-chain__llr-statistics-over-time.csv,contract__pusch-ul-data-chain__llr-statistics-over-time,True,True,True,6,0,
chart_lineage,reports/csv/contract__pusch-ul-data-chain__ul-resource-grid-equalized-symbol-summaries.csv,contract__pusch-ul-data-chain__ul-resource-grid-equalized-symbol-summaries,True,True,True,6,0,
chart_lineage,reports/csv/contract__pucch-f0-f1-f2-f3-f4__crash-error-timeline.csv,contract__pucch-f0-f1-f2-f3-f4__crash-error-timeline,True,True,False,3,1,low_information_reason_card_counted_as_chart
chart_lineage,reports/csv/contract__pucch-f0-f1-f2-f3-f4__uci-bit-count-distribution.csv,contract__pucch-f0-f1-f2-f3-f4__uci-bit-count-distribution,True,True,False,1,1,low_information_reason_card_counted_as_chart
chart_lineage,reports/csv/contract__prach-random-access__prach-peak-search-timeline.csv,contract__prach-random-access__prach-peak-search-timeline,True,True,False,2,1,low_information_reason_card_counted_as_chart
chart_lineage,reports/csv/contract__prach-random-access__noise-floor-trend.csv,contract__prach-random-access__noise-floor-trend,True,True,False,2,1,low_information_reason_card_counted_as_chart
chart_lineage,reports/csv/contract__prach-random-access__peak-value-histogram.csv,contract__prach-random-access__peak-value-histogram,True,True,False,2,1,low_information_reason_card_counted_as_chart
chart_lineage,reports/csv/contract__prach-random-access__preamble-usage-chart.csv,contract__prach-random-access__preamble-usage-chart,True,True,True,2,0,
chart_lineage,reports/csv/contract__prach-random-access__ta-estimate-trend.csv,contract__prach-random-access__ta-estimate-trend,True,True,True,2,0,
chart_lineage,reports/csv/contract__prach-random-access__access-attempt-success-timeline.csv,contract__prach-random-access__access-attempt-success-timeline,True,True,True,2,0,
chart_lineage,reports/csv/contract__srs-ul-sounding-massive-mimo-inputs__srs-validity-timeline.csv,contract__srs-ul-sounding-massive-mimo-inputs__srs-validity-timeline,True,True,False,1,2,low_information_reason_card_counted_as_chart | insufficient_independent_x_values
chart_lineage,reports/csv/contract__srs-ul-sounding-massive-mimo-inputs__channel-estimate-quality-trend.csv,contract__srs-ul-sounding-massive-mimo-inputs__channel-estimate-quality-trend,True,True,False,1,2,low_information_reason_card_counted_as_chart | insufficient_independent_x_values
chart_lineage,reports/csv/contract__srs-ul-sounding-massive-mimo-inputs__srs-consumption-by-scheduler-beam-module.csv,contract__srs-ul-sounding-massive-mimo-inputs__srs-consumption-by-scheduler-beam-module,True,True,False,1,2,low_information_reason_card_counted_as_chart | insufficient_independent_x_values
chart_lineage,reports/csv/contract__channel-interference-impairments__channel-quality-timeline.csv,contract__channel-interference-impairments__channel-quality-timeline,True,True,True,6,0,
chart_lineage,reports/csv/contract__channel-interference-impairments__cfo-true-vs-estimated-vs-residual.csv,contract__channel-interference-impairments__cfo-true-vs-estimated-vs-residual,True,True,True,16,0,
chart_lineage,reports/csv/contract__channel-interference-impairments__timing-offset-true-vs-estimated-vs-residual.csv,contract__channel-interference-impairments__timing-offset-true-vs-estimated-vs-residual,True,True,True,2,0,
chart_lineage,reports/csv/contract__channel-interference-impairments__interference-power-timeline.csv,contract__channel-interference-impairments__interference-power-timeline,True,True,True,6,0,
chart_lineage,reports/csv/contract__measurements-csi-link-adaptation-inputs__applied-vs-measured-runtime-snr-sinr-comparison.csv,contract__measurements-csi-link-adaptation-inputs__applied-vs-measured-runtime-snr-sinr-comparison,True,True,True,36,0,
chart_lineage,reports/csv/contract__measurements-csi-link-adaptation-inputs__rsrp-csi-rsrp-timeline.csv,contract__measurements-csi-link-adaptation-inputs__rsrp-csi-rsrp-timeline,True,True,False,30,1,low_information_reason_card_counted_as_chart
chart_lineage,reports/csv/contract__measurements-csi-link-adaptation-inputs__cqi-pmi-ri-cri-timeline.csv,contract__measurements-csi-link-adaptation-inputs__cqi-pmi-ri-cri-timeline,True,True,True,12,0,
chart_lineage,reports/csv/contract__measurements-csi-link-adaptation-inputs__measurement-source-coverage-chart.csv,contract__measurements-csi-link-adaptation-inputs__measurement-source-coverage-chart,True,True,True,5,0,
chart_lineage,reports/csv/contract__measurements-csi-link-adaptation-inputs__config-vs-measured-conflict-dashboard.csv,contract__measurements-csi-link-adaptation-inputs__config-vs-measured-conflict-dashboard,True,True,True,2,0,
chart_lineage,reports/csv/contract__beamforming-precoding-mimo-massive-mimo__selected-vs-best-beam-timeline.csv,contract__beamforming-precoding-mimo-massive-mimo__selected-vs-best-beam-timeline,True,True,False,18,1,low_information_reason_card_counted_as_chart
chart_lineage,reports/csv/contract__beamforming-precoding-mimo-massive-mimo__beam-gain-gap-histogram.csv,contract__beamforming-precoding-mimo-massive-mimo__beam-gain-gap-histogram,True,True,True,12,0,
chart_lineage,reports/csv/contract__beamforming-precoding-mimo-massive-mimo__beam-hit-rate-timeline.csv,contract__beamforming-precoding-mimo-massive-mimo__beam-hit-rate-timeline,True,True,False,3,1,low_information_reason_card_counted_as_chart
chart_lineage,reports/csv/contract__beamforming-precoding-mimo-massive-mimo__rank-distribution.csv,contract__beamforming-precoding-mimo-massive-mimo__rank-distribution,True,True,False,1,1,low_information_reason_card_counted_as_chart
chart_lineage,reports/csv/contract__beamforming-precoding-mimo-massive-mimo__condition-number-distribution.csv,contract__beamforming-precoding-mimo-massive-mimo__condition-number-distribution,True,True,True,20,0,
chart_lineage,reports/csv/contract__beamforming-precoding-mimo-massive-mimo__mu-grouping-summary.csv,contract__beamforming-precoding-mimo-massive-mimo__mu-grouping-summary,True,True,True,2,0,
chart_lineage,reports/csv/contract__beamforming-precoding-mimo-massive-mimo__precoder-mode-distribution.csv,contract__beamforming-precoding-mimo-massive-mimo__precoder-mode-distribution,True,True,True,3,0,
chart_lineage,reports/csv/contract__ue-side-state-ue-power-ue-control__ue-tx-power-timeline.csv,contract__ue-side-state-ue-power-ue-control__ue-tx-power-timeline,True,True,False,5,1,low_information_reason_card_counted_as_chart
chart_lineage,reports/csv/contract__ue-side-state-ue-power-ue-control__ue-control-report-timeline.csv,contract__ue-side-state-ue-power-ue-control__ue-control-report-timeline,True,True,True,25,0,
chart_lineage,reports/csv/contract__ue-side-state-ue-power-ue-control__drx-state-timeline.csv,contract__ue-side-state-ue-power-ue-control__drx-state-timeline,True,True,False,2,1,low_information_reason_card_counted_as_chart
chart_lineage,reports/csv/contract__ue-side-state-ue-power-ue-control__ue-energy-proxy-timeline.csv,contract__ue-side-state-ue-power-ue-control__ue-energy-proxy-timeline,True,True,True,9,0,
chart_lineage,reports/csv/contract__gnb-side-state-thread-coordinator-phy-mac-api__per-cell-context-health-timeline.csv,contract__gnb-side-state-thread-coordinator-phy-mac-api__per-cell-context-health-timeline,True,True,False,1,2,low_information_reason_card_counted_as_chart | insufficient_independent_x_values
chart_lineage,reports/csv/contract__power-energy-thermal-compute-runtime__tx-power-timeline-per-cell.csv,contract__power-energy-thermal-compute-runtime__tx-power-timeline-per-cell,True,True,False,4,1,low_information_reason_card_counted_as_chart
chart_lineage,reports/csv/contract__power-energy-thermal-compute-runtime__tx-power-timeline-per-ue.csv,contract__power-energy-thermal-compute-runtime__tx-power-timeline-per-ue,True,True,False,5,1,low_information_reason_card_counted_as_chart
chart_lineage,reports/csv/contract__power-energy-thermal-compute-runtime__power-vs-throughput.csv,contract__power-energy-thermal-compute-runtime__power-vs-throughput,True,True,True,12,0,
chart_lineage,reports/csv/contract__power-energy-thermal-compute-runtime__power-vs-bler.csv,contract__power-energy-thermal-compute-runtime__power-vs-bler,True,True,False,12,1,low_information_reason_card_counted_as_chart
chart_lineage,reports/csv/contract__power-energy-thermal-compute-runtime__energy-per-bit-over-time.csv,contract__power-energy-thermal-compute-runtime__energy-per-bit-over-time,True,True,True,6,0,
chart_lineage,reports/csv/contract__power-energy-thermal-compute-runtime__joules-gb-over-time.csv,contract__power-energy-thermal-compute-runtime__joules-gb-over-time,True,True,True,6,0,
chart_lineage,reports/csv/contract__power-energy-thermal-compute-runtime__papr-distribution.csv,contract__power-energy-thermal-compute-runtime__papr-distribution,True,True,True,5,0,
chart_lineage,reports/csv/contract__power-energy-thermal-compute-runtime__sleep-state-timeline.csv,contract__power-energy-thermal-compute-runtime__sleep-state-timeline,True,True,True,8,0,
chart_lineage,reports/csv/contract__power-energy-thermal-compute-runtime__efficiency-scatter-plots.csv,contract__power-energy-thermal-compute-runtime__efficiency-scatter-plots,True,True,True,2,0,
chart_lineage,reports/csv/contract__persistence-export-consistency-browser-health__duplicate-write-count-trend.csv,contract__persistence-export-consistency-browser-health__duplicate-write-count-trend,True,True,False,2679,1,low_information_reason_card_counted_as_chart
chart_lineage,reports/csv/contract__persistence-export-consistency-browser-health__consistency-failure-trend.csv,contract__persistence-export-consistency-browser-health__consistency-failure-trend,True,True,True,130,0,
chart_lineage,reports/csv/contract__fixed-snr-sinr-sweep-validation__dl-bler-vs-snr.csv,contract__fixed-snr-sinr-sweep-validation__dl-bler-vs-snr,True,True,False,1,1,low_information_reason_card_counted_as_chart
chart_lineage,reports/csv/contract__fixed-snr-sinr-sweep-validation__ul-bler-vs-snr.csv,contract__fixed-snr-sinr-sweep-validation__ul-bler-vs-snr,True,True,False,1,1,low_information_reason_card_counted_as_chart
chart_lineage,reports/csv/contract__fixed-snr-sinr-sweep-validation__dl-ber-vs-snr.csv,contract__fixed-snr-sinr-sweep-validation__dl-ber-vs-snr,True,True,False,1,1,low_information_reason_card_counted_as_chart
chart_lineage,reports/csv/contract__fixed-snr-sinr-sweep-validation__ul-ber-vs-snr.csv,contract__fixed-snr-sinr-sweep-validation__ul-ber-vs-snr,True,True,False,1,1,low_information_reason_card_counted_as_chart
chart_lineage,reports/csv/contract__fixed-snr-sinr-sweep-validation__throughput-vs-snr.csv,contract__fixed-snr-sinr-sweep-validation__throughput-vs-snr,True,True,False,1,1,low_information_reason_card_counted_as_chart
chart_lineage,reports/csv/contract__fixed-snr-sinr-sweep-validation__measured-sinr-vs-configured-snr.csv,contract__fixed-snr-sinr-sweep-validation__measured-sinr-vs-configured-snr,True,True,False,1,1,low_information_reason_card_counted_as_chart
chart_lineage,reports/csv/contract__geometry-mobility-validation__measured-sinr-vs-slot.csv,contract__geometry-mobility-validation__measured-sinr-vs-slot,True,True,True,3,0,
chart_lineage,reports/csv/contract__generic-investigator-views__investigator-stage-lineage-graph.csv,contract__generic-investigator-views__investigator-stage-lineage-graph,True,True,False,83,1,low_information_reason_card_counted_as_chart
chart_lineage,reports/csv/contract__generic-investigator-views__truth-violation-rollup.csv,contract__generic-investigator-views__truth-violation-rollup,True,True,False,1,1,low_information_reason_card_counted_as_chart
chart_lineage,reports/csv/contract__generic-investigator-views__partial-or-missing-data-dashboard.csv,contract__generic-investigator-views__partial-or-missing-data-dashboard,True,True,True,2,0,
chart_lineage,reports/csv/contract__generic-investigator-views__config-vs-measured-conflict-dashboard.csv,contract__generic-investigator-views__config-vs-measured-conflict-dashboard,True,True,True,2,0,
chart_lineage,reports/csv/contract__generic-investigator-views__value-semantics-coverage-chart.csv,contract__generic-investigator-views__value-semantics-coverage-chart,True,True,True,3,0,
chart_lineage,analytics/csv/contract__waveform-time-domain-analytics__tx-waveform.csv,contract__waveform-time-domain-analytics__tx-waveform,True,True,True,1024,0,
chart_lineage,analytics/csv/contract__waveform-time-domain-analytics__rx-waveform.csv,contract__waveform-time-domain-analytics__rx-waveform,True,True,True,1024,0,
chart_lineage,analytics/csv/contract__waveform-time-domain-analytics__magnitude-vs-sample.csv,contract__waveform-time-domain-analytics__magnitude-vs-sample,True,True,True,1024,0,
chart_lineage,analytics/csv/contract__waveform-time-domain-analytics__phase-vs-sample.csv,contract__waveform-time-domain-analytics__phase-vs-sample,True,True,True,1024,0,
chart_lineage,analytics/csv/contract__waveform-time-domain-analytics__power-vs-sample.csv,contract__waveform-time-domain-analytics__power-vs-sample,True,True,True,1024,0,
chart_lineage,analytics/csv/contract__spectrum-psd-papr-analytics__psd.csv,contract__spectrum-psd-papr-analytics__psd,True,True,True,512,0,
chart_lineage,analytics/csv/contract__spectrum-psd-papr-analytics__occupied-bandwidth.csv,contract__spectrum-psd-papr-analytics__occupied-bandwidth,True,True,False,1,1,low_information_reason_card_counted_as_chart
chart_lineage,analytics/csv/contract__spectrum-psd-papr-analytics__out-of-band-spectral-summaries-if-measurable.csv,contract__spectrum-psd-papr-analytics__out-of-band-spectral-summaries-if-measurable,True,True,False,1,1,low_information_reason_card_counted_as_chart
chart_lineage,analytics/csv/contract__spectrum-psd-papr-analytics__papr-histogram-cdf.csv,contract__spectrum-psd-papr-analytics__papr-histogram-cdf,True,True,True,12,0,
chart_lineage,analytics/csv/contract__spectrum-psd-papr-analytics__clipping-event-histogram.csv,contract__spectrum-psd-papr-analytics__clipping-event-histogram,True,True,False,1,1,low_information_reason_card_counted_as_chart
chart_lineage,analytics/csv/contract__spectrum-psd-papr-analytics__power-spectral-comparison-before-after-impairment.csv,contract__spectrum-psd-papr-analytics__power-spectral-comparison-before-after-impairment,True,True,True,512,0,
chart_lineage,analytics/csv/contract__constellation-evm-analytics__post-equalization-constellation.csv,contract__constellation-evm-analytics__post-equalization-constellation,True,True,True,12288,0,
chart_lineage,analytics/csv/contract__constellation-evm-analytics__constellation-per-layer.csv,contract__constellation-evm-analytics__constellation-per-layer,True,True,True,6144,0,
chart_lineage,analytics/csv/contract__constellation-evm-analytics__constellation-per-codeword.csv,contract__constellation-evm-analytics__constellation-per-codeword,True,True,True,6144,0,
chart_lineage,analytics/csv/contract__constellation-evm-analytics__constellation-per-modulation-order.csv,contract__constellation-evm-analytics__constellation-per-modulation-order,True,True,True,12288,0,
chart_lineage,analytics/csv/contract__constellation-evm-analytics__evm-rms.csv,contract__constellation-evm-analytics__evm-rms,True,True,True,2,0,
chart_lineage,analytics/csv/contract__constellation-evm-analytics__evm-per-symbol.csv,contract__constellation-evm-analytics__evm-per-symbol,True,True,False,6144,1,low_information_reason_card_counted_as_chart
chart_lineage,analytics/csv/contract__constellation-evm-analytics__evm-per-subcarrier.csv,contract__constellation-evm-analytics__evm-per-subcarrier,True,True,True,6144,0,
chart_lineage,analytics/csv/contract__constellation-evm-analytics__evm-per-layer.csv,contract__constellation-evm-analytics__evm-per-layer,True,True,False,6144,1,low_information_reason_card_counted_as_chart
chart_lineage,analytics/csv/contract__constellation-evm-analytics__symbol-decision-error-histogram.csv,contract__constellation-evm-analytics__symbol-decision-error-histogram,True,True,True,12288,0,
chart_lineage,analytics/csv/contract__resource-grid-re-occupancy-analytics__re-occupancy-heatmap.csv,contract__resource-grid-re-occupancy-analytics__re-occupancy-heatmap,True,True,True,1519,0,
chart_lineage,analytics/csv/contract__resource-grid-re-occupancy-analytics__prb-heatmap.csv,contract__resource-grid-re-occupancy-analytics__prb-heatmap,True,True,True,680,0,
chart_lineage,analytics/csv/contract__resource-grid-re-occupancy-analytics__pdcch-map.csv,contract__resource-grid-re-occupancy-analytics__pdcch-map,True,True,False,12,1,low_information_reason_card_counted_as_chart
chart_lineage,analytics/csv/contract__resource-grid-re-occupancy-analytics__pbch-ssb-map.csv,contract__resource-grid-re-occupancy-analytics__pbch-ssb-map,True,True,False,2,1,low_information_reason_card_counted_as_chart
chart_lineage,analytics/csv/contract__resource-grid-re-occupancy-analytics__csi-rs-map.csv,contract__resource-grid-re-occupancy-analytics__csi-rs-map,True,True,True,546,0,
chart_lineage,analytics/csv/contract__resource-grid-re-occupancy-analytics__pdsch-map.csv,contract__resource-grid-re-occupancy-analytics__pdsch-map,True,True,True,544,0,
chart_lineage,analytics/csv/contract__resource-grid-re-occupancy-analytics__pusch-map.csv,contract__resource-grid-re-occupancy-analytics__pusch-map,True,True,True,680,0,
chart_lineage,analytics/csv/contract__resource-grid-re-occupancy-analytics__pucch-map.csv,contract__resource-grid-re-occupancy-analytics__pucch-map,True,True,False,6,1,low_information_reason_card_counted_as_chart
chart_lineage,analytics/csv/contract__resource-grid-re-occupancy-analytics__prach-opportunity-map.csv,contract__resource-grid-re-occupancy-analytics__prach-opportunity-map,True,True,False,2,1,low_information_reason_card_counted_as_chart
chart_lineage,analytics/csv/contract__resource-grid-re-occupancy-analytics__srs-map.csv,contract__resource-grid-re-occupancy-analytics__srs-map,True,True,False,2,1,low_information_reason_card_counted_as_chart
chart_lineage,analytics/csv/contract__resource-grid-re-occupancy-analytics__dmrs-ptrs-occupancy-map.csv,contract__resource-grid-re-occupancy-analytics__dmrs-ptrs-occupancy-map,True,True,True,12,0,
chart_lineage,analytics/csv/contract__channel-estimation-propagation-analytics__noise-variance-trend.csv,contract__channel-estimation-propagation-analytics__noise-variance-trend,True,True,True,3,0,
chart_lineage,analytics/csv/contract__channel-estimation-propagation-analytics__nmse-vs-snr-sinr.csv,contract__channel-estimation-propagation-analytics__nmse-vs-snr-sinr,True,True,False,1,2,low_information_reason_card_counted_as_chart | insufficient_independent_x_values
chart_lineage,analytics/csv/contract__channel-estimation-propagation-analytics__estimator-bias-variance-summaries.csv,contract__channel-estimation-propagation-analytics__estimator-bias-variance-summaries,True,True,True,6,0,
chart_lineage,analytics/csv/contract__channel-estimation-propagation-analytics__serving-vs-interferer-decomposition.csv,contract__channel-estimation-propagation-analytics__serving-vs-interferer-decomposition,True,True,True,6,0,
chart_lineage,analytics/csv/contract__detection-control-analytics__p-fa.csv,contract__detection-control-analytics__p-fa,True,True,False,1,1,low_information_reason_card_counted_as_chart
chart_lineage,analytics/csv/contract__detection-control-analytics__far.csv,contract__detection-control-analytics__far,True,True,False,1,1,low_information_reason_card_counted_as_chart
chart_lineage,analytics/csv/contract__detection-control-analytics__p-md.csv,contract__detection-control-analytics__p-md,True,True,False,1,1,low_information_reason_card_counted_as_chart
chart_lineage,analytics/csv/contract__detection-control-analytics__p-d.csv,contract__detection-control-analytics__p-d,True,True,False,1,1,low_information_reason_card_counted_as_chart
chart_lineage,analytics/csv/contract__detection-control-analytics__prach-correlation-peak-distributions.csv,contract__detection-control-analytics__prach-correlation-peak-distributions,True,True,False,2,1,low_information_reason_card_counted_as_chart
chart_lineage,analytics/csv/contract__detection-control-analytics__prach-noise-floor-distributions.csv,contract__detection-control-analytics__prach-noise-floor-distributions,True,True,False,2,1,low_information_reason_card_counted_as_chart
chart_lineage,analytics/csv/contract__detection-control-analytics__prach-peak-search-results.csv,contract__detection-control-analytics__prach-peak-search-results,True,True,False,2,1,low_information_reason_card_counted_as_chart
chart_lineage,analytics/csv/contract__detection-control-analytics__ssb-detection-statistics.csv,contract__detection-control-analytics__ssb-detection-statistics,True,True,False,1,1,low_information_reason_card_counted_as_chart
chart_lineage,analytics/csv/contract__detection-control-analytics__control-decode-success-failure-tables.csv,contract__detection-control-analytics__control-decode-success-failure-tables,True,True,False,1,1,low_information_reason_card_counted_as_chart
chart_lineage,analytics/csv/contract__detection-control-analytics__pbch-pdcch-pucch-detection-and-decode-timelines.csv,contract__detection-control-analytics__pbch-pdcch-pucch-detection-and-decode-timelines,True,True,False,1,2,low_information_reason_card_counted_as_chart | insufficient_independent_x_values
chart_lineage,analytics/csv/contract__error-reliability-analytics__ber.csv,contract__error-reliability-analytics__ber,True,True,False,1,1,low_information_reason_card_counted_as_chart
chart_lineage,analytics/csv/contract__error-reliability-analytics__bler.csv,contract__error-reliability-analytics__bler,True,True,False,1,1,low_information_reason_card_counted_as_chart
chart_lineage,analytics/csv/contract__error-reliability-analytics__fer.csv,contract__error-reliability-analytics__fer,True,True,False,1,1,low_information_reason_card_counted_as_chart
chart_lineage,analytics/csv/contract__error-reliability-analytics__crc-pass-fail-rates.csv,contract__error-reliability-analytics__crc-pass-fail-rates,True,True,True,2,0,
chart_lineage,analytics/csv/contract__error-reliability-analytics__code-block-error-rates.csv,contract__error-reliability-analytics__code-block-error-rates,True,True,False,1,1,low_information_reason_card_counted_as_chart
chart_lineage,analytics/csv/contract__error-reliability-analytics__cbg-error-rates.csv,contract__error-reliability-analytics__cbg-error-rates,True,True,False,1,1,low_information_reason_card_counted_as_chart
chart_lineage,analytics/csv/contract__error-reliability-analytics__residual-bler-after-harq.csv,contract__error-reliability-analytics__residual-bler-after-harq,True,True,False,2,1,low_information_reason_card_counted_as_chart
chart_lineage,analytics/csv/contract__error-reliability-analytics__decoder-iteration-distributions.csv,contract__error-reliability-analytics__decoder-iteration-distributions,True,True,True,12,0,
chart_lineage,analytics/csv/contract__error-reliability-analytics__per-channel-reliability-breakdown.csv,contract__error-reliability-analytics__per-channel-reliability-breakdown,True,True,False,1,1,low_information_reason_card_counted_as_chart
chart_lineage,analytics/csv/contract__error-reliability-analytics__per-ue-and-per-cell-reliability.csv,contract__error-reliability-analytics__per-ue-and-per-cell-reliability,True,True,False,2,1,low_information_reason_card_counted_as_chart
chart_lineage,analytics/csv/contract__error-reliability-analytics__bler-vs-snr.csv,contract__error-reliability-analytics__bler-vs-snr,True,True,False,12,1,low_information_reason_card_counted_as_chart
chart_lineage,analytics/csv/contract__error-reliability-analytics__bler-vs-sinr.csv,contract__error-reliability-analytics__bler-vs-sinr,True,True,False,7,1,low_information_reason_card_counted_as_chart
chart_lineage,analytics/csv/contract__error-reliability-analytics__bler-vs-mcs.csv,contract__error-reliability-analytics__bler-vs-mcs,True,True,False,3,1,low_information_reason_card_counted_as_chart
chart_lineage,analytics/csv/contract__error-reliability-analytics__ber-vs-snr.csv,contract__error-reliability-analytics__ber-vs-snr,True,True,False,12,1,low_information_reason_card_counted_as_chart
chart_lineage,analytics/csv/contract__error-reliability-analytics__fer-vs-snr.csv,contract__error-reliability-analytics__fer-vs-snr,True,True,False,14,1,low_information_reason_card_counted_as_chart
chart_lineage,analytics/csv/contract__throughput-goodput-spectral-efficiency-analytics__throughput.csv,contract__throughput-goodput-spectral-efficiency-analytics__throughput,True,True,True,2,0,
chart_lineage,analytics/csv/contract__throughput-goodput-spectral-efficiency-analytics__offered-throughput.csv,contract__throughput-goodput-spectral-efficiency-analytics__offered-throughput,True,True,True,2,0,
chart_lineage,analytics/csv/contract__throughput-goodput-spectral-efficiency-analytics__goodput.csv,contract__throughput-goodput-spectral-efficiency-analytics__goodput,True,True,True,2,0,
chart_lineage,analytics/csv/contract__throughput-goodput-spectral-efficiency-analytics__spectral-efficiency.csv,contract__throughput-goodput-spectral-efficiency-analytics__spectral-efficiency,True,True,True,2,0,
chart_lineage,analytics/csv/contract__throughput-goodput-spectral-efficiency-analytics__throughput-over-time.csv,contract__throughput-goodput-spectral-efficiency-analytics__throughput-over-time,True,True,True,6,0,
chart_lineage,analytics/csv/contract__throughput-goodput-spectral-efficiency-analytics__goodput-over-time.csv,contract__throughput-goodput-spectral-efficiency-analytics__goodput-over-time,True,True,True,6,0,
chart_lineage,analytics/csv/contract__throughput-goodput-spectral-efficiency-analytics__throughput-vs-snr.csv,contract__throughput-goodput-spectral-efficiency-analytics__throughput-vs-snr,True,True,True,12,0,
chart_lineage,analytics/csv/contract__throughput-goodput-spectral-efficiency-analytics__throughput-vs-sinr.csv,contract__throughput-goodput-spectral-efficiency-analytics__throughput-vs-sinr,True,True,True,12,0,
chart_lineage,analytics/csv/contract__throughput-goodput-spectral-efficiency-analytics__throughput-vs-load.csv,contract__throughput-goodput-spectral-efficiency-analytics__throughput-vs-load,True,True,False,1,1,low_information_reason_card_counted_as_chart
chart_lineage,analytics/csv/contract__throughput-goodput-spectral-efficiency-analytics__goodput-vs-retransmissions.csv,contract__throughput-goodput-spectral-efficiency-analytics__goodput-vs-retransmissions,True,True,False,1,1,low_information_reason_card_counted_as_chart
chart_lineage,analytics/csv/contract__throughput-goodput-spectral-efficiency-analytics__per-ue-throughput.csv,contract__throughput-goodput-spectral-efficiency-analytics__per-ue-throughput,True,True,True,2,0,
chart_lineage,analytics/csv/contract__throughput-goodput-spectral-efficiency-analytics__per-cell-throughput.csv,contract__throughput-goodput-spectral-efficiency-analytics__per-cell-throughput,True,True,False,1,1,low_information_reason_card_counted_as_chart
chart_lineage,analytics/csv/contract__throughput-goodput-spectral-efficiency-analytics__throughput-percentile-plots.csv,contract__throughput-goodput-spectral-efficiency-analytics__throughput-percentile-plots,True,True,True,2,0,
chart_lineage,analytics/csv/contract__throughput-goodput-spectral-efficiency-analytics__throughput-cdf.csv,contract__throughput-goodput-spectral-efficiency-analytics__throughput-cdf,True,True,False,2,1,low_information_reason_card_counted_as_chart
chart_lineage,analytics/csv/contract__throughput-goodput-spectral-efficiency-analytics__fairness-index-trend.csv,contract__throughput-goodput-spectral-efficiency-analytics__fairness-index-trend,True,True,False,6,1,low_information_reason_card_counted_as_chart
chart_lineage,analytics/csv/contract__measurement-csi-link-adaptation-analytics__applied-awgn-snr-vs-measured-runtime-sinr-comparison.csv,contract__measurement-csi-link-adaptation-analytics__applied-awgn-snr-vs-measured-runtime-sinr-comparison,True,True,True,36,0,
chart_lineage,analytics/csv/contract__measurement-csi-link-adaptation-analytics__servingrsrp-rsrp-csi-rsrp-trends.csv,contract__measurement-csi-link-adaptation-analytics__servingrsrp-rsrp-csi-rsrp-trends,True,True,False,30,1,low_information_reason_card_counted_as_chart
chart_lineage,analytics/csv/contract__measurement-csi-link-adaptation-analytics__cqi-pmi-ri-cri-ssbri-trends.csv,contract__measurement-csi-link-adaptation-analytics__cqi-pmi-ri-cri-ssbri-trends,True,True,True,30,0,
chart_lineage,analytics/csv/contract__measurement-csi-link-adaptation-analytics__cqi-to-mcs-mapping-plot.csv,contract__measurement-csi-link-adaptation-analytics__cqi-to-mcs-mapping-plot,True,True,True,7,0,
chart_lineage,analytics/csv/contract__measurement-csi-link-adaptation-analytics__selected-mcs-distribution.csv,contract__measurement-csi-link-adaptation-analytics__selected-mcs-distribution,True,True,True,12,0,
chart_lineage,analytics/csv/contract__measurement-csi-link-adaptation-analytics__selected-vs-derived-mcs-confusion-matrix.csv,contract__measurement-csi-link-adaptation-analytics__selected-vs-derived-mcs-confusion-matrix,True,True,True,12,0,
chart_lineage,analytics/csv/contract__measurement-csi-link-adaptation-analytics__quality-vs-selected-mcs-mismatch-plot.csv,contract__measurement-csi-link-adaptation-analytics__quality-vs-selected-mcs-mismatch-plot,True,True,True,12,0,
chart_lineage,analytics/csv/contract__measurement-csi-link-adaptation-analytics__per-beam-quality-plot.csv,contract__measurement-csi-link-adaptation-analytics__per-beam-quality-plot,True,True,False,1,2,low_information_reason_card_counted_as_chart | insufficient_independent_x_values
chart_lineage,analytics/csv/contract__measurement-csi-link-adaptation-analytics__per-layer-quality-plot.csv,contract__measurement-csi-link-adaptation-analytics__per-layer-quality-plot,True,True,False,1,2,low_information_reason_card_counted_as_chart | insufficient_independent_x_values
chart_lineage,analytics/csv/contract__measurement-csi-link-adaptation-analytics__config-vs-measured-conflict-dashboard.csv,contract__measurement-csi-link-adaptation-analytics__config-vs-measured-conflict-dashboard,True,True,True,2,0,
chart_lineage,analytics/csv/contract__harq-analytics__harq-process-timeline.csv,contract__harq-analytics__harq-process-timeline,True,True,False,12,1,low_information_reason_card_counted_as_chart
chart_lineage,analytics/csv/contract__harq-analytics__retransmission-count-histogram.csv,contract__harq-analytics__retransmission-count-histogram,True,True,False,1,1,low_information_reason_card_counted_as_chart
chart_lineage,analytics/csv/contract__harq-analytics__retransmission-rate-trend.csv,contract__harq-analytics__retransmission-rate-trend,True,True,False,6,1,low_information_reason_card_counted_as_chart
chart_lineage,analytics/csv/contract__harq-analytics__harq-rtt-distribution.csv,contract__harq-analytics__harq-rtt-distribution,True,True,True,2,0,
chart_lineage,analytics/csv/contract__harq-analytics__harq-combining-gain-distribution.csv,contract__harq-analytics__harq-combining-gain-distribution,True,True,False,1,1,low_information_reason_card_counted_as_chart
chart_lineage,analytics/csv/contract__harq-analytics__newtx-vs-retx-comparison.csv,contract__harq-analytics__newtx-vs-retx-comparison,True,True,False,1,1,low_information_reason_card_counted_as_chart
chart_lineage,analytics/csv/contract__harq-analytics__residual-failure-patterns.csv,contract__harq-analytics__residual-failure-patterns,True,True,False,1,1,low_information_reason_card_counted_as_chart
chart_lineage,analytics/csv/contract__beamforming-precoding-mimo-analytics__antenna-element-layout.csv,contract__beamforming-precoding-mimo-analytics__antenna-element-layout,True,True,False,2,1,low_information_reason_card_counted_as_chart
chart_lineage,analytics/csv/contract__beamforming-precoding-mimo-analytics__antenna-radiation-pattern.csv,contract__beamforming-precoding-mimo-analytics__antenna-radiation-pattern,True,True,False,73,1,low_information_reason_card_counted_as_chart
chart_lineage,analytics/csv/contract__beamforming-precoding-mimo-analytics__beam-pattern-3d.csv,contract__beamforming-precoding-mimo-analytics__beam-pattern-3d,True,True,True,925,0,
chart_lineage,analytics/csv/contract__beamforming-precoding-mimo-analytics__beam-id-timeline.csv,contract__beamforming-precoding-mimo-analytics__beam-id-timeline,True,True,False,18,1,low_information_reason_card_counted_as_chart
chart_lineage,analytics/csv/contract__beamforming-precoding-mimo-analytics__beam-pair-timeline.csv,contract__beamforming-precoding-mimo-analytics__beam-pair-timeline,True,True,False,18,1,low_information_reason_card_counted_as_chart
chart_lineage,analytics/csv/contract__beamforming-precoding-mimo-analytics__selected-vs-best-beam-gap.csv,contract__beamforming-precoding-mimo-analytics__selected-vs-best-beam-gap,True,True,True,12,0,
chart_lineage,analytics/csv/contract__beamforming-precoding-mimo-analytics__beam-hit-rate-top-k-hit-rate.csv,contract__beamforming-precoding-mimo-analytics__beam-hit-rate-top-k-hit-rate,True,True,False,3,1,low_information_reason_card_counted_as_chart
chart_lineage,analytics/csv/contract__beamforming-precoding-mimo-analytics__beam-gain-gap-histogram.csv,contract__beamforming-precoding-mimo-analytics__beam-gain-gap-histogram,True,True,True,12,0,
chart_lineage,analytics/csv/contract__beamforming-precoding-mimo-analytics__precoder-mode-distribution.csv,contract__beamforming-precoding-mimo-analytics__precoder-mode-distribution,True,True,True,3,0,
chart_lineage,analytics/csv/contract__beamforming-precoding-mimo-analytics__combiner-summary.csv,contract__beamforming-precoding-mimo-analytics__combiner-summary,True,True,False,3,1,low_information_reason_card_counted_as_chart
chart_lineage,analytics/csv/contract__beamforming-precoding-mimo-analytics__rank-distribution.csv,contract__beamforming-precoding-mimo-analytics__rank-distribution,True,True,False,1,1,low_information_reason_card_counted_as_chart
chart_lineage,analytics/csv/contract__beamforming-precoding-mimo-analytics__per-layer-sinr.csv,contract__beamforming-precoding-mimo-analytics__per-layer-sinr,True,True,True,12,0,
chart_lineage,analytics/csv/contract__beamforming-precoding-mimo-analytics__inter-user-leakage.csv,contract__beamforming-precoding-mimo-analytics__inter-user-leakage,True,True,True,6,0,
chart_lineage,analytics/csv/contract__beamforming-precoding-mimo-analytics__mu-grouping-analytics.csv,contract__beamforming-precoding-mimo-analytics__mu-grouping-analytics,True,True,True,2,0,
chart_lineage,analytics/csv/contract__beamforming-precoding-mimo-analytics__condition-number-distribution.csv,contract__beamforming-precoding-mimo-analytics__condition-number-distribution,True,True,True,20,0,
chart_lineage,analytics/csv/contract__random-access-prach-analytics__detection-rate.csv,contract__random-access-prach-analytics__detection-rate,True,True,False,1,1,low_information_reason_card_counted_as_chart
chart_lineage,analytics/csv/contract__random-access-prach-analytics__false-alarm-rate.csv,contract__random-access-prach-analytics__false-alarm-rate,True,True,False,1,1,low_information_reason_card_counted_as_chart
chart_lineage,analytics/csv/contract__random-access-prach-analytics__missed-detection-rate.csv,contract__random-access-prach-analytics__missed-detection-rate,True,True,False,1,1,low_information_reason_card_counted_as_chart
chart_lineage,analytics/csv/contract__random-access-prach-analytics__access-latency.csv,contract__random-access-prach-analytics__access-latency,True,True,True,2,0,
chart_lineage,analytics/csv/contract__random-access-prach-analytics__retry-count-distribution.csv,contract__random-access-prach-analytics__retry-count-distribution,True,True,False,2,1,low_information_reason_card_counted_as_chart
chart_lineage,analytics/csv/contract__random-access-prach-analytics__timing-advance-distribution.csv,contract__random-access-prach-analytics__timing-advance-distribution,True,True,True,2,0,
chart_lineage,analytics/csv/contract__random-access-prach-analytics__preamble-root-cyclic-shift-usage-summary.csv,contract__random-access-prach-analytics__preamble-root-cyclic-shift-usage-summary,True,True,False,2,1,low_information_reason_card_counted_as_chart
chart_lineage,analytics/csv/contract__impairments-tracking-analytics__cfo-true-vs-estimated-vs-residual.csv,contract__impairments-tracking-analytics__cfo-true-vs-estimated-vs-residual,True,True,True,16,0,
chart_lineage,analytics/csv/contract__impairments-tracking-analytics__timing-offset-true-vs-estimated-vs-residual.csv,contract__impairments-tracking-analytics__timing-offset-true-vs-estimated-vs-residual,True,True,True,2,0,
chart_lineage,analytics/csv/contract__impairments-tracking-analytics__iq-imbalance-summary.csv,contract__impairments-tracking-analytics__iq-imbalance-summary,True,True,False,6,1,low_information_reason_card_counted_as_chart
chart_lineage,analytics/csv/contract__power-energy-efficiency-analytics__dl-tx-power-per-cell-beam-ue.csv,contract__power-energy-efficiency-analytics__dl-tx-power-per-cell-beam-ue,True,True,True,4,0,
chart_lineage,analytics/csv/contract__power-energy-efficiency-analytics__baseband-power.csv,contract__power-energy-efficiency-analytics__baseband-power,True,True,True,9,0,
chart_lineage,analytics/csv/contract__power-energy-efficiency-analytics__power-vs-throughput.csv,contract__power-energy-efficiency-analytics__power-vs-throughput,True,True,True,12,0,
chart_lineage,analytics/csv/contract__power-energy-efficiency-analytics__power-vs-bler.csv,contract__power-energy-efficiency-analytics__power-vs-bler,True,True,False,12,1,low_information_reason_card_counted_as_chart
chart_lineage,analytics/csv/contract__power-energy-efficiency-analytics__active-bandwidth-vs-power.csv,contract__power-energy-efficiency-analytics__active-bandwidth-vs-power,True,True,False,60,1,low_information_reason_card_counted_as_chart
chart_lineage,analytics/csv/contract__power-energy-efficiency-analytics__active-rank-vs-power.csv,contract__power-energy-efficiency-analytics__active-rank-vs-power,True,True,False,52,1,low_information_reason_card_counted_as_chart
chart_lineage,analytics/csv/contract__power-energy-efficiency-analytics__energy-bit.csv,contract__power-energy-efficiency-analytics__energy-bit,True,True,True,6,0,
chart_lineage,analytics/csv/contract__power-energy-efficiency-analytics__energy-per-bit-histogram.csv,contract__power-energy-efficiency-analytics__energy-per-bit-histogram,True,True,True,4,0,
chart_lineage,analytics/csv/contract__power-energy-efficiency-analytics__joules-gb.csv,contract__power-energy-efficiency-analytics__joules-gb,True,True,True,6,0,
chart_lineage,analytics/csv/contract__power-energy-efficiency-analytics__energy-efficiency-by-ue.csv,contract__power-energy-efficiency-analytics__energy-efficiency-by-ue,True,True,True,2,0,
chart_lineage,analytics/csv/contract__power-energy-efficiency-analytics__energy-efficiency-by-cell.csv,contract__power-energy-efficiency-analytics__energy-efficiency-by-cell,True,True,False,1,2,low_information_reason_card_counted_as_chart | insufficient_independent_x_values
chart_lineage,analytics/csv/contract__power-energy-efficiency-analytics__sleep-idle-active-state-occupancy.csv,contract__power-energy-efficiency-analytics__sleep-idle-active-state-occupancy,True,True,False,1,1,low_information_reason_card_counted_as_chart
chart_lineage,analytics/csv/contract__power-energy-efficiency-analytics__papr-vs-power.csv,contract__power-energy-efficiency-analytics__papr-vs-power,True,True,True,12,0,
chart_lineage,analytics/csv/contract__runtime-compute-complexity-parallelism-analytics__latency-cdf.csv,contract__runtime-compute-complexity-parallelism-analytics__latency-cdf,True,True,True,36,0,
chart_lineage,analytics/csv/contract__runtime-compute-complexity-parallelism-analytics__dropped-row-duplicate-write-analytics.csv,contract__runtime-compute-complexity-parallelism-analytics__dropped-row-duplicate-write-analytics,True,True,False,2679,1,low_information_reason_card_counted_as_chart
chart_lineage,analytics/csv/contract__runtime-compute-complexity-parallelism-analytics__decoder-complexity-units.csv,contract__runtime-compute-complexity-parallelism-analytics__decoder-complexity-units,True,True,True,5,0,
chart_lineage,analytics/csv/contract__runtime-compute-complexity-parallelism-analytics__normalized-decoder-complexity.csv,contract__runtime-compute-complexity-parallelism-analytics__normalized-decoder-complexity,True,True,True,5,0,
chart_lineage,analytics/csv/contract__export-consistency-truth-analytics__csv-vs-db-consistency.csv,contract__export-consistency-truth-analytics__csv-vs-db-consistency,True,True,False,1,1,low_information_reason_card_counted_as_chart
chart_lineage,analytics/csv/contract__export-consistency-truth-analytics__db-vs-browser-consistency.csv,contract__export-consistency-truth-analytics__db-vs-browser-consistency,True,True,False,1,1,low_information_reason_card_counted_as_chart
chart_lineage,analytics/csv/contract__export-consistency-truth-analytics__source-row-count-vs-analytics-row-count.csv,contract__export-consistency-truth-analytics__source-row-count-vs-analytics-row-count,True,True,True,124,0,
chart_lineage,analytics/csv/contract__export-consistency-truth-analytics__missing-field-audits.csv,contract__export-consistency-truth-analytics__missing-field-audits,True,True,True,14,0,
chart_lineage,analytics/csv/contract__export-consistency-truth-analytics__schema-drift.csv,contract__export-consistency-truth-analytics__schema-drift,True,True,True,2,0,
chart_lineage,analytics/csv/contract__export-consistency-truth-analytics__config-drift.csv,contract__export-consistency-truth-analytics__config-drift,True,True,False,111,1,low_information_reason_card_counted_as_chart
chart_lineage,analytics/csv/contract__export-consistency-truth-analytics__truth-policy-violation-counts.csv,contract__export-consistency-truth-analytics__truth-policy-violation-counts,True,True,False,1,1,low_information_reason_card_counted_as_chart
chart_lineage,analytics/csv/contract__export-consistency-truth-analytics__smoke-exposure-checks.csv,contract__export-consistency-truth-analytics__smoke-exposure-checks,True,True,False,1,1,low_information_reason_card_counted_as_chart
chart_lineage,analytics/csv/contract__export-consistency-truth-analytics__placeholder-exposure-checks.csv,contract__export-consistency-truth-analytics__placeholder-exposure-checks,True,True,False,1,1,low_information_reason_card_counted_as_chart
chart_lineage,analytics/csv/contract__export-consistency-truth-analytics__fallback-event-summaries.csv,contract__export-consistency-truth-analytics__fallback-event-summaries,True,True,False,1,1,low_information_reason_card_counted_as_chart
chart_lineage,analytics/csv/contract__export-consistency-truth-analytics__assumption-usage-summaries.csv,contract__export-consistency-truth-analytics__assumption-usage-summaries,True,True,True,10,0,
chart_lineage,analytics/csv/contract__export-consistency-truth-analytics__run-status-truth-checks.csv,contract__export-consistency-truth-analytics__run-status-truth-checks,True,True,False,1,1,low_information_reason_card_counted_as_chart
chart_lineage,analytics/csv/contract__export-consistency-truth-analytics__summary-vs-raw-contradiction-checks.csv,contract__export-consistency-truth-analytics__summary-vs-raw-contradiction-checks,True,True,True,4,0,
