RunID,PacketID,SessionID,FlowID,ArrivalTime_ms,PacketBytes,QFI,FiveQI,PDUSetID,Deadline_ms,RandomStream,Status
"PROTOCOL-20260727-071456","PKT000001","SESS01","FLOW01","12.742651","200","2","2",,"100","1","PASS"
"PROTOCOL-20260727-071456","PKT000002","SESS01","FLOW01","13.225971","800","2","2",,"100","2","PASS"
"PROTOCOL-20260727-071456","PKT000003","SESS01","FLOW01","24.650899","1200","2","2",,"100","3","PASS"
"PROTOCOL-20260727-071456","PKT000004","SESS01","FLOW01","40.535812","1500","2","2",,"100","4","PASS"
"PROTOCOL-20260727-071456","PKT000005","SESS01","FLOW01","41.301506","64","2","2",,"100","5","PASS"
"PROTOCOL-20260727-071456","PKT000006","SESS01","FLOW01","59.924109","200","2","2",,"100","6","PASS"
"PROTOCOL-20260727-071456","PKT000007","SESS01","FLOW01","72.254458","800","2","2",,"100","7","PASS"
"PROTOCOL-20260727-071456","PKT000008","SESS01","FLOW01","76.430625","1200","2","2",,"100","8","PASS"
"PROTOCOL-20260727-071456","PKT000009","SESS01","FLOW01","80.183906","1500","2","2",,"100","9","PASS"
"PROTOCOL-20260727-071456","PKT000010","SESS01","FLOW01","88.560257","64","2","2",,"100","10","PASS"
"PROTOCOL-20260727-071456","PKT000011","SESS01","FLOW01","92.659200","200","2","2",,"100","11","PASS"
"PROTOCOL-20260727-071456","PKT000012","SESS01","FLOW01","99.450330","800","2","2",,"100","12","PASS"
"PROTOCOL-20260727-071456","PKT000013","SESS01","FLOW01","106.938056","1200","2","2",,"100","13","PASS"
"PROTOCOL-20260727-071456","PKT000014","SESS01","FLOW01","107.354500","1500","2","2",,"100","14","PASS"
"PROTOCOL-20260727-071456","PKT000015","SESS01","FLOW01","118.041988","64","2","2",,"100","15","PASS"
"PROTOCOL-20260727-071456","PKT000016","SESS01","FLOW01","127.903336","200","2","2",,"100","16","PASS"
"PROTOCOL-20260727-071456","PKT000017","SESS01","FLOW01","148.329415","800","2","2",,"100","17","PASS"
"PROTOCOL-20260727-071456","PKT000018","SESS01","FLOW01","158.369833","1200","2","2",,"100","18","PASS"
"PROTOCOL-20260727-071456","PKT000019","SESS01","FLOW01","166.901453","1500","2","2",,"100","19","PASS"
"PROTOCOL-20260727-071456","PKT000020","SESS01","FLOW01","177.589523","64","2","2",,"100","20","PASS"
"PROTOCOL-20260727-071456","PKT000021","SESS01","FLOW01","179.251054","200","2","2",,"100","21","PASS"
"PROTOCOL-20260727-071456","PKT000022","SESS01","FLOW01","184.827939","800","2","2",,"100","22","PASS"
"PROTOCOL-20260727-071456","PKT000023","SESS01","FLOW01","202.860574","1200","2","2",,"100","23","PASS"
"PROTOCOL-20260727-071456","PKT000024","SESS01","FLOW01","223.728926","1500","2","2",,"100","24","PASS"
"PROTOCOL-20260727-071456","PKT000025","SESS01","FLOW01","223.882320","64","2","2",,"100","25","PASS"
"PROTOCOL-20260727-071456","PKT000026","SESS01","FLOW01","240.694604","200","2","2",,"100","26","PASS"
"PROTOCOL-20260727-071456","PKT000027","SESS01","FLOW01","248.785846","800","2","2",,"100","27","PASS"
"PROTOCOL-20260727-071456","PKT000028","SESS01","FLOW01","252.961406","1200","2","2",,"100","28","PASS"
"PROTOCOL-20260727-071456","PKT000029","SESS01","FLOW01","254.071628","1500","2","2",,"100","29","PASS"
"PROTOCOL-20260727-071456","PKT000030","SESS01","FLOW01","269.955617","64","2","2",,"100","30","PASS"
"PROTOCOL-20260727-071456","PKT000031","SESS01","FLOW01","272.297672","200","2","2",,"100","31","PASS"
"PROTOCOL-20260727-071456","PKT000032","SESS01","FLOW01","279.486437","800","2","2",,"100","32","PASS"
"PROTOCOL-20260727-071456","PKT000033","SESS01","FLOW01","280.112570","1200","2","2",,"100","33","PASS"
"PROTOCOL-20260727-071456","PKT000034","SESS01","FLOW01","286.616767","1500","2","2",,"100","34","PASS"
"PROTOCOL-20260727-071456","PKT000035","SESS01","FLOW01","290.597591","64","2","2",,"100","35","PASS"
"PROTOCOL-20260727-071456","PKT000036","SESS01","FLOW01","293.526915","200","2","2",,"100","36","PASS"
"PROTOCOL-20260727-071456","PKT000037","SESS01","FLOW01","294.980471","800","2","2",,"100","37","PASS"
"PROTOCOL-20260727-071456","PKT000038","SESS01","FLOW01","295.269486","1200","2","2",,"100","38","PASS"
"PROTOCOL-20260727-071456","PKT000039","SESS01","FLOW01","311.803780","1500","2","2",,"100","39","PASS"
"PROTOCOL-20260727-071456","PKT000040","SESS01","FLOW01","319.291513","64","2","2",,"100","40","PASS"
"PROTOCOL-20260727-071456","PKT000041","SESS01","FLOW02","1.000000","800","3","5",,"100","41","PASS"
"PROTOCOL-20260727-071456","PKT000042","SESS01","FLOW02","2.000000","1200","3","5",,"100","42","PASS"
"PROTOCOL-20260727-071456","PKT000043","SESS01","FLOW02","3.000000","1500","3","5",,"100","43","PASS"
"PROTOCOL-20260727-071456","PKT000044","SESS01","FLOW02","4.000000","64","3","5",,"100","44","PASS"
"PROTOCOL-20260727-071456","PKT000045","SESS01","FLOW02","22.000000","200","3","5",,"100","45","PASS"
"PROTOCOL-20260727-071456","PKT000046","SESS01","FLOW02","40.000000","800","3","5",,"100","46","PASS"
"PROTOCOL-20260727-071456","PKT000047","SESS01","FLOW02","58.000000","1200","3","5",,"100","47","PASS"
"PROTOCOL-20260727-071456","PKT000048","SESS01","FLOW02","76.000000","1500","3","5",,"100","48","PASS"
"PROTOCOL-20260727-071456","PKT000049","SESS01","FLOW02","94.000000","64","3","5",,"100","49","PASS"
"PROTOCOL-20260727-071456","PKT000050","SESS01","FLOW02","112.000000","200","3","5",,"100","50","PASS"
"PROTOCOL-20260727-071456","PKT000051","SESS01","FLOW02","113.000000","800","3","5",,"100","51","PASS"
"PROTOCOL-20260727-071456","PKT000052","SESS01","FLOW02","114.000000","1200","3","5",,"100","52","PASS"
"PROTOCOL-20260727-071456","PKT000053","SESS01","FLOW02","115.000000","1500","3","5",,"100","53","PASS"
"PROTOCOL-20260727-071456","PKT000054","SESS01","FLOW02","116.000000","64","3","5",,"100","54","PASS"
"PROTOCOL-20260727-071456","PKT000055","SESS01","FLOW02","134.000000","200","3","5",,"100","55","PASS"
"PROTOCOL-20260727-071456","PKT000056","SESS01","FLOW02","152.000000","800","3","5",,"100","56","PASS"
"PROTOCOL-20260727-071456","PKT000057","SESS01","FLOW02","170.000000","1200","3","5",,"100","57","PASS"
"PROTOCOL-20260727-071456","PKT000058","SESS01","FLOW02","188.000000","1500","3","5",,"100","58","PASS"
"PROTOCOL-20260727-071456","PKT000059","SESS01","FLOW02","206.000000","64","3","5",,"100","59","PASS"
"PROTOCOL-20260727-071456","PKT000060","SESS01","FLOW02","224.000000","200","3","5",,"100","60","PASS"
"PROTOCOL-20260727-071456","PKT000061","SESS01","FLOW02","225.000000","800","3","5",,"100","61","PASS"
"PROTOCOL-20260727-071456","PKT000062","SESS01","FLOW02","226.000000","1200","3","5",,"100","62","PASS"
"PROTOCOL-20260727-071456","PKT000063","SESS01","FLOW02","227.000000","1500","3","5",,"100","63","PASS"
"PROTOCOL-20260727-071456","PKT000064","SESS01","FLOW02","228.000000","64","3","5",,"100","64","PASS"
"PROTOCOL-20260727-071456","PKT000065","SESS01","FLOW02","246.000000","200","3","5",,"100","65","PASS"
"PROTOCOL-20260727-071456","PKT000066","SESS01","FLOW02","264.000000","800","3","5",,"100","66","PASS"
"PROTOCOL-20260727-071456","PKT000067","SESS01","FLOW02","282.000000","1200","3","5",,"100","67","PASS"
"PROTOCOL-20260727-071456","PKT000068","SESS01","FLOW02","300.000000","1500","3","5",,"100","68","PASS"
"PROTOCOL-20260727-071456","PKT000069","SESS01","FLOW02","318.000000","64","3","5",,"100","69","PASS"
"PROTOCOL-20260727-071456","PKT000070","SESS01","FLOW02","336.000000","200","3","5",,"100","70","PASS"
"PROTOCOL-20260727-071456","PKT000071","SESS01","FLOW02","337.000000","800","3","5",,"100","71","PASS"
"PROTOCOL-20260727-071456","PKT000072","SESS01","FLOW02","338.000000","1200","3","5",,"100","72","PASS"
"PROTOCOL-20260727-071456","PKT000073","SESS01","FLOW02","339.000000","1500","3","5",,"100","73","PASS"
"PROTOCOL-20260727-071456","PKT000074","SESS01","FLOW02","340.000000","64","3","5",,"100","74","PASS"
"PROTOCOL-20260727-071456","PKT000075","SESS01","FLOW02","358.000000","200","3","5",,"100","75","PASS"
"PROTOCOL-20260727-071456","PKT000076","SESS01","FLOW02","376.000000","800","3","5",,"100","76","PASS"
"PROTOCOL-20260727-071456","PKT000077","SESS01","FLOW02","394.000000","1200","3","5",,"100","77","PASS"
"PROTOCOL-20260727-071456","PKT000078","SESS01","FLOW02","412.000000","1500","3","5",,"100","78","PASS"
"PROTOCOL-20260727-071456","PKT000079","SESS01","FLOW02","430.000000","64","3","5",,"100","79","PASS"
"PROTOCOL-20260727-071456","PKT000080","SESS01","FLOW02","448.000000","200","3","5",,"100","80","PASS"
"PROTOCOL-20260727-071456","PKT000081","SESS02","FLOW03","4.167500","1200","4","7","PS03_000","20","81","PASS"
"PROTOCOL-20260727-071456","PKT000082","SESS02","FLOW03","8.335000","1500","4","7","PS03_000","20","82","PASS"
"PROTOCOL-20260727-071456","PKT000083","SESS02","FLOW03","12.502500","64","4","7","PS03_000","20","83","PASS"
"PROTOCOL-20260727-071456","PKT000084","SESS02","FLOW03","16.670000","200","4","7","PS03_000","20","84","PASS"
"PROTOCOL-20260727-071456","PKT000085","SESS02","FLOW03","20.837500","800","4","7","PS03_001","20","85","PASS"
"PROTOCOL-20260727-071456","PKT000086","SESS02","FLOW03","25.005000","1200","4","7","PS03_001","20","86","PASS"
"PROTOCOL-20260727-071456","PKT000087","SESS02","FLOW03","29.172500","1500","4","7","PS03_001","20","87","PASS"
"PROTOCOL-20260727-071456","PKT000088","SESS02","FLOW03","33.340000","64","4","7","PS03_001","20","88","PASS"
"PROTOCOL-20260727-071456","PKT000089","SESS02","FLOW03","37.507500","200","4","7","PS03_002","20","89","PASS"
"PROTOCOL-20260727-071456","PKT000090","SESS02","FLOW03","41.675000","800","4","7","PS03_002","20","90","PASS"
"PROTOCOL-20260727-071456","PKT000091","SESS02","FLOW03","45.842500","1200","4","7","PS03_002","20","91","PASS"
"PROTOCOL-20260727-071456","PKT000092","SESS02","FLOW03","50.010000","1500","4","7","PS03_002","20","92","PASS"
"PROTOCOL-20260727-071456","PKT000093","SESS02","FLOW03","54.177500","64","4","7","PS03_003","20","93","PASS"
"PROTOCOL-20260727-071456","PKT000094","SESS02","FLOW03","58.345000","200","4","7","PS03_003","20","94","PASS"
"PROTOCOL-20260727-071456","PKT000095","SESS02","FLOW03","62.512500","800","4","7","PS03_003","20","95","PASS"
"PROTOCOL-20260727-071456","PKT000096","SESS02","FLOW03","66.680000","1200","4","7","PS03_003","20","96","PASS"
"PROTOCOL-20260727-071456","PKT000097","SESS02","FLOW03","70.847500","1500","4","7","PS03_004","20","97","PASS"
"PROTOCOL-20260727-071456","PKT000098","SESS02","FLOW03","75.015000","64","4","7","PS03_004","20","98","PASS"
"PROTOCOL-20260727-071456","PKT000099","SESS02","FLOW03","79.182500","200","4","7","PS03_004","20","99","PASS"
"PROTOCOL-20260727-071456","PKT000100","SESS02","FLOW03","83.350000","800","4","7","PS03_004","20","100","PASS"
"PROTOCOL-20260727-071456","PKT000101","SESS02","FLOW03","87.517500","1200","4","7","PS03_005","20","101","PASS"
"PROTOCOL-20260727-071456","PKT000102","SESS02","FLOW03","91.685000","1500","4","7","PS03_005","20","102","PASS"
"PROTOCOL-20260727-071456","PKT000103","SESS02","FLOW03","95.852500","64","4","7","PS03_005","20","103","PASS"
"PROTOCOL-20260727-071456","PKT000104","SESS02","FLOW03","100.020000","200","4","7","PS03_005","20","104","PASS"
"PROTOCOL-20260727-071456","PKT000105","SESS02","FLOW03","104.187500","800","4","7","PS03_006","20","105","PASS"
"PROTOCOL-20260727-071456","PKT000106","SESS02","FLOW03","108.355000","1200","4","7","PS03_006","20","106","PASS"
"PROTOCOL-20260727-071456","PKT000107","SESS02","FLOW03","112.522500","1500","4","7","PS03_006","20","107","PASS"
"PROTOCOL-20260727-071456","PKT000108","SESS02","FLOW03","116.690000","64","4","7","PS03_006","20","108","PASS"
"PROTOCOL-20260727-071456","PKT000109","SESS02","FLOW03","120.857500","200","4","7","PS03_007","20","109","PASS"
"PROTOCOL-20260727-071456","PKT000110","SESS02","FLOW03","125.025000","800","4","7","PS03_007","20","110","PASS"
"PROTOCOL-20260727-071456","PKT000111","SESS02","FLOW03","129.192500","1200","4","7","PS03_007","20","111","PASS"
"PROTOCOL-20260727-071456","PKT000112","SESS02","FLOW03","133.360000","1500","4","7","PS03_007","20","112","PASS"
"PROTOCOL-20260727-071456","PKT000113","SESS02","FLOW03","137.527500","64","4","7","PS03_008","20","113","PASS"
"PROTOCOL-20260727-071456","PKT000114","SESS02","FLOW03","141.695000","200","4","7","PS03_008","20","114","PASS"
"PROTOCOL-20260727-071456","PKT000115","SESS02","FLOW03","145.862500","800","4","7","PS03_008","20","115","PASS"
"PROTOCOL-20260727-071456","PKT000116","SESS02","FLOW03","150.030000","1200","4","7","PS03_008","20","116","PASS"
"PROTOCOL-20260727-071456","PKT000117","SESS02","FLOW03","154.197500","1500","4","7","PS03_009","20","117","PASS"
"PROTOCOL-20260727-071456","PKT000118","SESS02","FLOW03","158.365000","64","4","7","PS03_009","20","118","PASS"
"PROTOCOL-20260727-071456","PKT000119","SESS02","FLOW03","162.532500","200","4","7","PS03_009","20","119","PASS"
"PROTOCOL-20260727-071456","PKT000120","SESS02","FLOW03","166.700000","800","4","7","PS03_009","20","120","PASS"
"PROTOCOL-20260727-071456","PKT000121","SESS02","FLOW04","10.000000","1500","5","8",,"100","121","PASS"
"PROTOCOL-20260727-071456","PKT000122","SESS02","FLOW04","20.000000","64","5","8",,"100","122","PASS"
"PROTOCOL-20260727-071456","PKT000123","SESS02","FLOW04","30.000000","200","5","8",,"100","123","PASS"
"PROTOCOL-20260727-071456","PKT000124","SESS02","FLOW04","40.000000","800","5","8",,"100","124","PASS"
"PROTOCOL-20260727-071456","PKT000125","SESS02","FLOW04","50.000000","1200","5","8",,"100","125","PASS"
"PROTOCOL-20260727-071456","PKT000126","SESS02","FLOW04","60.000000","1500","5","8",,"100","126","PASS"
"PROTOCOL-20260727-071456","PKT000127","SESS02","FLOW04","70.000000","64","5","8",,"100","127","PASS"
"PROTOCOL-20260727-071456","PKT000128","SESS02","FLOW04","80.000000","200","5","8",,"100","128","PASS"
"PROTOCOL-20260727-071456","PKT000129","SESS02","FLOW04","90.000000","800","5","8",,"100","129","PASS"
"PROTOCOL-20260727-071456","PKT000130","SESS02","FLOW04","100.000000","1200","5","8",,"100","130","PASS"
"PROTOCOL-20260727-071456","PKT000131","SESS02","FLOW04","110.000000","1500","5","8",,"100","131","PASS"
"PROTOCOL-20260727-071456","PKT000132","SESS02","FLOW04","120.000000","64","5","8",,"100","132","PASS"
"PROTOCOL-20260727-071456","PKT000133","SESS02","FLOW04","130.000000","200","5","8",,"100","133","PASS"
"PROTOCOL-20260727-071456","PKT000134","SESS02","FLOW04","140.000000","800","5","8",,"100","134","PASS"
"PROTOCOL-20260727-071456","PKT000135","SESS02","FLOW04","150.000000","1200","5","8",,"100","135","PASS"
"PROTOCOL-20260727-071456","PKT000136","SESS02","FLOW04","160.000000","1500","5","8",,"100","136","PASS"
"PROTOCOL-20260727-071456","PKT000137","SESS02","FLOW04","170.000000","64","5","8",,"100","137","PASS"
"PROTOCOL-20260727-071456","PKT000138","SESS02","FLOW04","180.000000","200","5","8",,"100","138","PASS"
"PROTOCOL-20260727-071456","PKT000139","SESS02","FLOW04","190.000000","800","5","8",,"100","139","PASS"
"PROTOCOL-20260727-071456","PKT000140","SESS02","FLOW04","200.000000","1200","5","8",,"100","140","PASS"
"PROTOCOL-20260727-071456","PKT000141","SESS02","FLOW04","210.000000","1500","5","8",,"100","141","PASS"
"PROTOCOL-20260727-071456","PKT000142","SESS02","FLOW04","220.000000","64","5","8",,"100","142","PASS"
"PROTOCOL-20260727-071456","PKT000143","SESS02","FLOW04","230.000000","200","5","8",,"100","143","PASS"
"PROTOCOL-20260727-071456","PKT000144","SESS02","FLOW04","240.000000","800","5","8",,"100","144","PASS"
"PROTOCOL-20260727-071456","PKT000145","SESS02","FLOW04","250.000000","1200","5","8",,"100","145","PASS"
"PROTOCOL-20260727-071456","PKT000146","SESS02","FLOW04","260.000000","1500","5","8",,"100","146","PASS"
"PROTOCOL-20260727-071456","PKT000147","SESS02","FLOW04","270.000000","64","5","8",,"100","147","PASS"
"PROTOCOL-20260727-071456","PKT000148","SESS02","FLOW04","280.000000","200","5","8",,"100","148","PASS"
"PROTOCOL-20260727-071456","PKT000149","SESS02","FLOW04","290.000000","800","5","8",,"100","149","PASS"
"PROTOCOL-20260727-071456","PKT000150","SESS02","FLOW04","300.000000","1200","5","8",,"100","150","PASS"
"PROTOCOL-20260727-071456","PKT000151","SESS02","FLOW04","310.000000","1500","5","8",,"100","151","PASS"
"PROTOCOL-20260727-071456","PKT000152","SESS02","FLOW04","320.000000","64","5","8",,"100","152","PASS"
"PROTOCOL-20260727-071456","PKT000153","SESS02","FLOW04","330.000000","200","5","8",,"100","153","PASS"
"PROTOCOL-20260727-071456","PKT000154","SESS02","FLOW04","340.000000","800","5","8",,"100","154","PASS"
"PROTOCOL-20260727-071456","PKT000155","SESS02","FLOW04","350.000000","1200","5","8",,"100","155","PASS"
"PROTOCOL-20260727-071456","PKT000156","SESS02","FLOW04","360.000000","1500","5","8",,"100","156","PASS"
"PROTOCOL-20260727-071456","PKT000157","SESS02","FLOW04","370.000000","64","5","8",,"100","157","PASS"
"PROTOCOL-20260727-071456","PKT000158","SESS02","FLOW04","380.000000","200","5","8",,"100","158","PASS"
"PROTOCOL-20260727-071456","PKT000159","SESS02","FLOW04","390.000000","800","5","8",,"100","159","PASS"
"PROTOCOL-20260727-071456","PKT000160","SESS02","FLOW04","400.000000","1200","5","8",,"100","160","PASS"
"PROTOCOL-20260727-071456","PKT000161","SESS03","FLOW05","5.279408","64","6","9",,"100","161","PASS"
"PROTOCOL-20260727-071456","PKT000162","SESS03","FLOW05","23.876663","200","6","9",,"100","162","PASS"
"PROTOCOL-20260727-071456","PKT000163","SESS03","FLOW05","30.044792","800","6","9",,"100","163","PASS"
"PROTOCOL-20260727-071456","PKT000164","SESS03","FLOW05","46.753238","1200","6","9",,"100","164","PASS"
"PROTOCOL-20260727-071456","PKT000165","SESS03","FLOW05","53.563949","1500","6","9",,"100","165","PASS"
"PROTOCOL-20260727-071456","PKT000166","SESS03","FLOW05","95.222770","64","6","9",,"100","166","PASS"
"PROTOCOL-20260727-071456","PKT000167","SESS03","FLOW05","98.761212","200","6","9",,"100","167","PASS"
"PROTOCOL-20260727-071456","PKT000168","SESS03","FLOW05","107.432498","800","6","9",,"100","168","PASS"
"PROTOCOL-20260727-071456","PKT000169","SESS03","FLOW05","112.792433","1200","6","9",,"100","169","PASS"
"PROTOCOL-20260727-071456","PKT000170","SESS03","FLOW05","119.593485","1500","6","9",,"100","170","PASS"
"PROTOCOL-20260727-071456","PKT000171","SESS03","FLOW05","122.724610","64","6","9",,"100","171","PASS"
"PROTOCOL-20260727-071456","PKT000172","SESS03","FLOW05","135.894896","200","6","9",,"100","172","PASS"
"PROTOCOL-20260727-071456","PKT000173","SESS03","FLOW05","149.127551","800","6","9",,"100","173","PASS"
"PROTOCOL-20260727-071456","PKT000174","SESS03","FLOW05","157.778111","1200","6","9",,"100","174","PASS"
"PROTOCOL-20260727-071456","PKT000175","SESS03","FLOW05","164.723026","1500","6","9",,"100","175","PASS"
"PROTOCOL-20260727-071456","PKT000176","SESS03","FLOW05","165.083728","64","6","9",,"100","176","PASS"
"PROTOCOL-20260727-071456","PKT000177","SESS03","FLOW05","176.930805","200","6","9",,"100","177","PASS"
"PROTOCOL-20260727-071456","PKT000178","SESS03","FLOW05","180.257129","800","6","9",,"100","178","PASS"
"PROTOCOL-20260727-071456","PKT000179","SESS03","FLOW05","181.056224","1200","6","9",,"100","179","PASS"
"PROTOCOL-20260727-071456","PKT000180","SESS03","FLOW05","183.169487","1500","6","9",,"100","180","PASS"
"PROTOCOL-20260727-071456","PKT000181","SESS03","FLOW05","185.966906","64","6","9",,"100","181","PASS"
"PROTOCOL-20260727-071456","PKT000182","SESS03","FLOW05","187.014795","200","6","9",,"100","182","PASS"
"PROTOCOL-20260727-071456","PKT000183","SESS03","FLOW05","192.146428","800","6","9",,"100","183","PASS"
"PROTOCOL-20260727-071456","PKT000184","SESS03","FLOW05","208.714168","1200","6","9",,"100","184","PASS"
"PROTOCOL-20260727-071456","PKT000185","SESS03","FLOW05","215.931277","1500","6","9",,"100","185","PASS"
"PROTOCOL-20260727-071456","PKT000186","SESS03","FLOW05","219.928565","64","6","9",,"100","186","PASS"
"PROTOCOL-20260727-071456","PKT000187","SESS03","FLOW05","223.452273","200","6","9",,"100","187","PASS"
"PROTOCOL-20260727-071456","PKT000188","SESS03","FLOW05","238.332471","800","6","9",,"100","188","PASS"
"PROTOCOL-20260727-071456","PKT000189","SESS03","FLOW05","248.340338","1200","6","9",,"100","189","PASS"
"PROTOCOL-20260727-071456","PKT000190","SESS03","FLOW05","254.581315","1500","6","9",,"100","190","PASS"
"PROTOCOL-20260727-071456","PKT000191","SESS03","FLOW05","257.052832","64","6","9",,"100","191","PASS"
"PROTOCOL-20260727-071456","PKT000192","SESS03","FLOW05","278.369155","200","6","9",,"100","192","PASS"
"PROTOCOL-20260727-071456","PKT000193","SESS03","FLOW05","287.111079","800","6","9",,"100","193","PASS"
"PROTOCOL-20260727-071456","PKT000194","SESS03","FLOW05","302.188721","1200","6","9",,"100","194","PASS"
"PROTOCOL-20260727-071456","PKT000195","SESS03","FLOW05","304.753695","1500","6","9",,"100","195","PASS"
"PROTOCOL-20260727-071456","PKT000196","SESS03","FLOW05","312.059770","64","6","9",,"100","196","PASS"
"PROTOCOL-20260727-071456","PKT000197","SESS03","FLOW05","316.944089","200","6","9",,"100","197","PASS"
"PROTOCOL-20260727-071456","PKT000198","SESS03","FLOW05","320.173456","800","6","9",,"100","198","PASS"
"PROTOCOL-20260727-071456","PKT000199","SESS03","FLOW05","333.571019","1200","6","9",,"100","199","PASS"
"PROTOCOL-20260727-071456","PKT000200","SESS03","FLOW05","340.831533","1500","6","9",,"100","200","PASS"
"PROTOCOL-20260727-071456","PKT000201","SESS03","FLOW06","1.000000","200","7","80",,"100","201","PASS"
"PROTOCOL-20260727-071456","PKT000202","SESS03","FLOW06","2.000000","800","7","80",,"100","202","PASS"
"PROTOCOL-20260727-071456","PKT000203","SESS03","FLOW06","3.000000","1200","7","80",,"100","203","PASS"
"PROTOCOL-20260727-071456","PKT000204","SESS03","FLOW06","4.000000","1500","7","80",,"100","204","PASS"
"PROTOCOL-20260727-071456","PKT000205","SESS03","FLOW06","22.000000","64","7","80",,"100","205","PASS"
"PROTOCOL-20260727-071456","PKT000206","SESS03","FLOW06","40.000000","200","7","80",,"100","206","PASS"
"PROTOCOL-20260727-071456","PKT000207","SESS03","FLOW06","58.000000","800","7","80",,"100","207","PASS"
"PROTOCOL-20260727-071456","PKT000208","SESS03","FLOW06","76.000000","1200","7","80",,"100","208","PASS"
"PROTOCOL-20260727-071456","PKT000209","SESS03","FLOW06","94.000000","1500","7","80",,"100","209","PASS"
"PROTOCOL-20260727-071456","PKT000210","SESS03","FLOW06","112.000000","64","7","80",,"100","210","PASS"
"PROTOCOL-20260727-071456","PKT000211","SESS03","FLOW06","113.000000","200","7","80",,"100","211","PASS"
"PROTOCOL-20260727-071456","PKT000212","SESS03","FLOW06","114.000000","800","7","80",,"100","212","PASS"
"PROTOCOL-20260727-071456","PKT000213","SESS03","FLOW06","115.000000","1200","7","80",,"100","213","PASS"
"PROTOCOL-20260727-071456","PKT000214","SESS03","FLOW06","116.000000","1500","7","80",,"100","214","PASS"
"PROTOCOL-20260727-071456","PKT000215","SESS03","FLOW06","134.000000","64","7","80",,"100","215","PASS"
"PROTOCOL-20260727-071456","PKT000216","SESS03","FLOW06","152.000000","200","7","80",,"100","216","PASS"
"PROTOCOL-20260727-071456","PKT000217","SESS03","FLOW06","170.000000","800","7","80",,"100","217","PASS"
"PROTOCOL-20260727-071456","PKT000218","SESS03","FLOW06","188.000000","1200","7","80",,"100","218","PASS"
"PROTOCOL-20260727-071456","PKT000219","SESS03","FLOW06","206.000000","1500","7","80",,"100","219","PASS"
"PROTOCOL-20260727-071456","PKT000220","SESS03","FLOW06","224.000000","64","7","80",,"100","220","PASS"
"PROTOCOL-20260727-071456","PKT000221","SESS03","FLOW06","225.000000","200","7","80",,"100","221","PASS"
"PROTOCOL-20260727-071456","PKT000222","SESS03","FLOW06","226.000000","800","7","80",,"100","222","PASS"
"PROTOCOL-20260727-071456","PKT000223","SESS03","FLOW06","227.000000","1200","7","80",,"100","223","PASS"
"PROTOCOL-20260727-071456","PKT000224","SESS03","FLOW06","228.000000","1500","7","80",,"100","224","PASS"
"PROTOCOL-20260727-071456","PKT000225","SESS03","FLOW06","246.000000","64","7","80",,"100","225","PASS"
"PROTOCOL-20260727-071456","PKT000226","SESS03","FLOW06","264.000000","200","7","80",,"100","226","PASS"
"PROTOCOL-20260727-071456","PKT000227","SESS03","FLOW06","282.000000","800","7","80",,"100","227","PASS"
"PROTOCOL-20260727-071456","PKT000228","SESS03","FLOW06","300.000000","1200","7","80",,"100","228","PASS"
"PROTOCOL-20260727-071456","PKT000229","SESS03","FLOW06","318.000000","1500","7","80",,"100","229","PASS"
"PROTOCOL-20260727-071456","PKT000230","SESS03","FLOW06","336.000000","64","7","80",,"100","230","PASS"
"PROTOCOL-20260727-071456","PKT000231","SESS03","FLOW06","337.000000","200","7","80",,"100","231","PASS"
"PROTOCOL-20260727-071456","PKT000232","SESS03","FLOW06","338.000000","800","7","80",,"100","232","PASS"
"PROTOCOL-20260727-071456","PKT000233","SESS03","FLOW06","339.000000","1200","7","80",,"100","233","PASS"
"PROTOCOL-20260727-071456","PKT000234","SESS03","FLOW06","340.000000","1500","7","80",,"100","234","PASS"
"PROTOCOL-20260727-071456","PKT000235","SESS03","FLOW06","358.000000","64","7","80",,"100","235","PASS"
"PROTOCOL-20260727-071456","PKT000236","SESS03","FLOW06","376.000000","200","7","80",,"100","236","PASS"
"PROTOCOL-20260727-071456","PKT000237","SESS03","FLOW06","394.000000","800","7","80",,"100","237","PASS"
"PROTOCOL-20260727-071456","PKT000238","SESS03","FLOW06","412.000000","1200","7","80",,"100","238","PASS"
"PROTOCOL-20260727-071456","PKT000239","SESS03","FLOW06","430.000000","1500","7","80",,"100","239","PASS"
"PROTOCOL-20260727-071456","PKT000240","SESS03","FLOW06","448.000000","64","7","80",,"100","240","PASS"
"PROTOCOL-20260727-071456","PKT000241","SESS04","FLOW07","4.167500","800","8","82","PS07_000","20","241","PASS"
"PROTOCOL-20260727-071456","PKT000242","SESS04","FLOW07","8.335000","1200","8","82","PS07_000","20","242","PASS"
"PROTOCOL-20260727-071456","PKT000243","SESS04","FLOW07","12.502500","1500","8","82","PS07_000","20","243","PASS"
"PROTOCOL-20260727-071456","PKT000244","SESS04","FLOW07","16.670000","64","8","82","PS07_000","20","244","PASS"
"PROTOCOL-20260727-071456","PKT000245","SESS04","FLOW07","20.837500","200","8","82","PS07_001","20","245","PASS"
"PROTOCOL-20260727-071456","PKT000246","SESS04","FLOW07","25.005000","800","8","82","PS07_001","20","246","PASS"
"PROTOCOL-20260727-071456","PKT000247","SESS04","FLOW07","29.172500","1200","8","82","PS07_001","20","247","PASS"
"PROTOCOL-20260727-071456","PKT000248","SESS04","FLOW07","33.340000","1500","8","82","PS07_001","20","248","PASS"
"PROTOCOL-20260727-071456","PKT000249","SESS04","FLOW07","37.507500","64","8","82","PS07_002","20","249","PASS"
"PROTOCOL-20260727-071456","PKT000250","SESS04","FLOW07","41.675000","200","8","82","PS07_002","20","250","PASS"
"PROTOCOL-20260727-071456","PKT000251","SESS04","FLOW07","45.842500","800","8","82","PS07_002","20","251","PASS"
"PROTOCOL-20260727-071456","PKT000252","SESS04","FLOW07","50.010000","1200","8","82","PS07_002","20","252","PASS"
"PROTOCOL-20260727-071456","PKT000253","SESS04","FLOW07","54.177500","1500","8","82","PS07_003","20","253","PASS"
"PROTOCOL-20260727-071456","PKT000254","SESS04","FLOW07","58.345000","64","8","82","PS07_003","20","254","PASS"
"PROTOCOL-20260727-071456","PKT000255","SESS04","FLOW07","62.512500","200","8","82","PS07_003","20","255","PASS"
"PROTOCOL-20260727-071456","PKT000256","SESS04","FLOW07","66.680000","800","8","82","PS07_003","20","256","PASS"
"PROTOCOL-20260727-071456","PKT000257","SESS04","FLOW07","70.847500","1200","8","82","PS07_004","20","257","PASS"
"PROTOCOL-20260727-071456","PKT000258","SESS04","FLOW07","75.015000","1500","8","82","PS07_004","20","258","PASS"
"PROTOCOL-20260727-071456","PKT000259","SESS04","FLOW07","79.182500","64","8","82","PS07_004","20","259","PASS"
"PROTOCOL-20260727-071456","PKT000260","SESS04","FLOW07","83.350000","200","8","82","PS07_004","20","260","PASS"
"PROTOCOL-20260727-071456","PKT000261","SESS04","FLOW07","87.517500","800","8","82","PS07_005","20","261","PASS"
"PROTOCOL-20260727-071456","PKT000262","SESS04","FLOW07","91.685000","1200","8","82","PS07_005","20","262","PASS"
"PROTOCOL-20260727-071456","PKT000263","SESS04","FLOW07","95.852500","1500","8","82","PS07_005","20","263","PASS"
"PROTOCOL-20260727-071456","PKT000264","SESS04","FLOW07","100.020000","64","8","82","PS07_005","20","264","PASS"
"PROTOCOL-20260727-071456","PKT000265","SESS04","FLOW07","104.187500","200","8","82","PS07_006","20","265","PASS"
"PROTOCOL-20260727-071456","PKT000266","SESS04","FLOW07","108.355000","800","8","82","PS07_006","20","266","PASS"
"PROTOCOL-20260727-071456","PKT000267","SESS04","FLOW07","112.522500","1200","8","82","PS07_006","20","267","PASS"
"PROTOCOL-20260727-071456","PKT000268","SESS04","FLOW07","116.690000","1500","8","82","PS07_006","20","268","PASS"
"PROTOCOL-20260727-071456","PKT000269","SESS04","FLOW07","120.857500","64","8","82","PS07_007","20","269","PASS"
"PROTOCOL-20260727-071456","PKT000270","SESS04","FLOW07","125.025000","200","8","82","PS07_007","20","270","PASS"
"PROTOCOL-20260727-071456","PKT000271","SESS04","FLOW07","129.192500","800","8","82","PS07_007","20","271","PASS"
"PROTOCOL-20260727-071456","PKT000272","SESS04","FLOW07","133.360000","1200","8","82","PS07_007","20","272","PASS"
"PROTOCOL-20260727-071456","PKT000273","SESS04","FLOW07","137.527500","1500","8","82","PS07_008","20","273","PASS"
"PROTOCOL-20260727-071456","PKT000274","SESS04","FLOW07","141.695000","64","8","82","PS07_008","20","274","PASS"
"PROTOCOL-20260727-071456","PKT000275","SESS04","FLOW07","145.862500","200","8","82","PS07_008","20","275","PASS"
"PROTOCOL-20260727-071456","PKT000276","SESS04","FLOW07","150.030000","800","8","82","PS07_008","20","276","PASS"
"PROTOCOL-20260727-071456","PKT000277","SESS04","FLOW07","154.197500","1200","8","82","PS07_009","20","277","PASS"
"PROTOCOL-20260727-071456","PKT000278","SESS04","FLOW07","158.365000","1500","8","82","PS07_009","20","278","PASS"
"PROTOCOL-20260727-071456","PKT000279","SESS04","FLOW07","162.532500","64","8","82","PS07_009","20","279","PASS"
"PROTOCOL-20260727-071456","PKT000280","SESS04","FLOW07","166.700000","200","8","82","PS07_009","20","280","PASS"
"PROTOCOL-20260727-071456","PKT000281","SESS04","FLOW08","10.000000","1200","1","1",,"100","281","PASS"
"PROTOCOL-20260727-071456","PKT000282","SESS04","FLOW08","20.000000","1500","1","1",,"100","282","PASS"
"PROTOCOL-20260727-071456","PKT000283","SESS04","FLOW08","30.000000","64","1","1",,"100","283","PASS"
"PROTOCOL-20260727-071456","PKT000284","SESS04","FLOW08","40.000000","200","1","1",,"100","284","PASS"
"PROTOCOL-20260727-071456","PKT000285","SESS04","FLOW08","50.000000","800","1","1",,"100","285","PASS"
"PROTOCOL-20260727-071456","PKT000286","SESS04","FLOW08","60.000000","1200","1","1",,"100","286","PASS"
"PROTOCOL-20260727-071456","PKT000287","SESS04","FLOW08","70.000000","1500","1","1",,"100","287","PASS"
"PROTOCOL-20260727-071456","PKT000288","SESS04","FLOW08","80.000000","64","1","1",,"100","288","PASS"
"PROTOCOL-20260727-071456","PKT000289","SESS04","FLOW08","90.000000","200","1","1",,"100","289","PASS"
"PROTOCOL-20260727-071456","PKT000290","SESS04","FLOW08","100.000000","800","1","1",,"100","290","PASS"
"PROTOCOL-20260727-071456","PKT000291","SESS04","FLOW08","110.000000","1200","1","1",,"100","291","PASS"
"PROTOCOL-20260727-071456","PKT000292","SESS04","FLOW08","120.000000","1500","1","1",,"100","292","PASS"
"PROTOCOL-20260727-071456","PKT000293","SESS04","FLOW08","130.000000","64","1","1",,"100","293","PASS"
"PROTOCOL-20260727-071456","PKT000294","SESS04","FLOW08","140.000000","200","1","1",,"100","294","PASS"
"PROTOCOL-20260727-071456","PKT000295","SESS04","FLOW08","150.000000","800","1","1",,"100","295","PASS"
"PROTOCOL-20260727-071456","PKT000296","SESS04","FLOW08","160.000000","1200","1","1",,"100","296","PASS"
"PROTOCOL-20260727-071456","PKT000297","SESS04","FLOW08","170.000000","1500","1","1",,"100","297","PASS"
"PROTOCOL-20260727-071456","PKT000298","SESS04","FLOW08","180.000000","64","1","1",,"100","298","PASS"
"PROTOCOL-20260727-071456","PKT000299","SESS04","FLOW08","190.000000","200","1","1",,"100","299","PASS"
"PROTOCOL-20260727-071456","PKT000300","SESS04","FLOW08","200.000000","800","1","1",,"100","300","PASS"
"PROTOCOL-20260727-071456","PKT000301","SESS04","FLOW08","210.000000","1200","1","1",,"100","301","PASS"
"PROTOCOL-20260727-071456","PKT000302","SESS04","FLOW08","220.000000","1500","1","1",,"100","302","PASS"
"PROTOCOL-20260727-071456","PKT000303","SESS04","FLOW08","230.000000","64","1","1",,"100","303","PASS"
"PROTOCOL-20260727-071456","PKT000304","SESS04","FLOW08","240.000000","200","1","1",,"100","304","PASS"
"PROTOCOL-20260727-071456","PKT000305","SESS04","FLOW08","250.000000","800","1","1",,"100","305","PASS"
"PROTOCOL-20260727-071456","PKT000306","SESS04","FLOW08","260.000000","1200","1","1",,"100","306","PASS"
"PROTOCOL-20260727-071456","PKT000307","SESS04","FLOW08","270.000000","1500","1","1",,"100","307","PASS"
"PROTOCOL-20260727-071456","PKT000308","SESS04","FLOW08","280.000000","64","1","1",,"100","308","PASS"
"PROTOCOL-20260727-071456","PKT000309","SESS04","FLOW08","290.000000","200","1","1",,"100","309","PASS"
"PROTOCOL-20260727-071456","PKT000310","SESS04","FLOW08","300.000000","800","1","1",,"100","310","PASS"
"PROTOCOL-20260727-071456","PKT000311","SESS04","FLOW08","310.000000","1200","1","1",,"100","311","PASS"
"PROTOCOL-20260727-071456","PKT000312","SESS04","FLOW08","320.000000","1500","1","1",,"100","312","PASS"
"PROTOCOL-20260727-071456","PKT000313","SESS04","FLOW08","330.000000","64","1","1",,"100","313","PASS"
"PROTOCOL-20260727-071456","PKT000314","SESS04","FLOW08","340.000000","200","1","1",,"100","314","PASS"
"PROTOCOL-20260727-071456","PKT000315","SESS04","FLOW08","350.000000","800","1","1",,"100","315","PASS"
"PROTOCOL-20260727-071456","PKT000316","SESS04","FLOW08","360.000000","1200","1","1",,"100","316","PASS"
"PROTOCOL-20260727-071456","PKT000317","SESS04","FLOW08","370.000000","1500","1","1",,"100","317","PASS"
"PROTOCOL-20260727-071456","PKT000318","SESS04","FLOW08","380.000000","64","1","1",,"100","318","PASS"
"PROTOCOL-20260727-071456","PKT000319","SESS04","FLOW08","390.000000","200","1","1",,"100","319","PASS"
"PROTOCOL-20260727-071456","PKT000320","SESS04","FLOW08","400.000000","800","1","1",,"100","320","PASS"
