RunID,ExperimentID,OperatingPointID,TransformPrecoding,HoppingMode,HopOffsetPRB,PAPRAtCCDF1e3_dB,MeanPAPR_dB,EnergyRelativeError,RoundTripNMSE,BLER,Goodput_bps,FrequencyDiversityGain_dB,PABackoff_dB,ClippingProbability,EVMPercent,Status
pusch_impact_20260726T140352Z,F01-E001,P00,0,none,0,7.7146e-15,7.7146e-15,0,0,1,0,0,linear,0,79.5769,PASS
pusch_impact_20260726T140352Z,F01-E002,P01,0,none,0,7.7146e-15,7.7146e-15,0,0,1,0,0,linear,0,60.0306,PASS
pusch_impact_20260726T140352Z,F01-E003,P02,0,none,0,7.7146e-15,7.7146e-15,0,0,1,0,0,linear,0,68.8203,PASS
pusch_impact_20260726T140352Z,F01-E004,P03,0,none,0,7.7146e-15,7.7146e-15,0,0,1,0,0,linear,0,68.1684,PASS
pusch_impact_20260726T140352Z,F01-E005,P04,0,none,0,7.7146e-15,7.7146e-15,0,0,1,0,0,linear,0,55.0737,PASS
pusch_impact_20260726T140352Z,F01-E006,P05,0,none,0,7.7146e-15,7.7146e-15,0,0,1,0,0,linear,0,62.0681,PASS
pusch_impact_20260726T140352Z,F01-E007,P06,0,none,0,7.7146e-15,7.7146e-15,0,0,1,0,0,linear,0,58.3994,PASS
pusch_impact_20260726T140352Z,F02-E001,B0.5,0,none,0,7.7146e-15,7.7146e-15,0,0,1,0,0,linear,0,60.8597,PASS
pusch_impact_20260726T140352Z,F02-E002,B0.75,0,none,0,7.7146e-15,7.7146e-15,0,0,1,0,0,linear,0,66.1457,PASS
pusch_impact_20260726T140352Z,F02-E003,B1.0,0,none,0,7.7146e-15,7.7146e-15,0,0,1,0,0,linear,0,64.6085,PASS
pusch_impact_20260726T140352Z,F02-E004,B1.25,0,none,0,7.7146e-15,7.7146e-15,0,0,1,0,0,linear,0,64.6356,PASS
pusch_impact_20260726T140352Z,F02-E005,B1.5,0,none,0,7.7146e-15,7.7146e-15,0,0,1,0,0,linear,0,65.3238,PASS
pusch_impact_20260726T140352Z,F02-E006,B2.0,0,none,0,7.7146e-15,7.7146e-15,0,0,1,0,0,linear,0,66.3185,PASS
pusch_impact_20260726T140352Z,F03-E001,C0,0,none,0,7.7146e-15,7.7146e-15,0,0,1,0,0,linear,0,65.1602,PASS
pusch_impact_20260726T140352Z,F03-E002,C3,0,none,0,7.7146e-15,7.7146e-15,0,0,1,0,0,linear,0,59.5258,PASS
pusch_impact_20260726T140352Z,F03-E003,C11,0,none,0,7.7146e-15,7.7146e-15,0,0,1,0,0,linear,0,67.2229,PASS
pusch_impact_20260726T140352Z,F03-E004,C20,0,none,0,7.7146e-15,7.7146e-15,0,0,1,0,0,linear,0,72.5638,PASS
pusch_impact_20260726T140352Z,F03-E005,C40,0,none,0,7.7146e-15,7.7146e-15,0,0,1,0,0,linear,0,66.0589,PASS
pusch_impact_20260726T140352Z,F03-E006,C80,0,none,0,7.7146e-15,7.7146e-15,0,0,1,0,0,linear,0,58.563,PASS
pusch_impact_20260726T140352Z,F03-E007,C160,0,none,0,7.7146e-15,7.7146e-15,0,0,1,0,0,linear,0,62.6573,PASS
pusch_impact_20260726T140352Z,F04-E001,S-6_DATA,0,none,0,7.7146e-15,7.7146e-15,0,0,1,0,0,linear,0,175.5549,PASS
pusch_impact_20260726T140352Z,F04-E002,S-6_UCI_ONLY,0,none,0,7.7146e-15,7.7146e-15,0,0,1,0,0,linear,0,209.589,PASS
pusch_impact_20260726T140352Z,F04-E003,S-2_DATA,0,none,0,7.7146e-15,7.7146e-15,0,0,1,0,0,linear,0,113.1291,PASS
pusch_impact_20260726T140352Z,F04-E004,S-2_UCI_ONLY,0,none,0,7.7146e-15,7.7146e-15,0,0,1,0,0,linear,0,138.9623,PASS
pusch_impact_20260726T140352Z,F04-E005,S2_DATA,0,none,0,7.7146e-15,7.7146e-15,0,0,1,0,0,linear,0,73.9751,PASS
pusch_impact_20260726T140352Z,F04-E006,S2_UCI_ONLY,0,none,0,7.7146e-15,7.7146e-15,0,0,1,0,0,linear,0,78.6961,PASS
pusch_impact_20260726T140352Z,F04-E007,S6_DATA,0,none,0,7.7146e-15,7.7146e-15,0,0,1,0,0,linear,0,46.2362,PASS
pusch_impact_20260726T140352Z,F04-E008,S6_UCI_ONLY,0,none,0,7.7146e-15,7.7146e-15,0,0,1,0,0,linear,0,51.4893,PASS
pusch_impact_20260726T140352Z,F05-E001,M4_10,0,none,0,3.7089,3.7089,0,0,1,0,0,linear,0,55.0285,PASS
pusch_impact_20260726T140352Z,F05-E002,M10_4,0,none,0,3.7558,3.7558,0,0,1,0,0,linear,0,63.5483,PASS
pusch_impact_20260726T140352Z,F05-E003,M10_10,0,none,0,3.5629,3.5629,0,0,1,0,0,linear,0,68.2446,PASS
pusch_impact_20260726T140352Z,F05-E004,M20_10,0,none,0,3.565,3.565,0,0,1,0,0,linear,0,59.7819,PASS
pusch_impact_20260726T140352Z,F06-E001,T24,0,none,0,7.7146e-15,7.7146e-15,0,0,1,0,0,linear,0,58.6241,PASS
pusch_impact_20260726T140352Z,F06-E002,T25,0,none,0,7.7146e-15,7.7146e-15,0,0,1,0,0,linear,0,62.2663,PASS
pusch_impact_20260726T140352Z,F06-E003,T40,0,none,0,7.7146e-15,7.7146e-15,0,0,1,0,0,linear,0,83.708,PASS
pusch_impact_20260726T140352Z,F06-E004,T41,0,none,0,7.7146e-15,7.7146e-15,0,0,1,0,0,linear,0,61.9734,PASS
pusch_impact_20260726T140352Z,F06-E005,T292,0,none,0,7.7146e-15,7.7146e-15,0,0,1,0,0,linear,0,70.0848,PASS
pusch_impact_20260726T140352Z,F06-E006,T293,0,none,0,7.7146e-15,7.7146e-15,0,0,1,0,0,linear,0,69.9638,PASS
pusch_impact_20260726T140352Z,F06-E007,T3824,0,none,0,7.7146e-15,7.7146e-15,0,0,1,0,0,linear,0,60.2826,PASS
pusch_impact_20260726T140352Z,F06-E008,T3825,0,none,0,7.7146e-15,7.7146e-15,0,0,1,0,0,linear,0,57.8266,PASS
pusch_impact_20260726T140352Z,F06-E009,T8424,0,none,0,7.7146e-15,7.7146e-15,0,0,1,0,0,linear,0,64.0397,PASS
pusch_impact_20260726T140352Z,F06-E010,T8425,0,none,0,7.7146e-15,7.7146e-15,0,0,1,0,0,linear,0,64.9338,PASS
pusch_impact_20260726T140352Z,F06-E011,T10000,0,none,0,7.7146e-15,7.7146e-15,0,0,1,0,0,linear,0,63.898,PASS
pusch_impact_20260726T140352Z,F06-E012,T20000,0,none,0,7.7146e-15,7.7146e-15,0,0,1,0,0,linear,0,64.3679,PASS
pusch_impact_20260726T140352Z,F07-E001,I2_L0.75,0,none,0,7.7146e-15,7.7146e-15,0,0,1,0,0,linear,0,65.8804,PASS
pusch_impact_20260726T140352Z,F07-E002,I2_L1.0,0,none,0,7.7146e-15,7.7146e-15,0,0,1,0,0,linear,0,62.4735,PASS
pusch_impact_20260726T140352Z,F07-E003,I2_L1.25,0,none,0,7.7146e-15,7.7146e-15,0,0,1,0,0,linear,0,61.0139,PASS
pusch_impact_20260726T140352Z,F07-E004,I4_L0.75,0,none,0,7.7146e-15,7.7146e-15,0,0,1,0,0,linear,0,69.7997,PASS
pusch_impact_20260726T140352Z,F07-E005,I4_L1.0,0,none,0,7.7146e-15,7.7146e-15,0,0,1,0,0,linear,0,63.3273,PASS
pusch_impact_20260726T140352Z,F07-E006,I4_L1.25,0,none,0,7.7146e-15,7.7146e-15,0,0,1,0,0,linear,0,75.0344,PASS
pusch_impact_20260726T140352Z,F07-E007,I6_L0.75,0,none,0,7.7146e-15,7.7146e-15,0,0,1,0,0,linear,0,68.0383,PASS
pusch_impact_20260726T140352Z,F07-E008,I6_L1.0,0,none,0,7.7146e-15,7.7146e-15,0,0,1,0,0,linear,0,66.0023,PASS
pusch_impact_20260726T140352Z,F07-E009,I6_L1.25,0,none,0,7.7146e-15,7.7146e-15,0,0,1,0,0,linear,0,55.0405,PASS
pusch_impact_20260726T140352Z,F07-E010,I8_L0.75,0,none,0,7.7146e-15,7.7146e-15,0,0,1,0,0,linear,0,60.4876,PASS
pusch_impact_20260726T140352Z,F07-E011,I8_L1.0,0,none,0,7.7146e-15,7.7146e-15,0,0,1,0,0,linear,0,71.8852,PASS
pusch_impact_20260726T140352Z,F07-E012,I8_L1.25,0,none,0,7.7146e-15,7.7146e-15,0,0,1,0,0,linear,0,67.0889,PASS
pusch_impact_20260726T140352Z,F07-E013,I12_L0.75,0,none,0,7.7146e-15,7.7146e-15,0,0,1,0,0,linear,0,71.068,PASS
pusch_impact_20260726T140352Z,F07-E014,I12_L1.0,0,none,0,7.7146e-15,7.7146e-15,0,0,1,0,0,linear,0,55.6567,PASS
pusch_impact_20260726T140352Z,F07-E015,I12_L1.25,0,none,0,7.7146e-15,7.7146e-15,0,0,1,0,0,linear,0,61.5358,PASS
pusch_impact_20260726T140352Z,F07-E016,I20_L0.75,0,none,0,7.7146e-15,7.7146e-15,0,0,1,0,0,linear,0,68.0289,PASS
pusch_impact_20260726T140352Z,F07-E017,I20_L1.0,0,none,0,7.7146e-15,7.7146e-15,0,0,1,0,0,linear,0,58.1753,PASS
pusch_impact_20260726T140352Z,F07-E018,I20_L1.25,0,none,0,7.7146e-15,7.7146e-15,0,0,1,0,0,linear,0,57.5246,PASS
pusch_impact_20260726T140352Z,F08-E001,none,0,none,0,7.7146e-15,7.7146e-15,0,0,1,0,0,linear,0,65.8806,PASS
pusch_impact_20260726T140352Z,F08-E002,crc_fail,0,none,0,7.7146e-15,7.7146e-15,0,0,1,0,0,linear,0,60.8163,PASS
pusch_impact_20260726T140352Z,F08-E003,wrong_rnti,0,none,0,7.7146e-15,7.7146e-15,0,0,1,0,0,linear,0,69.9227,PASS
pusch_impact_20260726T140352Z,F08-E004,stale_bwp,0,none,0,7.7146e-15,7.7146e-15,0,0,1,0,0,linear,0,61.5714,PASS
pusch_impact_20260726T140352Z,F08-E005,stale_epoch,0,none,0,7.7146e-15,7.7146e-15,0,0,1,0,0,linear,0,59.9073,PASS
pusch_impact_20260726T140352Z,F08-E006,invalid_k2,0,none,0,7.7146e-15,7.7146e-15,0,0,1,0,0,linear,0,69.2322,PASS
pusch_impact_20260726T140352Z,F08-E007,invalid_mcs,0,none,0,7.7146e-15,7.7146e-15,0,0,1,0,0,linear,0,74.2812,PASS
pusch_impact_20260726T140352Z,F08-E008,invalid_harq,0,none,0,7.7146e-15,7.7146e-15,0,0,1,0,0,linear,0,61.8713,PASS
pusch_impact_20260726T140352Z,F08-E009,stale_srs,0,none,0,7.7146e-15,7.7146e-15,0,0,1,0,0,linear,0,65.7408,PASS
pusch_impact_20260726T140352Z,F08-E010,invalid_tpmi,0,none,0,7.7146e-15,7.7146e-15,0,0,1,0,0,linear,0,62.9705,PASS
pusch_impact_20260726T140352Z,F08-E011,ul_symbol_unavailable,0,none,0,7.7146e-15,7.7146e-15,0,0,1,0,0,linear,0,65.4097,PASS
pusch_impact_20260726T140352Z,F08-E012,resource_collision,0,none,0,7.7146e-15,7.7146e-15,0,0,1,0,0,linear,0,63.3004,PASS
pusch_impact_20260726T140352Z,F09-E001,periodic_low_dynamic,0,none,0,7.7146e-15,7.7146e-15,0,0,1,0,0,linear,0,60.434,PASS
pusch_impact_20260726T140352Z,F09-E002,periodic_low_cg_type1,0,none,0,7.7146e-15,7.7146e-15,0,0,1,0,0,linear,0,69.4065,PASS
pusch_impact_20260726T140352Z,F09-E003,periodic_low_cg_type2,0,none,0,7.7146e-15,7.7146e-15,0,0,1,0,0,linear,0,69.4463,PASS
pusch_impact_20260726T140352Z,F09-E004,periodic_high_dynamic,0,none,0,7.7146e-15,7.7146e-15,0,0,1,0,0,linear,0,61.9308,PASS
pusch_impact_20260726T140352Z,F09-E005,periodic_high_cg_type1,0,none,0,7.7146e-15,7.7146e-15,0,0,1,0,0,linear,0,58.9704,PASS
pusch_impact_20260726T140352Z,F09-E006,periodic_high_cg_type2,0,none,0,7.7146e-15,7.7146e-15,0,0,1,0,0,linear,0,61.083,PASS
pusch_impact_20260726T140352Z,F09-E007,bursty_dynamic,0,none,0,7.7146e-15,7.7146e-15,0,0,1,0,0,linear,0,61.2872,PASS
pusch_impact_20260726T140352Z,F09-E008,bursty_cg_type1,0,none,0,7.7146e-15,7.7146e-15,0,0,1,0,0,linear,0,76.1426,PASS
pusch_impact_20260726T140352Z,F09-E009,bursty_cg_type2,0,none,0,7.7146e-15,7.7146e-15,0,0,1,0,0,linear,0,60.4025,PASS
pusch_impact_20260726T140352Z,F10-E001,cg_type1_R1_none,0,none,0,7.7146e-15,7.7146e-15,0,0,1,0,0,linear,0,77.7922,PASS
pusch_impact_20260726T140352Z,F10-E002,cg_type1_R1_dynamic_overlap,0,none,0,7.7146e-15,7.7146e-15,0,0,1,0,0,linear,0,62.5884,PASS
pusch_impact_20260726T140352Z,F10-E003,cg_type1_R2_none,0,none,0,7.7146e-15,7.7146e-15,0,0,1,0,0,linear,0,68.5879,PASS
pusch_impact_20260726T140352Z,F10-E004,cg_type1_R2_dynamic_overlap,0,none,0,7.7146e-15,7.7146e-15,0,0,1,0,0,linear,0,65.0519,PASS
pusch_impact_20260726T140352Z,F10-E005,cg_type1_R4_none,0,none,0,7.7146e-15,7.7146e-15,0,0,1,0,0,linear,0,60.6778,PASS
pusch_impact_20260726T140352Z,F10-E006,cg_type1_R4_dynamic_overlap,0,none,0,7.7146e-15,7.7146e-15,0,0,1,0,0,linear,0,56.4366,PASS
pusch_impact_20260726T140352Z,F10-E007,cg_type2_R1_none,0,none,0,7.7146e-15,7.7146e-15,0,0,1,0,0,linear,0,61.0485,PASS
pusch_impact_20260726T140352Z,F10-E008,cg_type2_R1_dynamic_overlap,0,none,0,7.7146e-15,7.7146e-15,0,0,1,0,0,linear,0,60.8979,PASS
pusch_impact_20260726T140352Z,F10-E009,cg_type2_R2_none,0,none,0,7.7146e-15,7.7146e-15,0,0,1,0,0,linear,0,66.4508,PASS
pusch_impact_20260726T140352Z,F10-E010,cg_type2_R2_dynamic_overlap,0,none,0,7.7146e-15,7.7146e-15,0,0,1,0,0,linear,0,62.5591,PASS
pusch_impact_20260726T140352Z,F10-E011,cg_type2_R4_none,0,none,0,7.7146e-15,7.7146e-15,0,0,1,0,0,linear,0,62.6061,PASS
pusch_impact_20260726T140352Z,F10-E012,cg_type2_R4_dynamic_overlap,0,none,0,7.7146e-15,7.7146e-15,0,0,1,0,0,linear,0,70.3507,PASS
pusch_impact_20260726T140352Z,F11-E001,msg3_PL80,0,none,0,7.7146e-15,7.7146e-15,0,0,1,0,0,linear,0,70.4061,PASS
pusch_impact_20260726T140352Z,F11-E002,msg3_PL100,0,none,0,-8.1968e-15,-8.1968e-15,0,0,1,0,0,linear,1,77.8792,PASS
pusch_impact_20260726T140352Z,F11-E003,msg3_PL120,0,none,0,-8.1968e-15,-8.1968e-15,0,0,1,0,0,linear,1,57.4048,PASS
pusch_impact_20260726T140352Z,F11-E004,msg3_PL135,0,none,0,-8.1968e-15,-8.1968e-15,0,0,1,0,0,linear,1,66.0873,PASS
pusch_impact_20260726T140352Z,F11-E005,msg3_PL145,0,none,0,-8.1968e-15,-8.1968e-15,0,0,1,0,0,linear,1,61.8719,PASS
pusch_impact_20260726T140352Z,F11-E006,msga_PL80,0,none,0,7.7146e-15,7.7146e-15,0,0,1,0,0,linear,0,57.8291,PASS
pusch_impact_20260726T140352Z,F11-E007,msga_PL100,0,none,0,-8.1968e-15,-8.1968e-15,0,0,1,0,0,linear,1,89.0744,PASS
pusch_impact_20260726T140352Z,F11-E008,msga_PL120,0,none,0,-8.1968e-15,-8.1968e-15,0,0,1,0,0,linear,1,59.083,PASS
pusch_impact_20260726T140352Z,F11-E009,msga_PL135,0,none,0,-8.1968e-15,-8.1968e-15,0,0,1,0,0,linear,1,288.7005,PASS
pusch_impact_20260726T140352Z,F11-E010,msga_PL145,0,none,0,-8.1968e-15,-8.1968e-15,0,0,1,0,0,linear,1,117.0293,PASS
pusch_impact_20260726T140352Z,F12-E001,pi/2-BPSK_R1,1,none,0,7.877,7.877,1.8219e-16,1.2705e-31,1,0,0,linear,0,68.2255,PASS
pusch_impact_20260726T140352Z,F12-E002,QPSK_R1,0,none,0,7.7146e-15,7.7146e-15,0,0,1,0,0,linear,0,57.1404,PASS
pusch_impact_20260726T140352Z,F12-E003,QPSK_R2,0,none,0,7.7146e-15,7.7146e-15,0,0,1,0,0,linear,0,67.7255,PASS
pusch_impact_20260726T140352Z,F12-E004,QPSK_R4,0,none,0,7.7146e-15,7.7146e-15,0,0,1,0,0,linear,0,62.2142,PASS
pusch_impact_20260726T140352Z,F12-E005,QPSK_R8,0,none,0,7.7146e-15,7.7146e-15,0,0,1,0,0,linear,0,65.0056,PASS
pusch_impact_20260726T140352Z,F12-E006,16QAM_R1,0,none,0,2.5437,2.5437,0,0,1,0,0,linear,0,57.1165,PASS
pusch_impact_20260726T140352Z,F12-E007,16QAM_R2,0,none,0,2.5077,2.5077,0,0,1,0,0,linear,0,59.5099,PASS
pusch_impact_20260726T140352Z,F12-E008,16QAM_R4,0,none,0,2.58,2.58,0,0,1,0,0,linear,0,69.4575,PASS
pusch_impact_20260726T140352Z,F12-E009,16QAM_R8,0,none,0,2.4632,2.4632,0,0,1,0,0,linear,0,65.7357,PASS
pusch_impact_20260726T140352Z,F12-E010,64QAM_R1,0,none,0,3.7242,3.7242,0,0,1,0,0,linear,0,65.4444,PASS
pusch_impact_20260726T140352Z,F12-E011,64QAM_R2,0,none,0,3.8344,3.8344,0,0,1,0,0,linear,0,68.7705,PASS
pusch_impact_20260726T140352Z,F12-E012,64QAM_R4,0,none,0,3.6744,3.6744,0,0,1,0,0,linear,0,59.4932,PASS
pusch_impact_20260726T140352Z,F12-E013,64QAM_R8,0,none,0,3.6519,3.6519,0,0,1,0,0,linear,0,63.0382,PASS
pusch_impact_20260726T140352Z,F12-E014,256QAM_R1,0,none,0,4.1433,4.1433,0,0,1,0,0,linear,0,66.1813,PASS
pusch_impact_20260726T140352Z,F12-E015,256QAM_R2,0,none,0,4.0414,4.0414,0,0,1,0,0,linear,0,85.5028,PASS
pusch_impact_20260726T140352Z,F12-E016,256QAM_R4,0,none,0,4.4,4.4,0,0,1,0,0,linear,0,62.2063,PASS
pusch_impact_20260726T140352Z,F12-E017,256QAM_R8,0,none,0,4.2479,4.2479,0,0,1,0,0,linear,0,61.5712,PASS
pusch_impact_20260726T140352Z,F13-E001,R1,0,none,0,3.638,3.638,0,0,1,0,0,linear,0,68.2224,PASS
pusch_impact_20260726T140352Z,F13-E002,R2,0,none,0,3.6326,3.6326,0,0,1,0,0,linear,0,60.4904,PASS
pusch_impact_20260726T140352Z,F13-E003,R3,0,none,0,3.6765,3.6765,0,0,1,0,0,linear,0,61.6222,PASS
pusch_impact_20260726T140352Z,F13-E004,R4,0,none,0,3.6583,3.6583,0,0,1,0,0,linear,0,58.8193,PASS
pusch_impact_20260726T140352Z,F13-E005,R5,0,none,0,3.5045,3.5045,0,0,1,0,0,linear,0,57.3811,PASS
pusch_impact_20260726T140352Z,F13-E006,R6,0,none,0,3.6135,3.6135,0,0,1,0,0,linear,0,70.0546,PASS
pusch_impact_20260726T140352Z,F13-E007,R7,0,none,0,3.7003,3.7003,0,0,1,0,0,linear,0,58.8502,PASS
pusch_impact_20260726T140352Z,F13-E008,R8,0,none,0,3.71,3.71,0,0,1,0,0,linear,0,68.0058,PASS
pusch_impact_20260726T140352Z,F14-E001,R1_C0.0,0,none,0,3.7493,3.7493,0,0,1,0,0,linear,0,54.2902,PASS
pusch_impact_20260726T140352Z,F14-E002,R2_C0.0,0,none,0,3.8254,3.8254,0,0,1,0,0,linear,0,61.7836,PASS
pusch_impact_20260726T140352Z,F14-E003,R4_C0.0,0,none,0,3.7547,3.7547,0,0,1,0,0,linear,0,64.1452,PASS
pusch_impact_20260726T140352Z,F14-E004,R8_C0.0,0,none,0,3.696,3.696,0,0,1,0,0,linear,0,63.9667,PASS
pusch_impact_20260726T140352Z,F14-E005,R1_C0.3,0,none,0,3.7482,3.7482,0,0,1,0,0,linear,0,57.5402,PASS
pusch_impact_20260726T140352Z,F14-E006,R2_C0.3,0,none,0,3.7602,3.7602,0,0,1,0,0,linear,0,71.9336,PASS
pusch_impact_20260726T140352Z,F14-E007,R4_C0.3,0,none,0,3.7547,3.7547,0,0,1,0,0,linear,0,65.1977,PASS
pusch_impact_20260726T140352Z,F14-E008,R8_C0.3,0,none,0,3.758,3.758,0,0,1,0,0,linear,0,59.6513,PASS
pusch_impact_20260726T140352Z,F14-E009,R1_C0.7,0,none,0,3.5692,3.5692,0,0,1,0,0,linear,0,64.849,PASS
pusch_impact_20260726T140352Z,F14-E010,R2_C0.7,0,none,0,3.7679,3.7679,0,0,1,0,0,linear,0,60.8315,PASS
pusch_impact_20260726T140352Z,F14-E011,R4_C0.7,0,none,0,3.9143,3.9143,0,0,1,0,0,linear,0,66.6288,PASS
pusch_impact_20260726T140352Z,F14-E012,R8_C0.7,0,none,0,3.7822,3.7822,0,0,1,0,0,linear,0,68.0971,PASS
pusch_impact_20260726T140352Z,F14-E013,R1_C0.9,0,none,0,3.7438,3.7438,0,0,1,0,0,linear,0,57.2481,PASS
pusch_impact_20260726T140352Z,F14-E014,R2_C0.9,0,none,0,3.5913,3.5913,0,0,1,0,0,linear,0,64.2405,PASS
pusch_impact_20260726T140352Z,F14-E015,R4_C0.9,0,none,0,3.7482,3.7482,0,0,1,0,0,linear,0,62.5175,PASS
pusch_impact_20260726T140352Z,F14-E016,R8_C0.9,0,none,0,3.6454,3.6454,0,0,1,0,0,linear,0,57.7897,PASS
pusch_impact_20260726T140352Z,F15-E001,R5_equal,0,none,0,3.6358,3.6358,0,0,1,0,0,linear,0,70.9055,PASS
pusch_impact_20260726T140352Z,F15-E002,R5_cw0_high,0,none,0,3.7296,3.7296,0,0,1,0,0,linear,0,59.6327,PASS
pusch_impact_20260726T140352Z,F15-E003,R5_cw1_high,0,none,0,3.4572,3.4572,0,0,1,0,0,linear,0,62.4692,PASS
pusch_impact_20260726T140352Z,F15-E004,R6_equal,0,none,0,3.722,3.722,0,0,1,0,0,linear,0,60.5675,PASS
pusch_impact_20260726T140352Z,F15-E005,R6_cw0_high,0,none,0,3.5077,3.5077,0,0,1,0,0,linear,0,67.9695,PASS
pusch_impact_20260726T140352Z,F15-E006,R6_cw1_high,0,none,0,3.6819,3.6819,0,0,1,0,0,linear,0,63.3684,PASS
pusch_impact_20260726T140352Z,F15-E007,R7_equal,0,none,0,3.6401,3.6401,0,0,1,0,0,linear,0,72.5218,PASS
pusch_impact_20260726T140352Z,F15-E008,R7_cw0_high,0,none,0,3.7933,3.7933,0,0,1,0,0,linear,0,68.1783,PASS
pusch_impact_20260726T140352Z,F15-E009,R7_cw1_high,0,none,0,3.6326,3.6326,0,0,1,0,0,linear,0,69.8161,PASS
pusch_impact_20260726T140352Z,F15-E010,R8_equal,0,none,0,3.6401,3.6401,0,0,1,0,0,linear,0,62.4521,PASS
pusch_impact_20260726T140352Z,F15-E011,R8_cw0_high,0,none,0,3.71,3.71,0,0,1,0,0,linear,0,70.2937,PASS
pusch_impact_20260726T140352Z,F15-E012,R8_cw1_high,0,none,0,3.6895,3.6895,0,0,1,0,0,linear,0,68.0379,PASS
pusch_impact_20260726T140352Z,F16-E001,codebook_R1,0,none,0,3.6949,3.6949,0,0,1,0,0,linear,0,59.7791,PASS
pusch_impact_20260726T140352Z,F16-E002,codebook_R2,0,none,0,3.6412,3.6412,0,0,1,0,0,linear,0,61.0636,PASS
pusch_impact_20260726T140352Z,F16-E003,codebook_R4,0,none,0,3.5524,3.5524,0,0,1,0,0,linear,0,70.0769,PASS
pusch_impact_20260726T140352Z,F16-E004,codebook_R8,0,none,0,3.3651,3.3651,0,0,1,0,0,linear,0,62.7167,PASS
pusch_impact_20260726T140352Z,F16-E005,noncodebook_R1,0,none,0,3.7745,3.7745,0,0,1,0,0,linear,0,61.86,PASS
pusch_impact_20260726T140352Z,F16-E006,noncodebook_R2,0,none,0,3.6199,3.6199,0,0,1,0,0,linear,0,70.0562,PASS
pusch_impact_20260726T140352Z,F16-E007,noncodebook_R4,0,none,0,3.7877,3.7877,0,0,1,0,0,linear,0,65.6018,PASS
pusch_impact_20260726T140352Z,F16-E008,noncodebook_R8,0,none,0,3.8624,3.8624,0,0,1,0,0,linear,0,65.5811,PASS
pusch_impact_20260726T140352Z,F17-E001,D0_A0,0,none,0,7.7146e-15,7.7146e-15,0,0,1,0,0,linear,0,68.9601,PASS
pusch_impact_20260726T140352Z,F17-E002,D0_A1,0,none,0,7.7146e-15,7.7146e-15,0,0,1,0,0,linear,0,70.5632,PASS
pusch_impact_20260726T140352Z,F17-E003,D0_A2,0,none,0,7.7146e-15,7.7146e-15,0,0,1,0,0,linear,0,67.0554,PASS
pusch_impact_20260726T140352Z,F17-E004,D0_A3,0,none,0,7.7146e-15,7.7146e-15,0,0,1,0,0,linear,0,68.7803,PASS
pusch_impact_20260726T140352Z,F17-E005,D100_A0,0,none,0,7.7146e-15,7.7146e-15,0,0,1,0,0,linear,0,60.7393,PASS
pusch_impact_20260726T140352Z,F17-E006,D100_A1,0,none,0,7.7146e-15,7.7146e-15,0,0,1,0,0,linear,0,67.7395,PASS
pusch_impact_20260726T140352Z,F17-E007,D100_A2,0,none,0,7.7146e-15,7.7146e-15,0,0,1,0,0,linear,0,59.3029,PASS
pusch_impact_20260726T140352Z,F17-E008,D100_A3,0,none,0,7.7146e-15,7.7146e-15,0,0,1,0,0,linear,0,69.1918,PASS
pusch_impact_20260726T140352Z,F17-E009,D300_A0,0,none,0,7.7146e-15,7.7146e-15,0,0,1,0,0,linear,0,57.5562,PASS
pusch_impact_20260726T140352Z,F17-E010,D300_A1,0,none,0,7.7146e-15,7.7146e-15,0,0,1,0,0,linear,0,64.7063,PASS
pusch_impact_20260726T140352Z,F17-E011,D300_A2,0,none,0,7.7146e-15,7.7146e-15,0,0,1,0,0,linear,0,58.3582,PASS
pusch_impact_20260726T140352Z,F17-E012,D300_A3,0,none,0,7.7146e-15,7.7146e-15,0,0,1,0,0,linear,0,59.5543,PASS
pusch_impact_20260726T140352Z,F17-E013,D800_A0,0,none,0,7.7146e-15,7.7146e-15,0,0,1,0,0,linear,0,60.9449,PASS
pusch_impact_20260726T140352Z,F17-E014,D800_A1,0,none,0,7.7146e-15,7.7146e-15,0,0,1,0,0,linear,0,68.2604,PASS
pusch_impact_20260726T140352Z,F17-E015,D800_A2,0,none,0,7.7146e-15,7.7146e-15,0,0,1,0,0,linear,0,64.7995,PASS
pusch_impact_20260726T140352Z,F17-E016,D800_A3,0,none,0,7.7146e-15,7.7146e-15,0,0,1,0,0,linear,0,61.5642,PASS
pusch_impact_20260726T140352Z,F18-E001,TDL-A_C1,0,none,0,7.7146e-15,7.7146e-15,0,0,1,0,0,linear,0,61.2974,PASS
pusch_impact_20260726T140352Z,F18-E002,TDL-A_C2,0,none,0,7.7146e-15,7.7146e-15,0,0,1,0,0,linear,0,57.7682,PASS
pusch_impact_20260726T140352Z,F18-E003,TDL-C_C1,0,none,0,7.7146e-15,7.7146e-15,0,0,1,0,0,linear,0,62.313,PASS
pusch_impact_20260726T140352Z,F18-E004,TDL-C_C2,0,none,0,7.7146e-15,7.7146e-15,0,0,1,0,0,linear,0,62.2383,PASS
pusch_impact_20260726T140352Z,F18-E005,TDL-E_C1,0,none,0,7.7146e-15,7.7146e-15,0,0,1,0,0,linear,0,62.3534,PASS
pusch_impact_20260726T140352Z,F18-E006,TDL-E_C2,0,none,0,7.7146e-15,7.7146e-15,0,0,1,0,0,linear,0,68.2596,PASS
pusch_impact_20260726T140352Z,F19-E001,R1_L1,0,none,0,7.7146e-15,7.7146e-15,0,0,1,0,0,linear,0,63.3953,PASS
pusch_impact_20260726T140352Z,F19-E002,R1_L2,0,none,0,7.7146e-15,7.7146e-15,0,0,1,0,0,linear,0,74.0549,PASS
pusch_impact_20260726T140352Z,F19-E003,R2_L1,0,none,0,7.7146e-15,7.7146e-15,0,0,1,0,0,linear,0,59.0062,PASS
pusch_impact_20260726T140352Z,F19-E004,R2_L2,0,none,0,7.7146e-15,7.7146e-15,0,0,1,0,0,linear,0,82.6028,PASS
pusch_impact_20260726T140352Z,F19-E005,R4_L1,0,none,0,7.7146e-15,7.7146e-15,0,0,1,0,0,linear,0,71.1161,PASS
pusch_impact_20260726T140352Z,F19-E006,R4_L2,0,none,0,7.7146e-15,7.7146e-15,0,0,1,0,0,linear,0,63.6348,PASS
pusch_impact_20260726T140352Z,F19-E007,R8_L1,0,none,0,7.7146e-15,7.7146e-15,0,0,1,0,0,linear,0,56.1418,PASS
pusch_impact_20260726T140352Z,F19-E008,R8_L2,0,none,0,7.7146e-15,7.7146e-15,0,0,1,0,0,linear,0,63.4169,PASS
pusch_impact_20260726T140352Z,F20-E001,ideal_R2,0,none,0,7.7146e-15,7.7146e-15,0,0,1,0,0,linear,0,63.2621,PASS
pusch_impact_20260726T140352Z,F20-E002,ideal_R4,0,none,0,7.7146e-15,7.7146e-15,0,0,1,0,0,linear,0,64.5211,PASS
pusch_impact_20260726T140352Z,F20-E003,ideal_R8,0,none,0,7.7146e-15,7.7146e-15,0,0,1,0,0,linear,0,64.9717,PASS
pusch_impact_20260726T140352Z,F20-E004,cfo_0p02scs_R2,0,none,0,7.7146e-15,7.7146e-15,0,0,1,0,0,linear,0,65.1809,PASS
pusch_impact_20260726T140352Z,F20-E005,cfo_0p02scs_R4,0,none,0,7.7146e-15,7.7146e-15,0,0,1,0,0,linear,0,67.6091,PASS
pusch_impact_20260726T140352Z,F20-E006,cfo_0p02scs_R8,0,none,0,7.7146e-15,7.7146e-15,0,0,1,0,0,linear,0,65.8874,PASS
pusch_impact_20260726T140352Z,F20-E007,timing_0p25cp_R2,0,none,0,7.7146e-15,7.7146e-15,0,0,1,0,0,linear,0,68.2716,PASS
pusch_impact_20260726T140352Z,F20-E008,timing_0p25cp_R4,0,none,0,7.7146e-15,7.7146e-15,0,0,1,0,0,linear,0,73.4969,PASS
pusch_impact_20260726T140352Z,F20-E009,timing_0p25cp_R8,0,none,0,7.7146e-15,7.7146e-15,0,0,1,0,0,linear,0,60.729,PASS
pusch_impact_20260726T140352Z,F21-E001,low_T1_F2,0,none,0,4.4239,4.4239,0,0,1,0,0,linear,0,59.5804,PASS
pusch_impact_20260726T140352Z,F21-E002,low_T2_F2,0,none,0,4.4255,4.4255,0,0,1,0,0,linear,0,59.3189,PASS
pusch_impact_20260726T140352Z,F21-E003,low_T2_F4,0,none,0,4.1737,4.1737,0,0,1,0,0,linear,0,68.3659,PASS
pusch_impact_20260726T140352Z,F21-E004,low_T4_F4,0,none,0,4.2048,4.2048,0,0,1,0,0,linear,0,62.8115,PASS
pusch_impact_20260726T140352Z,F21-E005,medium_T1_F2,0,none,0,4.1911,4.1911,0,0,1,0,0,linear,0,72.1783,PASS
pusch_impact_20260726T140352Z,F21-E006,medium_T2_F2,0,none,0,3.9875,3.9875,0,0,1,0,0,linear,0,68.7735,PASS
pusch_impact_20260726T140352Z,F21-E007,medium_T2_F4,0,none,0,4.2189,4.2189,0,0,1,0,0,linear,0,65.3856,PASS
pusch_impact_20260726T140352Z,F21-E008,medium_T4_F4,0,none,0,4.292,4.292,0,0,1,0,0,linear,0,73.7322,PASS
pusch_impact_20260726T140352Z,F21-E009,high_T1_F2,0,none,0,4.2836,4.2836,0,0,1,0,0,linear,0,59.3432,PASS
pusch_impact_20260726T140352Z,F21-E010,high_T2_F2,0,none,0,4.2498,4.2498,0,0,1,0,0,linear,0,71.8605,PASS
pusch_impact_20260726T140352Z,F21-E011,high_T2_F4,0,none,0,4.1655,4.1655,0,0,1,0,0,linear,0,57.6242,PASS
pusch_impact_20260726T140352Z,F21-E012,high_T4_F4,0,none,0,4.2069,4.2069,0,0,1,0,0,linear,0,67.5141,PASS
pusch_impact_20260726T140352Z,F22-E001,P0_64QAM_R1,0,none,0,3.6992,3.6992,0,0,1,0,0,linear,0,79.7501,PASS
pusch_impact_20260726T140352Z,F22-E002,P0_64QAM_R4,0,none,0,3.6583,3.6583,0,0,1,0,0,linear,0,63.7636,PASS
pusch_impact_20260726T140352Z,F22-E003,P0_256QAM_R1,0,none,0,4.3025,4.3025,0,0,1,0,0,linear,0,65.4623,PASS
pusch_impact_20260726T140352Z,F22-E004,P0_256QAM_R4,0,none,0,4.1028,4.1028,0,0,1,0,0,linear,0,66.5748,PASS
pusch_impact_20260726T140352Z,F22-E005,P1_64QAM_R1,0,none,0,3.7635,3.7635,0,0,1,0,0,linear,0,60.113,PASS
pusch_impact_20260726T140352Z,F22-E006,P1_64QAM_R4,0,none,0,3.7624,3.7624,0,0,1,0,0,linear,0,58.2939,PASS
pusch_impact_20260726T140352Z,F22-E007,P1_256QAM_R1,0,none,0,4.1545,4.1545,0,0,1,0,0,linear,0,72.1087,PASS
pusch_impact_20260726T140352Z,F22-E008,P1_256QAM_R4,0,none,0,4.2747,4.2747,0,0,1,0,0,linear,0,58.4528,PASS
pusch_impact_20260726T140352Z,F23-E001,pi/2-BPSK_N12_T1,1,none,0,7.3595,7.3595,0,1.0046e-31,1,0,0,linear,0,61.7772,PASS
pusch_impact_20260726T140352Z,F23-E002,pi/2-BPSK_N52_T1,1,none,0,9.5433,9.5433,0,1.3236e-31,1,0,0,linear,0,58.602,PASS
pusch_impact_20260726T140352Z,F23-E003,pi/2-BPSK_N106_T1,1,none,0,8.9147,8.9147,0,4.0345e-31,1,0,0,linear,0,66.1067,PASS
pusch_impact_20260726T140352Z,F23-E004,QPSK_N12_T0,0,none,0,1.3501e-14,1.3501e-14,0,0,1,0,0,linear,0,63.3094,PASS
pusch_impact_20260726T140352Z,F23-E005,QPSK_N12_T1,1,none,0,8.6155,8.6155,0,8.0618e-32,1,0,0,linear,0,61.4771,PASS
pusch_impact_20260726T140352Z,F23-E006,QPSK_N52_T0,0,none,0,7.7146e-15,7.7146e-15,0,0,1,0,0,linear,0,67.6334,PASS
pusch_impact_20260726T140352Z,F23-E007,QPSK_N52_T1,1,none,0,7.9334,7.9334,0,1.2961e-31,1,0,0,linear,0,64.8958,PASS
pusch_impact_20260726T140352Z,F23-E008,QPSK_N106_T0,0,none,0,1.2536e-14,1.2536e-14,0,0,1,0,0,linear,0,63.931,PASS
pusch_impact_20260726T140352Z,F23-E009,QPSK_N106_T1,1,none,0,9.2289,9.2289,1.7875e-16,4.0484e-31,1,0,0,linear,0,67.2419,PASS
pusch_impact_20260726T140352Z,F23-E010,16QAM_N12_T0,0,none,0,2.6627,2.6627,0,0,1,0,0,linear,0,62.7798,PASS
pusch_impact_20260726T140352Z,F23-E011,16QAM_N12_T1,1,none,0,9.1402,9.1402,0,9.6368e-32,1,0,0,linear,0,61.7075,PASS
pusch_impact_20260726T140352Z,F23-E012,16QAM_N52_T0,0,none,0,2.5527,2.5527,0,0,1,0,0,linear,0,62.7811,PASS
pusch_impact_20260726T140352Z,F23-E013,16QAM_N52_T1,1,none,0,9.0928,9.0928,1.7943e-16,1.3368e-31,1,0,0,linear,0,57.8947,PASS
pusch_impact_20260726T140352Z,F23-E014,16QAM_N106_T0,0,none,0,2.5347,2.5347,0,0,1,0,0,linear,0,70.4813,PASS
pusch_impact_20260726T140352Z,F23-E015,16QAM_N106_T1,1,none,0,8.7085,8.7085,3.4576e-16,3.9576e-31,1,0,0,linear,0,54.9962,PASS
pusch_impact_20260726T140352Z,F23-E016,64QAM_N12_T0,0,none,0,3.7977,3.7977,0,0,1,0,0,linear,0,63.3792,PASS
pusch_impact_20260726T140352Z,F23-E017,64QAM_N12_T1,1,none,0,8.8428,8.8428,2.6747e-16,1.1908e-31,1,0,0,linear,0,64.1427,PASS
pusch_impact_20260726T140352Z,F23-E018,64QAM_N52_T0,0,none,0,3.7668,3.7668,0,0,1,0,0,linear,0,71.451,PASS
pusch_impact_20260726T140352Z,F23-E019,64QAM_N52_T1,1,none,0,8.3036,8.3036,1.8819e-16,1.1078e-31,1,0,0,linear,0,59.0957,PASS
pusch_impact_20260726T140352Z,F23-E020,64QAM_N106_T0,0,none,0,3.8883,3.8883,0,0,1,0,0,linear,0,80.7159,PASS
pusch_impact_20260726T140352Z,F23-E021,64QAM_N106_T1,1,none,0,9.5498,9.5498,1.0704e-15,4.1595e-31,1,0,0,linear,0,65.4104,PASS
pusch_impact_20260726T140352Z,F23-E022,256QAM_N12_T0,0,none,0,4.4161,4.4161,0,0,1,0,0,linear,0,62.5765,PASS
pusch_impact_20260726T140352Z,F23-E023,256QAM_N12_T1,1,none,0,9.6979,9.6979,6.4984e-16,9.2139e-32,1,0,0,linear,0,63.3752,PASS
pusch_impact_20260726T140352Z,F23-E024,256QAM_N52_T0,0,none,0,4.0127,4.0127,0,0,1,0,0,linear,0,59.0833,PASS
pusch_impact_20260726T140352Z,F23-E025,256QAM_N52_T1,1,none,0,9.8726,9.8726,0,1.2785e-31,1,0,0,linear,0,64.0049,PASS
pusch_impact_20260726T140352Z,F23-E026,256QAM_N106_T0,0,none,0,4.3573,4.3573,0,0,1,0,0,linear,0,73.4891,PASS
pusch_impact_20260726T140352Z,F23-E027,256QAM_N106_T1,1,none,0,8.0238,8.0238,0,4.1455e-31,1,0,0,linear,0,63.4819,PASS
pusch_impact_20260726T140352Z,F24-E001,B12_T0,0,none,0,3.6401,3.6401,0,0,1,0,0,12,0,67.7338,PASS
pusch_impact_20260726T140352Z,F24-E002,B12_T1,1,none,0,10.3595,10.3595,1.8078e-16,1.1043e-31,1,0,0,12,0,70.0817,PASS
pusch_impact_20260726T140352Z,F24-E003,B9_T0,0,none,0,3.7024,3.7024,0,0,1,0,0,9,0,62.5395,PASS
pusch_impact_20260726T140352Z,F24-E004,B9_T1,1,none,0,8.9617,8.9617,0,1.13e-31,1,0,0,9,0,63.0945,PASS
pusch_impact_20260726T140352Z,F24-E005,B6_T0,0,none,0,3.639,3.639,0,0,1,0,0,6,0,59.6161,PASS
pusch_impact_20260726T140352Z,F24-E006,B6_T1,1,none,0,8.4024,8.4024,1.8158e-16,1.0724e-31,1,0,0,6,0,63.7071,PASS
pusch_impact_20260726T140352Z,F24-E007,B3_T0,0,none,0,3.8917,3.8917,0,0,1,0,0,3,0,59.1606,PASS
pusch_impact_20260726T140352Z,F24-E008,B3_T1,1,none,0,9.2632,9.2632,1.813e-16,1.1229e-31,1,0,0,3,0,65.3526,PASS
pusch_impact_20260726T140352Z,F24-E009,B0_T0,0,none,0,3.811,3.811,0,0,1,0,0,0,0,60.5089,PASS
pusch_impact_20260726T140352Z,F24-E010,B0_T1,1,none,0,8.6972,8.6972,5.3022e-16,1.0874e-31,1,0,0,0,0,62.8223,PASS
pusch_impact_20260726T140352Z,F25-E001,none_O12,0,none,12,7.7146e-15,7.7146e-15,0,0,1,0,0,linear,0,65.8236,PASS
pusch_impact_20260726T140352Z,F25-E002,none_O24,0,none,24,7.7146e-15,7.7146e-15,0,0,1,0,0,linear,0,62.5172,PASS
pusch_impact_20260726T140352Z,F25-E003,none_O48,0,none,48,7.7146e-15,7.7146e-15,0,0,1,0,0,linear,0,66.6666,PASS
pusch_impact_20260726T140352Z,F25-E004,intra_slot_O12,0,intra_slot,12,7.7146e-15,7.7146e-15,0,0,1,0,0,linear,0,55.9742,PASS
pusch_impact_20260726T140352Z,F25-E005,intra_slot_O24,0,intra_slot,24,7.7146e-15,7.7146e-15,0,0,1,0,0,linear,0,60.5504,PASS
pusch_impact_20260726T140352Z,F25-E006,intra_slot_O48,0,intra_slot,48,7.7146e-15,7.7146e-15,0,0,1,0,0,linear,0,64.8061,PASS
pusch_impact_20260726T140352Z,F25-E007,inter_slot_O12,0,inter_slot,12,7.7146e-15,7.7146e-15,0,0,1,0,0,linear,0,60.0207,PASS
pusch_impact_20260726T140352Z,F25-E008,inter_slot_O24,0,inter_slot,24,7.7146e-15,7.7146e-15,0,0,1,0,0,linear,0,65.9268,PASS
pusch_impact_20260726T140352Z,F25-E009,inter_slot_O48,0,inter_slot,48,7.7146e-15,7.7146e-15,0,0,1,0,0,linear,0,68.0036,PASS
pusch_impact_20260726T140352Z,F26-E001,TDL-A_none_O12,0,none,12,7.7146e-15,7.7146e-15,0,0,1,0,0,linear,0,61.3462,PASS
pusch_impact_20260726T140352Z,F26-E002,TDL-A_none_O36,0,none,36,7.7146e-15,7.7146e-15,0,0,1,0,0,linear,0,59.2717,PASS
pusch_impact_20260726T140352Z,F26-E003,TDL-A_intra_slot_O12,0,intra_slot,12,7.7146e-15,7.7146e-15,0,0,1,0,0,linear,0,58.8566,PASS
pusch_impact_20260726T140352Z,F26-E004,TDL-A_intra_slot_O36,0,intra_slot,36,7.7146e-15,7.7146e-15,0,0,1,0,0,linear,0,64.94,PASS
pusch_impact_20260726T140352Z,F26-E005,TDL-A_inter_slot_O12,0,inter_slot,12,7.7146e-15,7.7146e-15,0,0,1,0,0,linear,0,68.148,PASS
pusch_impact_20260726T140352Z,F26-E006,TDL-A_inter_slot_O36,0,inter_slot,36,7.7146e-15,7.7146e-15,0,0,1,0,0,linear,0,63.2341,PASS
pusch_impact_20260726T140352Z,F26-E007,TDL-C_none_O12,0,none,12,7.7146e-15,7.7146e-15,0,0,1,0,0,linear,0,61.4882,PASS
pusch_impact_20260726T140352Z,F26-E008,TDL-C_none_O36,0,none,36,7.7146e-15,7.7146e-15,0,0,1,0,0,linear,0,60.4584,PASS
pusch_impact_20260726T140352Z,F26-E009,TDL-C_intra_slot_O12,0,intra_slot,12,7.7146e-15,7.7146e-15,0,0,1,0,0,linear,0,68.4099,PASS
pusch_impact_20260726T140352Z,F26-E010,TDL-C_intra_slot_O36,0,intra_slot,36,7.7146e-15,7.7146e-15,0,0,1,0,0,linear,0,61.8933,PASS
pusch_impact_20260726T140352Z,F26-E011,TDL-C_inter_slot_O12,0,inter_slot,12,7.7146e-15,7.7146e-15,0,0,1,0,0,linear,0,66.061,PASS
pusch_impact_20260726T140352Z,F26-E012,TDL-C_inter_slot_O36,0,inter_slot,36,7.7146e-15,7.7146e-15,0,0,1,0,0,linear,0,75.6835,PASS
pusch_impact_20260726T140352Z,F26-E013,TDL-E_none_O12,0,none,12,7.7146e-15,7.7146e-15,0,0,1,0,0,linear,0,60.0519,PASS
pusch_impact_20260726T140352Z,F26-E014,TDL-E_none_O36,0,none,36,7.7146e-15,7.7146e-15,0,0,1,0,0,linear,0,66.8053,PASS
pusch_impact_20260726T140352Z,F26-E015,TDL-E_intra_slot_O12,0,intra_slot,12,7.7146e-15,7.7146e-15,0,0,1,0,0,linear,0,57.8738,PASS
pusch_impact_20260726T140352Z,F26-E016,TDL-E_intra_slot_O36,0,intra_slot,36,7.7146e-15,7.7146e-15,0,0,1,0,0,linear,0,60.2744,PASS
pusch_impact_20260726T140352Z,F26-E017,TDL-E_inter_slot_O12,0,inter_slot,12,7.7146e-15,7.7146e-15,0,0,1,0,0,linear,0,57.4958,PASS
pusch_impact_20260726T140352Z,F26-E018,TDL-E_inter_slot_O36,0,inter_slot,36,7.7146e-15,7.7146e-15,0,0,1,0,0,linear,0,67.3139,PASS
pusch_impact_20260726T140352Z,F27-E001,R1_none,0,none,0,7.7146e-15,7.7146e-15,0,0,1,0,0,linear,0,58.3101,PASS
pusch_impact_20260726T140352Z,F27-E002,R1_inter_slot,0,inter_slot,0,7.7146e-15,7.7146e-15,0,0,1,0,0,linear,0,66.5743,PASS
pusch_impact_20260726T140352Z,F27-E003,R2_none,0,none,0,7.7146e-15,7.7146e-15,0,0,1,0,0,linear,0,56.5784,PASS
pusch_impact_20260726T140352Z,F27-E004,R2_inter_slot,0,inter_slot,0,7.7146e-15,7.7146e-15,0,0,1,0,0,linear,0,59.6564,PASS
pusch_impact_20260726T140352Z,F27-E005,R4_none,0,none,0,7.7146e-15,7.7146e-15,0,0,1,0,0,linear,0,58.0814,PASS
pusch_impact_20260726T140352Z,F27-E006,R4_inter_slot,0,inter_slot,0,7.7146e-15,7.7146e-15,0,0,1,0,0,linear,0,65.3876,PASS
pusch_impact_20260726T140352Z,F28-E001,S-10_R1,0,none,0,7.7146e-15,7.7146e-15,0,0,1,0,0,linear,0,72.713,PASS
pusch_impact_20260726T140352Z,F28-E002,S-10_R4,0,none,0,7.7146e-15,7.7146e-15,0,0,1,0,0,linear,0,62.2122,PASS
pusch_impact_20260726T140352Z,F28-E003,S-5_R1,0,none,0,7.7146e-15,7.7146e-15,0,0,1,0,0,linear,0,58.673,PASS
pusch_impact_20260726T140352Z,F28-E004,S-5_R4,0,none,0,7.7146e-15,7.7146e-15,0,0,1,0,0,linear,0,64.9242,PASS
pusch_impact_20260726T140352Z,F28-E005,S0_R1,0,none,0,7.7146e-15,7.7146e-15,0,0,1,0,0,linear,0,66.5572,PASS
pusch_impact_20260726T140352Z,F28-E006,S0_R4,0,none,0,7.7146e-15,7.7146e-15,0,0,1,0,0,linear,0,61.1976,PASS
pusch_impact_20260726T140352Z,F28-E007,S5_R1,0,none,0,7.7146e-15,7.7146e-15,0,0,1,0,0,linear,0,65.3054,PASS
pusch_impact_20260726T140352Z,F28-E008,S5_R4,0,none,0,7.7146e-15,7.7146e-15,0,0,1,0,0,linear,0,63.5144,PASS
pusch_impact_20260726T140352Z,F28-E009,S10_R1,0,none,0,7.7146e-15,7.7146e-15,0,0,1,0,0,linear,0,58.9541,PASS
pusch_impact_20260726T140352Z,F28-E010,S10_R4,0,none,0,7.7146e-15,7.7146e-15,0,0,1,0,0,linear,0,76.1238,PASS
pusch_impact_20260726T140352Z,F28-E011,S20_R1,0,none,0,7.7146e-15,7.7146e-15,0,0,1,0,0,linear,0,71.9896,PASS
pusch_impact_20260726T140352Z,F28-E012,S20_R4,0,none,0,7.7146e-15,7.7146e-15,0,0,1,0,0,linear,0,59.5498,PASS
pusch_impact_20260726T140352Z,F28-E013,S30_R1,0,none,0,7.7146e-15,7.7146e-15,0,0,1,0,0,linear,0,54.1337,PASS
pusch_impact_20260726T140352Z,F28-E014,S30_R4,0,none,0,7.7146e-15,7.7146e-15,0,0,1,0,0,linear,0,68.0972,PASS
pusch_impact_20260726T140352Z,F29-E001,D30_A0,0,none,0,7.7146e-15,7.7146e-15,0,0,1,0,0,linear,0,76.2582,PASS
pusch_impact_20260726T140352Z,F29-E002,D30_A1,0,none,0,7.7146e-15,7.7146e-15,0,0,1,0,0,linear,0,61.874,PASS
pusch_impact_20260726T140352Z,F29-E003,D30_A2,0,none,0,7.7146e-15,7.7146e-15,0,0,1,0,0,linear,0,62.8983,PASS
pusch_impact_20260726T140352Z,F29-E004,D30_A4,0,none,0,7.7146e-15,7.7146e-15,0,0,1,0,0,linear,0,63.6297,PASS
pusch_impact_20260726T140352Z,F29-E005,D30_A8,0,none,0,7.7146e-15,7.7146e-15,0,0,1,0,0,linear,0,60.2481,PASS
pusch_impact_20260726T140352Z,F29-E006,D30_A16,0,none,0,7.7146e-15,7.7146e-15,0,0,1,0,0,linear,0,66.3559,PASS
pusch_impact_20260726T140352Z,F29-E007,D300_A0,0,none,0,7.7146e-15,7.7146e-15,0,0,1,0,0,linear,0,61.5673,PASS
pusch_impact_20260726T140352Z,F29-E008,D300_A1,0,none,0,7.7146e-15,7.7146e-15,0,0,1,0,0,linear,0,58.13,PASS
pusch_impact_20260726T140352Z,F29-E009,D300_A2,0,none,0,7.7146e-15,7.7146e-15,0,0,1,0,0,linear,0,70.7586,PASS
pusch_impact_20260726T140352Z,F29-E010,D300_A4,0,none,0,7.7146e-15,7.7146e-15,0,0,1,0,0,linear,0,64.8485,PASS
pusch_impact_20260726T140352Z,F29-E011,D300_A8,0,none,0,7.7146e-15,7.7146e-15,0,0,1,0,0,linear,0,64.2751,PASS
pusch_impact_20260726T140352Z,F29-E012,D300_A16,0,none,0,7.7146e-15,7.7146e-15,0,0,1,0,0,linear,0,59.2722,PASS
pusch_impact_20260726T140352Z,F29-E013,D800_A0,0,none,0,7.7146e-15,7.7146e-15,0,0,1,0,0,linear,0,58.4892,PASS
pusch_impact_20260726T140352Z,F29-E014,D800_A1,0,none,0,7.7146e-15,7.7146e-15,0,0,1,0,0,linear,0,65.0166,PASS
pusch_impact_20260726T140352Z,F29-E015,D800_A2,0,none,0,7.7146e-15,7.7146e-15,0,0,1,0,0,linear,0,60.3249,PASS
pusch_impact_20260726T140352Z,F29-E016,D800_A4,0,none,0,7.7146e-15,7.7146e-15,0,0,1,0,0,linear,0,62.5578,PASS
pusch_impact_20260726T140352Z,F29-E017,D800_A8,0,none,0,7.7146e-15,7.7146e-15,0,0,1,0,0,linear,0,64.6051,PASS
pusch_impact_20260726T140352Z,F29-E018,D800_A16,0,none,0,7.7146e-15,7.7146e-15,0,0,1,0,0,linear,0,62.54,PASS
pusch_impact_20260726T140352Z,F30-E001,C25_R1,0,none,0,7.7146e-15,7.7146e-15,0,0,1,0,0,linear,0,62.7794,PASS
pusch_impact_20260726T140352Z,F30-E002,C25_R4,0,none,0,7.7146e-15,7.7146e-15,0,0,1,0,0,linear,0,60.9425,PASS
pusch_impact_20260726T140352Z,F30-E003,C50_R1,0,none,0,7.7146e-15,7.7146e-15,0,0,1,0,0,linear,0,68.7982,PASS
pusch_impact_20260726T140352Z,F30-E004,C50_R4,0,none,0,7.7146e-15,7.7146e-15,0,0,1,0,0,linear,0,54.7198,PASS
pusch_impact_20260726T140352Z,F30-E005,C75_R1,0,none,0,7.7146e-15,7.7146e-15,0,0,1,0,0,linear,0,76.5232,PASS
pusch_impact_20260726T140352Z,F30-E006,C75_R4,0,none,0,7.7146e-15,7.7146e-15,0,0,1,0,0,linear,0,62.7799,PASS
pusch_impact_20260726T140352Z,F30-E007,C100_R1,0,none,0,7.7146e-15,7.7146e-15,0,0,1,0,0,linear,0,74.2953,PASS
pusch_impact_20260726T140352Z,F30-E008,C100_R4,0,none,0,7.7146e-15,7.7146e-15,0,0,1,0,0,linear,0,59.6519,PASS
pusch_impact_20260726T140352Z,F31-E001,perfect_R1,0,none,0,7.7146e-15,7.7146e-15,0,0,1,0,0,linear,0,63.2147,PASS
pusch_impact_20260726T140352Z,F31-E002,perfect_R4,0,none,0,7.7146e-15,7.7146e-15,0,0,1,0,0,linear,0,65.7489,PASS
pusch_impact_20260726T140352Z,F31-E003,perfect_R8,0,none,0,7.7146e-15,7.7146e-15,0,0,1,0,0,linear,0,65.1451,PASS
pusch_impact_20260726T140352Z,F31-E004,measured_fresh_R1,0,none,0,7.7146e-15,7.7146e-15,0,0,1,0,0,linear,0,67.6103,PASS
pusch_impact_20260726T140352Z,F31-E005,measured_fresh_R4,0,none,0,7.7146e-15,7.7146e-15,0,0,1,0,0,linear,0,59.1726,PASS
pusch_impact_20260726T140352Z,F31-E006,measured_fresh_R8,0,none,0,7.7146e-15,7.7146e-15,0,0,1,0,0,linear,0,60.1345,PASS
pusch_impact_20260726T140352Z,F31-E007,measured_stale_R1,0,none,0,7.7146e-15,7.7146e-15,0,0,1,0,0,linear,0,64.3046,PASS
pusch_impact_20260726T140352Z,F31-E008,measured_stale_R4,0,none,0,7.7146e-15,7.7146e-15,0,0,1,0,0,linear,0,60.0515,PASS
pusch_impact_20260726T140352Z,F31-E009,measured_stale_R8,0,none,0,7.7146e-15,7.7146e-15,0,0,1,0,0,linear,0,74.8364,PASS
pusch_impact_20260726T140352Z,F31-E010,fixed_configured_ablation_R1,0,none,0,7.7146e-15,7.7146e-15,0,0,1,0,0,linear,0,63.855,PASS
pusch_impact_20260726T140352Z,F31-E011,fixed_configured_ablation_R4,0,none,0,7.7146e-15,7.7146e-15,0,0,1,0,0,linear,0,68.5515,PASS
pusch_impact_20260726T140352Z,F31-E012,fixed_configured_ablation_R8,0,none,0,7.7146e-15,7.7146e-15,0,0,1,0,0,linear,0,58.2385,PASS
pusch_impact_20260726T140352Z,F32-E001,P0_G0,0,none,0,7.7146e-15,7.7146e-15,0,0,1,0,0,linear,0,66.9766,PASS
pusch_impact_20260726T140352Z,F32-E002,P0_G1,0,none,0,7.7146e-15,7.7146e-15,0,0,1,0,0,linear,0,65.0337,PASS
pusch_impact_20260726T140352Z,F32-E003,P0_G3,0,none,0,7.7146e-15,7.7146e-15,0,0,1,0,0,linear,0,65.5512,PASS
pusch_impact_20260726T140352Z,F32-E004,P5_G0,0,none,0,7.7146e-15,7.7146e-15,0,0,1,0,0,linear,0,71.9692,PASS
pusch_impact_20260726T140352Z,F32-E005,P5_G1,0,none,0,7.7146e-15,7.7146e-15,0,0,1,0,0,linear,0,69.3889,PASS
pusch_impact_20260726T140352Z,F32-E006,P5_G3,0,none,0,7.7146e-15,7.7146e-15,0,0,1,0,0,linear,0,61.6905,PASS
pusch_impact_20260726T140352Z,F32-E007,P10_G0,0,none,0,7.7146e-15,7.7146e-15,0,0,1,0,0,linear,0,60.7919,PASS
pusch_impact_20260726T140352Z,F32-E008,P10_G1,0,none,0,7.7146e-15,7.7146e-15,0,0,1,0,0,linear,0,60.4536,PASS
pusch_impact_20260726T140352Z,F32-E009,P10_G3,0,none,0,7.7146e-15,7.7146e-15,0,0,1,0,0,linear,0,63.4048,PASS
pusch_impact_20260726T140352Z,F32-E010,P20_G0,0,none,0,7.7146e-15,7.7146e-15,0,0,1,0,0,linear,0,75.3264,PASS
pusch_impact_20260726T140352Z,F32-E011,P20_G1,0,none,0,7.7146e-15,7.7146e-15,0,0,1,0,0,linear,0,62.0219,PASS
pusch_impact_20260726T140352Z,F32-E012,P20_G3,0,none,0,7.7146e-15,7.7146e-15,0,0,1,0,0,linear,0,67.989,PASS
pusch_impact_20260726T140352Z,F32-E013,P40_G0,0,none,0,7.7146e-15,7.7146e-15,0,0,1,0,0,linear,0,63.4205,PASS
pusch_impact_20260726T140352Z,F32-E014,P40_G1,0,none,0,7.7146e-15,7.7146e-15,0,0,1,0,0,linear,0,60.4303,PASS
pusch_impact_20260726T140352Z,F32-E015,P40_G3,0,none,0,7.7146e-15,7.7146e-15,0,0,1,0,0,linear,0,64.9701,PASS
pusch_impact_20260726T140352Z,F34-E001,OPEN_LOOP,0,none,0,7.7146e-15,7.7146e-15,0,0,1,0,0,linear,0,73.9409,PASS
pusch_impact_20260726T140352Z,F33-E001,M0_R1,0,none,0,-7.7146e-15,-7.7146e-15,0,0,1,0,0,linear,0,62.7447,PASS
pusch_impact_20260726T140352Z,F33-E002,M0_R12,0,none,0,1.1572e-14,1.1572e-14,0,0,1,0,0,linear,0,65.0118,PASS
pusch_impact_20260726T140352Z,F33-E003,M0_R52,0,none,0,8.6789e-15,8.6789e-15,0,0,1,0,0,linear,0,67.3082,PASS
pusch_impact_20260726T140352Z,F33-E004,M0_R106,0,none,0,1.0608e-14,1.0608e-14,0,0,1,0,0,linear,0,61.0154,PASS
pusch_impact_20260726T140352Z,F33-E005,M1_R1,0,none,0,-7.7146e-15,-7.7146e-15,0,0,1,0,0,linear,0,62.511,PASS
pusch_impact_20260726T140352Z,F33-E006,M1_R12,0,none,0,1.3501e-14,1.3501e-14,0,0,1,0,0,linear,0,69.6164,PASS
pusch_impact_20260726T140352Z,F33-E007,M1_R52,0,none,0,7.7146e-15,7.7146e-15,0,0,1,0,0,linear,0,74.3449,PASS
pusch_impact_20260726T140352Z,F33-E008,M1_R106,0,none,0,1.2536e-14,1.2536e-14,0,0,1,0,0,linear,0,76.5422,PASS
pusch_impact_20260726T140352Z,F33-E009,M2_R1,0,none,0,-1.3983e-14,-1.3983e-14,0,0,1,0,0,linear,0,60.9776,PASS
pusch_impact_20260726T140352Z,F33-E010,M2_R12,0,none,0,1.1572e-14,1.1572e-14,0,0,1,0,0,linear,0,71.7585,PASS
pusch_impact_20260726T140352Z,F33-E011,M2_R52,0,none,0,8.6789e-15,8.6789e-15,0,0,1,0,0,linear,0,75.8496,PASS
pusch_impact_20260726T140352Z,F33-E012,M2_R106,0,none,0,1.0608e-14,1.0608e-14,0,0,1,0,0,linear,0,66.5069,PASS
pusch_impact_20260726T140352Z,F34-E002,accumulated_13,0,none,0,7.7146e-15,7.7146e-15,0,0,1,0,0,linear,0,64.8206,PASS
pusch_impact_20260726T140352Z,F34-E003,accumulated_13,0,none,0,7.7146e-15,7.7146e-15,0,0,1,0,0,linear,0,64.8206,PASS
pusch_impact_20260726T140352Z,F34-E004,accumulated_13,0,none,0,7.7146e-15,7.7146e-15,0,0,1,0,0,linear,0,64.8206,PASS
pusch_impact_20260726T140352Z,F34-E005,absolute_13,0,none,0,7.7146e-15,7.7146e-15,0,0,1,0,0,linear,0,69.6415,PASS
pusch_impact_20260726T140352Z,F34-E006,absolute_13,0,none,0,7.7146e-15,7.7146e-15,0,0,1,0,0,linear,0,69.6415,PASS
pusch_impact_20260726T140352Z,F34-E007,absolute_13,0,none,0,7.7146e-15,7.7146e-15,0,0,1,0,0,linear,0,69.6415,PASS
pusch_impact_20260726T140352Z,F35-E001,PL80_R12,0,none,0,1.3501e-14,1.3501e-14,0,0,1,0,0,linear,0,58.7107,PASS
pusch_impact_20260726T140352Z,F35-E002,PL80_R106,0,none,0,1.2536e-14,1.2536e-14,0,0,1,0,0,linear,0,58.9985,PASS
pusch_impact_20260726T140352Z,F35-E003,PL100_R12,0,none,0,-1.0608e-14,-1.0608e-14,0,0,1,0,0,linear,0,141.8109,PASS
pusch_impact_20260726T140352Z,F35-E004,PL100_R106,0,none,0,-8.1968e-15,-8.1968e-15,0,0,1,0,0,linear,1,67.8664,PASS
pusch_impact_20260726T140352Z,F35-E005,PL120_R12,0,none,0,-8.1968e-15,-8.1968e-15,0,0,1,0,0,linear,1,92.3743,PASS
pusch_impact_20260726T140352Z,F35-E006,PL120_R106,0,none,0,-8.1968e-15,-8.1968e-15,0,0,1,0,0,linear,1,255.242,PASS
pusch_impact_20260726T140352Z,F35-E007,PL135_R12,0,none,0,-8.1968e-15,-8.1968e-15,0,0,1,0,0,linear,1,71.6015,PASS
pusch_impact_20260726T140352Z,F35-E008,PL135_R106,0,none,0,-8.1968e-15,-8.1968e-15,0,0,1,0,0,linear,1,74.7473,PASS
pusch_impact_20260726T140352Z,F35-E009,PL145_R12,0,none,0,-8.1968e-15,-8.1968e-15,0,0,1,0,0,linear,1,66.7303,PASS
pusch_impact_20260726T140352Z,F35-E010,PL145_R106,0,none,0,-8.1968e-15,-8.1968e-15,0,0,1,0,0,linear,1,140.5115,PASS
pusch_impact_20260726T140352Z,F35-E011,PL155_R12,0,none,0,-8.1968e-15,-8.1968e-15,0,0,1,0,0,linear,1,59.1102,PASS
pusch_impact_20260726T140352Z,F35-E012,PL155_R106,0,none,0,-8.1968e-15,-8.1968e-15,0,0,1,0,0,linear,1,67.6117,PASS
pusch_impact_20260726T140352Z,F36-E001,E0_A0,0,none,0,-8.1968e-15,-8.1968e-15,0,0,1,0,0,linear,1,170.1072,PASS
pusch_impact_20260726T140352Z,F36-E002,E0_A4,0,none,0,-8.1968e-15,-8.1968e-15,0,0,1,0,0,linear,1,66.1565,PASS
pusch_impact_20260726T140352Z,F36-E003,E0_A16,0,none,0,-8.1968e-15,-8.1968e-15,0,0,1,0,0,linear,1,127.2241,PASS
pusch_impact_20260726T140352Z,F36-E004,E1_A0,0,none,0,-8.1968e-15,-8.1968e-15,0,0,1,0,0,linear,1,72.2712,PASS
pusch_impact_20260726T140352Z,F36-E005,E1_A4,0,none,0,-8.1968e-15,-8.1968e-15,0,0,1,0,0,linear,1,231.6055,PASS
pusch_impact_20260726T140352Z,F36-E006,E1_A16,0,none,0,-8.1968e-15,-8.1968e-15,0,0,1,0,0,linear,1,245.1158,PASS
pusch_impact_20260726T140352Z,F36-E007,E3_A0,0,none,0,-8.1968e-15,-8.1968e-15,0,0,1,0,0,linear,1,110.4698,PASS
pusch_impact_20260726T140352Z,F36-E008,E3_A4,0,none,0,-8.1968e-15,-8.1968e-15,0,0,1,0,0,linear,1,71.4338,PASS
pusch_impact_20260726T140352Z,F36-E009,E3_A16,0,none,0,-8.1968e-15,-8.1968e-15,0,0,1,0,0,linear,1,233.542,PASS
pusch_impact_20260726T140352Z,F36-E010,E6_A0,0,none,0,-8.1968e-15,-8.1968e-15,0,0,1,0,0,linear,1,240.0583,PASS
pusch_impact_20260726T140352Z,F36-E011,E6_A4,0,none,0,-8.1968e-15,-8.1968e-15,0,0,1,0,0,linear,1,61.3923,PASS
pusch_impact_20260726T140352Z,F36-E012,E6_A16,0,none,0,-8.1968e-15,-8.1968e-15,0,0,1,0,0,linear,1,65.2719,PASS
pusch_impact_20260726T140352Z,F36-E013,E10_A0,0,none,0,-8.1968e-15,-8.1968e-15,0,0,1,0,0,linear,1,334.0571,PASS
pusch_impact_20260726T140352Z,F36-E014,E10_A4,0,none,0,-8.1968e-15,-8.1968e-15,0,0,1,0,0,linear,1,356.5872,PASS
pusch_impact_20260726T140352Z,F36-E015,E10_A16,0,none,0,-8.1968e-15,-8.1968e-15,0,0,1,0,0,linear,1,58.6931,PASS
pusch_impact_20260726T140352Z,F37-E001,I0_A0.6,0,none,0,0,0,0,0,1,0,0,linear,0,63.7253,PASS
pusch_impact_20260726T140352Z,F37-E002,I0_A0.8,0,none,0,-1.9287e-14,-1.9287e-14,0,0,1,0,0,linear,0,63.995,PASS
pusch_impact_20260726T140352Z,F37-E003,I0_A1.0,0,none,0,7.7146e-15,7.7146e-15,0,0,1,0,0,linear,0,58.9339,PASS
pusch_impact_20260726T140352Z,F37-E004,I10_A0.6,0,none,0,0,0,0,0,1,0,0,linear,0,63.6599,PASS
pusch_impact_20260726T140352Z,F37-E005,I10_A0.8,0,none,0,-1.9287e-14,-1.9287e-14,0,0,1,0,0,linear,0,62.6116,PASS
pusch_impact_20260726T140352Z,F37-E006,I10_A1.0,0,none,0,7.7146e-15,7.7146e-15,0,0,1,0,0,linear,0,74.4767,PASS
pusch_impact_20260726T140352Z,F37-E007,I20_A0.6,0,none,0,0,0,0,0,1,0,0,linear,0,64.9281,PASS
pusch_impact_20260726T140352Z,F37-E008,I20_A0.8,0,none,0,-1.9287e-14,-1.9287e-14,0,0,1,0,0,linear,0,64.228,PASS
pusch_impact_20260726T140352Z,F37-E009,I20_A1.0,0,none,0,7.7146e-15,7.7146e-15,0,0,1,0,0,linear,0,56.1645,PASS
pusch_impact_20260726T140352Z,F37-E010,I30_A0.6,0,none,0,0,0,0,0,1,0,0,linear,0,64.2574,PASS
pusch_impact_20260726T140352Z,F37-E011,I30_A0.8,0,none,0,-1.9287e-14,-1.9287e-14,0,0,1,0,0,linear,0,63.0026,PASS
pusch_impact_20260726T140352Z,F37-E012,I30_A1.0,0,none,0,7.7146e-15,7.7146e-15,0,0,1,0,0,linear,0,64.1912,PASS
pusch_impact_20260726T140352Z,F37-E013,I40_A0.6,0,none,0,0,0,0,0,1,0,0,linear,0,63.7532,PASS
pusch_impact_20260726T140352Z,F37-E014,I40_A0.8,0,none,0,-1.9287e-14,-1.9287e-14,0,0,1,0,0,linear,0,64.2237,PASS
pusch_impact_20260726T140352Z,F37-E015,I40_A1.0,0,none,0,7.7146e-15,7.7146e-15,0,0,1,0,0,linear,0,70.5784,PASS
pusch_impact_20260726T140352Z,F38-E001,ZF_R1_none,0,none,0,7.7146e-15,7.7146e-15,0,0,1,0,0,linear,0,66.1477,PASS
pusch_impact_20260726T140352Z,F38-E002,ZF_R1_one_cochannel,0,none,0,7.7146e-15,7.7146e-15,0,0,1,0,0,linear,0,66.5935,PASS
pusch_impact_20260726T140352Z,F38-E003,ZF_R4_none,0,none,0,7.7146e-15,7.7146e-15,0,0,1,0,0,linear,0,67.0377,PASS
pusch_impact_20260726T140352Z,F38-E004,ZF_R4_one_cochannel,0,none,0,7.7146e-15,7.7146e-15,0,0,1,0,0,linear,0,59.9235,PASS
pusch_impact_20260726T140352Z,F38-E005,ZF_R8_none,0,none,0,7.7146e-15,7.7146e-15,0,0,1,0,0,linear,0,64.9426,PASS
pusch_impact_20260726T140352Z,F38-E006,ZF_R8_one_cochannel,0,none,0,7.7146e-15,7.7146e-15,0,0,1,0,0,linear,0,71.0523,PASS
pusch_impact_20260726T140352Z,F38-E007,MMSE_R1_none,0,none,0,7.7146e-15,7.7146e-15,0,0,1,0,0,linear,0,66.5578,PASS
pusch_impact_20260726T140352Z,F38-E008,MMSE_R1_one_cochannel,0,none,0,7.7146e-15,7.7146e-15,0,0,1,0,0,linear,0,66.708,PASS
pusch_impact_20260726T140352Z,F38-E009,MMSE_R4_none,0,none,0,7.7146e-15,7.7146e-15,0,0,1,0,0,linear,0,60.117,PASS
pusch_impact_20260726T140352Z,F38-E010,MMSE_R4_one_cochannel,0,none,0,7.7146e-15,7.7146e-15,0,0,1,0,0,linear,0,58.3582,PASS
pusch_impact_20260726T140352Z,F38-E011,MMSE_R8_none,0,none,0,7.7146e-15,7.7146e-15,0,0,1,0,0,linear,0,56.2484,PASS
pusch_impact_20260726T140352Z,F38-E012,MMSE_R8_one_cochannel,0,none,0,7.7146e-15,7.7146e-15,0,0,1,0,0,linear,0,64.0013,PASS
pusch_impact_20260726T140352Z,F38-E013,IRC_R1_none,0,none,0,7.7146e-15,7.7146e-15,0,0,1,0,0,linear,0,66.5471,PASS
pusch_impact_20260726T140352Z,F38-E014,IRC_R1_one_cochannel,0,none,0,7.7146e-15,7.7146e-15,0,0,1,0,0,linear,0,63.2366,PASS
pusch_impact_20260726T140352Z,F38-E015,IRC_R4_none,0,none,0,7.7146e-15,7.7146e-15,0,0,1,0,0,linear,0,63.2798,PASS
pusch_impact_20260726T140352Z,F38-E016,IRC_R4_one_cochannel,0,none,0,7.7146e-15,7.7146e-15,0,0,1,0,0,linear,0,63.8802,PASS
pusch_impact_20260726T140352Z,F38-E017,IRC_R8_none,0,none,0,7.7146e-15,7.7146e-15,0,0,1,0,0,linear,0,65.4383,PASS
pusch_impact_20260726T140352Z,F38-E018,IRC_R8_one_cochannel,0,none,0,7.7146e-15,7.7146e-15,0,0,1,0,0,linear,0,69.7043,PASS
pusch_impact_20260726T140352Z,F39-E001,A0_N16,0,none,0,7.7146e-15,7.7146e-15,0,0,1,0,0,linear,0,55.7779,PASS
pusch_impact_20260726T140352Z,F39-E002,A0_N64,0,none,0,7.7146e-15,7.7146e-15,0,0,1,0,0,linear,0,66.0838,PASS
pusch_impact_20260726T140352Z,F39-E003,A0_N256,0,none,0,7.7146e-15,7.7146e-15,0,0,1,0,0,linear,0,59.2239,PASS
pusch_impact_20260726T140352Z,F39-E004,A1_N16,0,none,0,7.7146e-15,7.7146e-15,0,0,1,0,0,linear,0,72.3394,PASS
pusch_impact_20260726T140352Z,F39-E005,A1_N64,0,none,0,7.7146e-15,7.7146e-15,0,0,1,0,0,linear,0,59.7714,PASS
pusch_impact_20260726T140352Z,F39-E006,A1_N256,0,none,0,7.7146e-15,7.7146e-15,0,0,1,0,0,linear,0,65.2532,PASS
pusch_impact_20260726T140352Z,F39-E007,A4_N16,0,none,0,7.7146e-15,7.7146e-15,0,0,1,0,0,linear,0,63.5496,PASS
pusch_impact_20260726T140352Z,F39-E008,A4_N64,0,none,0,7.7146e-15,7.7146e-15,0,0,1,0,0,linear,0,73.4146,PASS
pusch_impact_20260726T140352Z,F39-E009,A4_N256,0,none,0,7.7146e-15,7.7146e-15,0,0,1,0,0,linear,0,66.1449,PASS
pusch_impact_20260726T140352Z,F39-E010,A16_N16,0,none,0,7.7146e-15,7.7146e-15,0,0,1,0,0,linear,0,58.7152,PASS
pusch_impact_20260726T140352Z,F39-E011,A16_N64,0,none,0,7.7146e-15,7.7146e-15,0,0,1,0,0,linear,0,61.7922,PASS
pusch_impact_20260726T140352Z,F39-E012,A16_N256,0,none,0,7.7146e-15,7.7146e-15,0,0,1,0,0,linear,0,62.9333,PASS
pusch_impact_20260726T140352Z,F40-E001,0_S-2,0,none,0,7.7146e-15,7.7146e-15,0,0,1,0,0,linear,0,105.9599,PASS
pusch_impact_20260726T140352Z,F40-E002,0_S2,0,none,0,7.7146e-15,7.7146e-15,0,0,1,0,0,linear,0,75.7961,PASS
pusch_impact_20260726T140352Z,F40-E003,0_S6,0,none,0,7.7146e-15,7.7146e-15,0,0,1,0,0,linear,0,54.6231,PASS
pusch_impact_20260726T140352Z,F40-E004,0_S10,0,none,0,7.7146e-15,7.7146e-15,0,0,1,0,0,linear,0,31.5604,PASS
pusch_impact_20260726T140352Z,F40-E005,02_S-2,0,none,0,7.7146e-15,7.7146e-15,0,0,1,0,0,linear,0,113.9772,PASS
pusch_impact_20260726T140352Z,F40-E006,02_S2,0,none,0,7.7146e-15,7.7146e-15,0,0,1,0,0,linear,0,87.3993,PASS
pusch_impact_20260726T140352Z,F40-E007,02_S6,0,none,0,7.7146e-15,7.7146e-15,0,0,1,0,0,linear,0,51.1726,PASS
pusch_impact_20260726T140352Z,F40-E008,02_S10,0,none,0,7.7146e-15,7.7146e-15,0,0,1,0,0,linear,0,32.3387,PASS
pusch_impact_20260726T140352Z,F40-E009,023_S-2,0,none,0,7.7146e-15,7.7146e-15,0,0,1,0,0,linear,0,119.7596,PASS
pusch_impact_20260726T140352Z,F40-E010,023_S2,0,none,0,7.7146e-15,7.7146e-15,0,0,1,0,0,linear,0,76.5515,PASS
pusch_impact_20260726T140352Z,F40-E011,023_S6,0,none,0,7.7146e-15,7.7146e-15,0,0,1,0,0,linear,0,50.7549,PASS
pusch_impact_20260726T140352Z,F40-E012,023_S10,0,none,0,7.7146e-15,7.7146e-15,0,0,0,3072000,0,linear,0,32.8029,PASS
pusch_impact_20260726T140352Z,F40-E013,0231_S-2,0,none,0,7.7146e-15,7.7146e-15,0,0,1,0,0,linear,0,163.2468,PASS
pusch_impact_20260726T140352Z,F40-E014,0231_S2,0,none,0,7.7146e-15,7.7146e-15,0,0,1,0,0,linear,0,75.8399,PASS
pusch_impact_20260726T140352Z,F40-E015,0231_S6,0,none,0,7.7146e-15,7.7146e-15,0,0,1,0,0,linear,0,48.4671,PASS
pusch_impact_20260726T140352Z,F40-E016,0231_S10,0,none,0,7.7146e-15,7.7146e-15,0,0,1,0,0,linear,0,32.4159,PASS
pusch_impact_20260726T140352Z,F41-E001,R1_D4,0,none,0,7.7146e-15,7.7146e-15,0,0,1,0,0,linear,0,65.4635,PASS
pusch_impact_20260726T140352Z,F41-E002,R1_D8,0,none,0,7.7146e-15,7.7146e-15,0,0,1,0,0,linear,0,59.5322,PASS
pusch_impact_20260726T140352Z,F41-E003,R1_D16,0,none,0,7.7146e-15,7.7146e-15,0,0,1,0,0,linear,0,65.2911,PASS
pusch_impact_20260726T140352Z,F41-E004,R2_D4,0,none,0,7.7146e-15,7.7146e-15,0,0,1,0,0,linear,0,66.4651,PASS
pusch_impact_20260726T140352Z,F41-E005,R2_D8,0,none,0,7.7146e-15,7.7146e-15,0,0,1,0,0,linear,0,61.0085,PASS
pusch_impact_20260726T140352Z,F41-E006,R2_D16,0,none,0,7.7146e-15,7.7146e-15,0,0,1,0,0,linear,0,63.8907,PASS
pusch_impact_20260726T140352Z,F41-E007,R3_D4,0,none,0,7.7146e-15,7.7146e-15,0,0,1,0,0,linear,0,63.2295,PASS
pusch_impact_20260726T140352Z,F41-E008,R3_D8,0,none,0,7.7146e-15,7.7146e-15,0,0,1,0,0,linear,0,73.6509,PASS
pusch_impact_20260726T140352Z,F41-E009,R3_D16,0,none,0,7.7146e-15,7.7146e-15,0,0,1,0,0,linear,0,63.8588,PASS
pusch_impact_20260726T140352Z,F41-E010,R4_D4,0,none,0,7.7146e-15,7.7146e-15,0,0,1,0,0,linear,0,76.415,PASS
pusch_impact_20260726T140352Z,F41-E011,R4_D8,0,none,0,7.7146e-15,7.7146e-15,0,0,1,0,0,linear,0,61.1133,PASS
pusch_impact_20260726T140352Z,F41-E012,R4_D16,0,none,0,7.7146e-15,7.7146e-15,0,0,1,0,0,linear,0,60.4414,PASS
pusch_impact_20260726T140352Z,F42-E001,I0_C0.0_MMSE_ORTH,0,none,0,7.7146e-15,7.7146e-15,0,0,1,0,0,linear,0,69.247,PASS
pusch_impact_20260726T140352Z,F42-E002,I0_C0.0_MMSE_SHARED,0,none,0,7.7146e-15,7.7146e-15,0,0,1,0,0,linear,0,63.2817,PASS
pusch_impact_20260726T140352Z,F42-E003,I0_C0.0_IRC_ORTH,0,none,0,7.7146e-15,7.7146e-15,0,0,1,0,0,linear,0,73.1535,PASS
pusch_impact_20260726T140352Z,F42-E004,I0_C0.0_IRC_SHARED,0,none,0,7.7146e-15,7.7146e-15,0,0,1,0,0,linear,0,65.9966,PASS
pusch_impact_20260726T140352Z,F42-E005,I0_C0.5_MMSE_ORTH,0,none,0,7.7146e-15,7.7146e-15,0,0,1,0,0,linear,0,60.0835,PASS
pusch_impact_20260726T140352Z,F42-E006,I0_C0.5_MMSE_SHARED,0,none,0,7.7146e-15,7.7146e-15,0,0,1,0,0,linear,0,63.8734,PASS
pusch_impact_20260726T140352Z,F42-E007,I0_C0.5_IRC_ORTH,0,none,0,7.7146e-15,7.7146e-15,0,0,1,0,0,linear,0,71.8073,PASS
pusch_impact_20260726T140352Z,F42-E008,I0_C0.5_IRC_SHARED,0,none,0,7.7146e-15,7.7146e-15,0,0,1,0,0,linear,0,63.5757,PASS
pusch_impact_20260726T140352Z,F42-E009,I0_C0.9_MMSE_ORTH,0,none,0,7.7146e-15,7.7146e-15,0,0,1,0,0,linear,0,76.7059,PASS
pusch_impact_20260726T140352Z,F42-E010,I0_C0.9_MMSE_SHARED,0,none,0,7.7146e-15,7.7146e-15,0,0,1,0,0,linear,0,64.5907,PASS
pusch_impact_20260726T140352Z,F42-E011,I0_C0.9_IRC_ORTH,0,none,0,7.7146e-15,7.7146e-15,0,0,1,0,0,linear,0,58.9657,PASS
pusch_impact_20260726T140352Z,F42-E012,I0_C0.9_IRC_SHARED,0,none,0,7.7146e-15,7.7146e-15,0,0,1,0,0,linear,0,72.6728,PASS
pusch_impact_20260726T140352Z,F42-E013,I6_C0.0_MMSE_ORTH,0,none,0,7.7146e-15,7.7146e-15,0,0,1,0,0,linear,0,64.9405,PASS
pusch_impact_20260726T140352Z,F42-E014,I6_C0.0_MMSE_SHARED,0,none,0,7.7146e-15,7.7146e-15,0,0,1,0,0,linear,0,67.8939,PASS
pusch_impact_20260726T140352Z,F42-E015,I6_C0.0_IRC_ORTH,0,none,0,7.7146e-15,7.7146e-15,0,0,1,0,0,linear,0,56.3079,PASS
pusch_impact_20260726T140352Z,F42-E016,I6_C0.0_IRC_SHARED,0,none,0,7.7146e-15,7.7146e-15,0,0,1,0,0,linear,0,56.8024,PASS
pusch_impact_20260726T140352Z,F42-E017,I6_C0.5_MMSE_ORTH,0,none,0,7.7146e-15,7.7146e-15,0,0,1,0,0,linear,0,61.5887,PASS
pusch_impact_20260726T140352Z,F42-E018,I6_C0.5_MMSE_SHARED,0,none,0,7.7146e-15,7.7146e-15,0,0,1,0,0,linear,0,58.5812,PASS
pusch_impact_20260726T140352Z,F42-E019,I6_C0.5_IRC_ORTH,0,none,0,7.7146e-15,7.7146e-15,0,0,1,0,0,linear,0,64.3226,PASS
pusch_impact_20260726T140352Z,F42-E020,I6_C0.5_IRC_SHARED,0,none,0,7.7146e-15,7.7146e-15,0,0,1,0,0,linear,0,64.0863,PASS
pusch_impact_20260726T140352Z,F42-E021,I6_C0.9_MMSE_ORTH,0,none,0,7.7146e-15,7.7146e-15,0,0,1,0,0,linear,0,71.0553,PASS
pusch_impact_20260726T140352Z,F42-E022,I6_C0.9_MMSE_SHARED,0,none,0,7.7146e-15,7.7146e-15,0,0,1,0,0,linear,0,59.2273,PASS
pusch_impact_20260726T140352Z,F42-E023,I6_C0.9_IRC_ORTH,0,none,0,7.7146e-15,7.7146e-15,0,0,1,0,0,linear,0,59.8344,PASS
pusch_impact_20260726T140352Z,F42-E024,I6_C0.9_IRC_SHARED,0,none,0,7.7146e-15,7.7146e-15,0,0,1,0,0,linear,0,69.3972,PASS
pusch_impact_20260726T140352Z,F42-E025,I12_C0.0_MMSE_ORTH,0,none,0,7.7146e-15,7.7146e-15,0,0,1,0,0,linear,0,68.7912,PASS
pusch_impact_20260726T140352Z,F42-E026,I12_C0.0_MMSE_SHARED,0,none,0,7.7146e-15,7.7146e-15,0,0,1,0,0,linear,0,71.2178,PASS
pusch_impact_20260726T140352Z,F42-E027,I12_C0.0_IRC_ORTH,0,none,0,7.7146e-15,7.7146e-15,0,0,1,0,0,linear,0,64.3977,PASS
pusch_impact_20260726T140352Z,F42-E028,I12_C0.0_IRC_SHARED,0,none,0,7.7146e-15,7.7146e-15,0,0,1,0,0,linear,0,67.1622,PASS
pusch_impact_20260726T140352Z,F42-E029,I12_C0.5_MMSE_ORTH,0,none,0,7.7146e-15,7.7146e-15,0,0,1,0,0,linear,0,57.7833,PASS
pusch_impact_20260726T140352Z,F42-E030,I12_C0.5_MMSE_SHARED,0,none,0,7.7146e-15,7.7146e-15,0,0,1,0,0,linear,0,65.0131,PASS
pusch_impact_20260726T140352Z,F42-E031,I12_C0.5_IRC_ORTH,0,none,0,7.7146e-15,7.7146e-15,0,0,1,0,0,linear,0,73.3341,PASS
pusch_impact_20260726T140352Z,F42-E032,I12_C0.5_IRC_SHARED,0,none,0,7.7146e-15,7.7146e-15,0,0,1,0,0,linear,0,77.41,PASS
pusch_impact_20260726T140352Z,F42-E033,I12_C0.9_MMSE_ORTH,0,none,0,7.7146e-15,7.7146e-15,0,0,1,0,0,linear,0,67.6312,PASS
pusch_impact_20260726T140352Z,F42-E034,I12_C0.9_MMSE_SHARED,0,none,0,7.7146e-15,7.7146e-15,0,0,1,0,0,linear,0,59.1901,PASS
pusch_impact_20260726T140352Z,F42-E035,I12_C0.9_IRC_ORTH,0,none,0,7.7146e-15,7.7146e-15,0,0,1,0,0,linear,0,67.8002,PASS
pusch_impact_20260726T140352Z,F42-E036,I12_C0.9_IRC_SHARED,0,none,0,7.7146e-15,7.7146e-15,0,0,1,0,0,linear,0,60.1258,PASS
pusch_impact_20260726T140352Z,F42-E037,I20_C0.0_MMSE_ORTH,0,none,0,7.7146e-15,7.7146e-15,0,0,1,0,0,linear,0,58.9217,PASS
pusch_impact_20260726T140352Z,F42-E038,I20_C0.0_MMSE_SHARED,0,none,0,7.7146e-15,7.7146e-15,0,0,1,0,0,linear,0,64.1537,PASS
pusch_impact_20260726T140352Z,F42-E039,I20_C0.0_IRC_ORTH,0,none,0,7.7146e-15,7.7146e-15,0,0,1,0,0,linear,0,69.2094,PASS
pusch_impact_20260726T140352Z,F42-E040,I20_C0.0_IRC_SHARED,0,none,0,7.7146e-15,7.7146e-15,0,0,1,0,0,linear,0,66.4312,PASS
pusch_impact_20260726T140352Z,F42-E041,I20_C0.5_MMSE_ORTH,0,none,0,7.7146e-15,7.7146e-15,0,0,1,0,0,linear,0,64.8178,PASS
pusch_impact_20260726T140352Z,F42-E042,I20_C0.5_MMSE_SHARED,0,none,0,7.7146e-15,7.7146e-15,0,0,1,0,0,linear,0,59.7603,PASS
pusch_impact_20260726T140352Z,F42-E043,I20_C0.5_IRC_ORTH,0,none,0,7.7146e-15,7.7146e-15,0,0,1,0,0,linear,0,60.6893,PASS
pusch_impact_20260726T140352Z,F42-E044,I20_C0.5_IRC_SHARED,0,none,0,7.7146e-15,7.7146e-15,0,0,1,0,0,linear,0,65.6559,PASS
pusch_impact_20260726T140352Z,F42-E045,I20_C0.9_MMSE_ORTH,0,none,0,7.7146e-15,7.7146e-15,0,0,1,0,0,linear,0,63.377,PASS
pusch_impact_20260726T140352Z,F42-E046,I20_C0.9_MMSE_SHARED,0,none,0,7.7146e-15,7.7146e-15,0,0,1,0,0,linear,0,67.3619,PASS
pusch_impact_20260726T140352Z,F42-E047,I20_C0.9_IRC_ORTH,0,none,0,7.7146e-15,7.7146e-15,0,0,1,0,0,linear,0,61.7866,PASS
pusch_impact_20260726T140352Z,F42-E048,I20_C0.9_IRC_SHARED,0,none,0,7.7146e-15,7.7146e-15,0,0,1,0,0,linear,0,62.4767,PASS
pusch_impact_20260726T140352Z,F43-E001,AWGN__R1,0,none,0,7.7146e-15,7.7146e-15,0,0,1,0,0,linear,0,61.1083,PASS
pusch_impact_20260726T140352Z,F43-E002,AWGN__R4,0,none,0,7.7146e-15,7.7146e-15,0,0,1,0,0,linear,0,61.401,PASS
pusch_impact_20260726T140352Z,F43-E003,AWGN__R8,0,none,0,7.7146e-15,7.7146e-15,0,0,1,0,0,linear,0,59.4632,PASS
pusch_impact_20260726T140352Z,F43-E004,TDL_TDL-A_R1,0,none,0,7.7146e-15,7.7146e-15,0,0,1,0,0,linear,0,60.5169,PASS
pusch_impact_20260726T140352Z,F43-E005,TDL_TDL-A_R4,0,none,0,7.7146e-15,7.7146e-15,0,0,1,0,0,linear,0,60.8354,PASS
pusch_impact_20260726T140352Z,F43-E006,TDL_TDL-A_R8,0,none,0,7.7146e-15,7.7146e-15,0,0,1,0,0,linear,0,67.5598,PASS
pusch_impact_20260726T140352Z,F43-E007,TDL_TDL-C_R1,0,none,0,7.7146e-15,7.7146e-15,0,0,1,0,0,linear,0,64.5966,PASS
pusch_impact_20260726T140352Z,F43-E008,TDL_TDL-C_R4,0,none,0,7.7146e-15,7.7146e-15,0,0,1,0,0,linear,0,63.4729,PASS
pusch_impact_20260726T140352Z,F43-E009,TDL_TDL-C_R8,0,none,0,7.7146e-15,7.7146e-15,0,0,1,0,0,linear,0,61.8575,PASS
pusch_impact_20260726T140352Z,F43-E010,CDL_CDL-C_R1,0,none,0,7.7146e-15,7.7146e-15,0,0,1,0,0,linear,0,69.9788,PASS
pusch_impact_20260726T140352Z,F43-E011,CDL_CDL-C_R4,0,none,0,7.7146e-15,7.7146e-15,0,0,1,0,0,linear,0,67.9574,PASS
pusch_impact_20260726T140352Z,F43-E012,CDL_CDL-C_R8,0,none,0,7.7146e-15,7.7146e-15,0,0,1,0,0,linear,0,77.8257,PASS
pusch_impact_20260726T140352Z,F44-E001,valid_signal,0,none,0,7.7146e-15,7.7146e-15,0,0,1,0,0,linear,0,703.285,PASS
pusch_impact_20260726T140352Z,F44-E002,no_signal,0,none,0,7.7146e-15,7.7146e-15,0,0,1,0,0,linear,0,290.0007,PASS
pusch_impact_20260726T140352Z,F44-E003,wrong_rnti,0,none,0,7.7146e-15,7.7146e-15,0,0,1,0,0,linear,0,260.7307,PASS
pusch_impact_20260726T140352Z,F44-E004,wrong_scrambling_id,0,none,0,7.7146e-15,7.7146e-15,0,0,1,0,0,linear,0,282.4418,PASS
pusch_impact_20260726T140352Z,F44-E005,wrong_dmrs_port,0,none,0,7.7146e-15,7.7146e-15,0,0,1,0,0,linear,0,362.8504,PASS
pusch_impact_20260726T140352Z,F44-E006,wrong_slot,0,none,0,7.7146e-15,7.7146e-15,0,0,1,0,0,linear,0,296.1062,PASS
pusch_impact_20260726T140352Z,F44-E007,wrong_bwp,0,none,0,7.7146e-15,7.7146e-15,0,0,1,0,0,linear,0,191.8319,PASS
pusch_impact_20260726T140352Z,F44-E008,wrong_hop,0,none,0,7.7146e-15,7.7146e-15,0,0,1,0,0,linear,0,1179.7137,PASS
pusch_impact_20260726T140352Z,F44-E009,wrong_uci_length,0,none,0,7.7146e-15,7.7146e-15,0,0,1,0,0,linear,0,235.781,PASS
pusch_impact_20260726T140352Z,F44-E010,wrong_tb_size,0,none,0,7.7146e-15,7.7146e-15,0,0,1,0,0,linear,0,304.2135,PASS
pusch_impact_20260726T140352Z,F44-E011,wrong_rv,0,none,0,7.7146e-15,7.7146e-15,0,0,1,0,0,linear,0,209.7495,PASS
pusch_impact_20260726T140352Z,F44-E012,wrong_harq_process,0,none,0,7.7146e-15,7.7146e-15,0,0,1,0,0,linear,0,394.8333,PASS
pusch_impact_20260726T140352Z,F44-E013,wrong_power_reference,0,none,0,7.7146e-15,7.7146e-15,0,0,1,0,0,linear,0,274.0176,PASS
pusch_impact_20260726T140352Z,F45-E001,S15_C0,0,none,0,4.2125,4.2125,0,0,1,0,0,linear,0,68.9549,PASS
pusch_impact_20260726T140352Z,F45-E002,S15_C0.01,0,none,0,4.3953,4.3953,0,0,1,0,0,linear,0,169.2304,PASS
pusch_impact_20260726T140352Z,F45-E003,S15_C0.03,0,none,0,4.1436,4.1436,0,0,1,0,0,linear,0,157.5509,PASS
pusch_impact_20260726T140352Z,F45-E004,S15_C0.05,0,none,0,4.1585,4.1585,0,0,1,0,0,linear,0,145.4389,PASS
pusch_impact_20260726T140352Z,F45-E005,S15_C0.1,0,none,0,4.212,4.212,0,0,1,0,0,linear,0,152.4042,PASS
pusch_impact_20260726T140352Z,F45-E006,S30_C0,0,none,0,4.3183,4.3183,0,0,1,0,0,linear,0,64.3101,PASS
pusch_impact_20260726T140352Z,F45-E007,S30_C0.01,0,none,0,4.2901,4.2901,0,0,1,0,0,linear,0,182.4941,PASS
pusch_impact_20260726T140352Z,F45-E008,S30_C0.03,0,none,0,4.1937,4.1937,0,0,1,0,0,linear,0,143.9736,PASS
pusch_impact_20260726T140352Z,F45-E009,S30_C0.05,0,none,0,4.2386,4.2386,0,0,1,0,0,linear,0,153.4238,PASS
pusch_impact_20260726T140352Z,F45-E010,S30_C0.1,0,none,0,4.337,4.337,0,0,1,0,0,linear,0,149.747,PASS
pusch_impact_20260726T140352Z,F45-E011,S60_C0,0,none,0,4.2412,4.2412,0,0,1,0,0,linear,0,61.2504,PASS
pusch_impact_20260726T140352Z,F45-E012,S60_C0.01,0,none,0,4.0878,4.0878,0,0,1,0,0,linear,0,158.4225,PASS
pusch_impact_20260726T140352Z,F45-E013,S60_C0.03,0,none,0,4.2292,4.2292,0,0,1,0,0,linear,0,168.6134,PASS
pusch_impact_20260726T140352Z,F45-E014,S60_C0.05,0,none,0,4.4122,4.4122,0,0,1,0,0,linear,0,151.5262,PASS
pusch_impact_20260726T140352Z,F45-E015,S60_C0.1,0,none,0,4.2766,4.2766,0,0,1,0,0,linear,0,149.6487,PASS
pusch_impact_20260726T140352Z,F45-E016,S120_C0,0,none,0,4.3123,4.3123,0,0,1,0,0,linear,0,68.9603,PASS
pusch_impact_20260726T140352Z,F45-E017,S120_C0.01,0,none,0,4.1787,4.1787,0,0,1,0,0,linear,0,165.0238,PASS
pusch_impact_20260726T140352Z,F45-E018,S120_C0.03,0,none,0,4.2442,4.2442,0,0,1,0,0,linear,0,150.6736,PASS
pusch_impact_20260726T140352Z,F45-E019,S120_C0.05,0,none,0,4.2538,4.2538,0,0,1,0,0,linear,0,152.9538,PASS
pusch_impact_20260726T140352Z,F45-E020,S120_C0.1,0,none,0,4.2359,4.2359,0,0,1,0,0,linear,0,158.4341,PASS
pusch_impact_20260726T140352Z,F46-E001,S15_T0,0,none,0,8.6789e-15,8.6789e-15,0,0,1,0,0,linear,0,62.2948,PASS
pusch_impact_20260726T140352Z,F46-E002,S15_T0.1,0,none,0,8.6789e-15,8.6789e-15,0,0,1,0,0,linear,0,73.9951,PASS
pusch_impact_20260726T140352Z,F46-E003,S15_T0.25,0,none,0,8.6789e-15,8.6789e-15,0,0,1,0,0,linear,0,106.0284,PASS
pusch_impact_20260726T140352Z,F46-E004,S15_T0.5,0,none,0,8.6789e-15,8.6789e-15,0,0,1,0,0,linear,0,162.1273,PASS
pusch_impact_20260726T140352Z,F46-E005,S15_T1.1,0,none,0,8.6789e-15,8.6789e-15,0,0,1,0,0,linear,0,144.2286,PASS
pusch_impact_20260726T140352Z,F46-E006,S30_T0,0,none,0,7.7146e-15,7.7146e-15,0,0,1,0,0,linear,0,65.3258,PASS
pusch_impact_20260726T140352Z,F46-E007,S30_T0.1,0,none,0,7.7146e-15,7.7146e-15,0,0,1,0,0,linear,0,80.2337,PASS
pusch_impact_20260726T140352Z,F46-E008,S30_T0.25,0,none,0,7.7146e-15,7.7146e-15,0,0,1,0,0,linear,0,100.2631,PASS
pusch_impact_20260726T140352Z,F46-E009,S30_T0.5,0,none,0,7.7146e-15,7.7146e-15,0,0,1,0,0,linear,0,172.4908,PASS
pusch_impact_20260726T140352Z,F46-E010,S30_T1.1,0,none,0,7.7146e-15,7.7146e-15,0,0,1,0,0,linear,0,142.1149,PASS
pusch_impact_20260726T140352Z,F46-E011,S60_T0,0,none,0,8.6789e-15,8.6789e-15,0,0,1,0,0,linear,0,70.715,PASS
pusch_impact_20260726T140352Z,F46-E012,S60_T0.1,0,none,0,8.6789e-15,8.6789e-15,0,0,1,0,0,linear,0,78.3038,PASS
pusch_impact_20260726T140352Z,F46-E013,S60_T0.25,0,none,0,8.6789e-15,8.6789e-15,0,0,1,0,0,linear,0,91.1137,PASS
pusch_impact_20260726T140352Z,F46-E014,S60_T0.5,0,none,0,8.6789e-15,8.6789e-15,0,0,1,0,0,linear,0,149.1673,PASS
pusch_impact_20260726T140352Z,F46-E015,S60_T1.1,0,none,0,8.6789e-15,8.6789e-15,0,0,1,0,0,linear,0,146.0943,PASS
pusch_impact_20260726T140352Z,F47-E001,S30_low_P0,0,none,0,4.1721,4.1721,0,0,1,0,0,linear,0,64.5659,PASS
pusch_impact_20260726T140352Z,F47-E002,S30_low_P1,0,none,0,4.2565,4.2565,0,0,1,0,0,linear,0,62.6968,PASS
pusch_impact_20260726T140352Z,F47-E003,S30_medium_P0,0,none,0,4.2567,4.2567,0,0,1,0,0,linear,0,61.3333,PASS
pusch_impact_20260726T140352Z,F47-E004,S30_medium_P1,0,none,0,4.2428,4.2428,0,0,1,0,0,linear,0,63.5575,PASS
pusch_impact_20260726T140352Z,F47-E005,S30_high_P0,0,none,0,4.0989,4.0989,0,0,1,0,0,linear,0,66.6233,PASS
pusch_impact_20260726T140352Z,F47-E006,S30_high_P1,0,none,0,4.279,4.279,0,0,1,0,0,linear,0,72.0726,PASS
pusch_impact_20260726T140352Z,F47-E007,S60_low_P0,0,none,0,4.2645,4.2645,0,0,1,0,0,linear,0,71.4901,PASS
pusch_impact_20260726T140352Z,F47-E008,S60_low_P1,0,none,0,4.1261,4.1261,0,0,1,0,0,linear,0,57.5933,PASS
pusch_impact_20260726T140352Z,F47-E009,S60_medium_P0,0,none,0,4.0904,4.0904,0,0,1,0,0,linear,0,72.365,PASS
pusch_impact_20260726T140352Z,F47-E010,S60_medium_P1,0,none,0,4.2506,4.2506,0,0,1,0,0,linear,0,67.6186,PASS
pusch_impact_20260726T140352Z,F47-E011,S60_high_P0,0,none,0,4.1543,4.1543,0,0,1,0,0,linear,0,80.3227,PASS
pusch_impact_20260726T140352Z,F47-E012,S60_high_P1,0,none,0,4.0231,4.0231,0,0,1,0,0,linear,0,66.0958,PASS
pusch_impact_20260726T140352Z,F47-E013,S120_low_P0,0,none,0,4.4158,4.4158,0,0,1,0,0,linear,0,69.7712,PASS
pusch_impact_20260726T140352Z,F47-E014,S120_low_P1,0,none,0,4.2072,4.2072,0,0,1,0,0,linear,0,62.7624,PASS
pusch_impact_20260726T140352Z,F47-E015,S120_medium_P0,0,none,0,4.1634,4.1634,0,0,1,0,0,linear,0,59.1504,PASS
pusch_impact_20260726T140352Z,F47-E016,S120_medium_P1,0,none,0,4.2423,4.2423,0,0,1,0,0,linear,0,60.9116,PASS
pusch_impact_20260726T140352Z,F47-E017,S120_high_P0,0,none,0,4.2314,4.2314,0,0,1,0,0,linear,0,64.4335,PASS
pusch_impact_20260726T140352Z,F47-E018,S120_high_P1,0,none,0,4.2817,4.2817,0,0,1,0,0,linear,0,73.2258,PASS
pusch_impact_20260726T140352Z,F48-E001,S15_D0,0,none,0,8.6789e-15,8.6789e-15,0,0,1,0,0,linear,0,57.7774,PASS
pusch_impact_20260726T140352Z,F48-E002,S15_D100,0,none,0,8.6789e-15,8.6789e-15,0,0,1,0,0,linear,0,63.5188,PASS
pusch_impact_20260726T140352Z,F48-E003,S15_D300,0,none,0,8.6789e-15,8.6789e-15,0,0,1,0,0,linear,0,67.3092,PASS
pusch_impact_20260726T140352Z,F48-E004,S15_D800,0,none,0,8.6789e-15,8.6789e-15,0,0,1,0,0,linear,0,70.9234,PASS
pusch_impact_20260726T140352Z,F48-E005,S30_D0,0,none,0,7.7146e-15,7.7146e-15,0,0,1,0,0,linear,0,64.8357,PASS
pusch_impact_20260726T140352Z,F48-E006,S30_D100,0,none,0,7.7146e-15,7.7146e-15,0,0,1,0,0,linear,0,57.9284,PASS
pusch_impact_20260726T140352Z,F48-E007,S30_D300,0,none,0,7.7146e-15,7.7146e-15,0,0,1,0,0,linear,0,61.0354,PASS
pusch_impact_20260726T140352Z,F48-E008,S30_D800,0,none,0,7.7146e-15,7.7146e-15,0,0,1,0,0,linear,0,72.6783,PASS
pusch_impact_20260726T140352Z,F48-E009,S60_D0,0,none,0,8.6789e-15,8.6789e-15,0,0,1,0,0,linear,0,77.178,PASS
pusch_impact_20260726T140352Z,F48-E010,S60_D100,0,none,0,8.6789e-15,8.6789e-15,0,0,1,0,0,linear,0,59.8961,PASS
pusch_impact_20260726T140352Z,F48-E011,S60_D300,0,none,0,8.6789e-15,8.6789e-15,0,0,1,0,0,linear,0,74.9023,PASS
pusch_impact_20260726T140352Z,F48-E012,S60_D800,0,none,0,8.6789e-15,8.6789e-15,0,0,1,0,0,linear,0,72.6805,PASS
pusch_impact_20260726T140352Z,F48-E013,S120_D0,0,none,0,1.0608e-14,1.0608e-14,0,0,1,0,0,linear,0,53.3297,PASS
pusch_impact_20260726T140352Z,F48-E014,S120_D100,0,none,0,1.0608e-14,1.0608e-14,0,0,1,0,0,linear,0,54.7127,PASS
pusch_impact_20260726T140352Z,F48-E015,S120_D300,0,none,0,1.0608e-14,1.0608e-14,0,0,1,0,0,linear,0,72.6009,PASS
pusch_impact_20260726T140352Z,F48-E016,S120_D800,0,none,0,1.0608e-14,1.0608e-14,0,0,1,0,0,linear,0,52.5651,PASS
pusch_impact_20260726T140352Z,F49-E001,N12_R1_MMSE,0,none,0,1.3501e-14,1.3501e-14,0,0,1,0,0,linear,0,61.6237,PASS
pusch_impact_20260726T140352Z,F49-E002,N12_R1_IRC,0,none,0,1.3501e-14,1.3501e-14,0,0,1,0,0,linear,0,70.6509,PASS
pusch_impact_20260726T140352Z,F49-E003,N12_R2_MMSE,0,none,0,1.3501e-14,1.3501e-14,0,0,1,0,0,linear,0,59.4183,PASS
pusch_impact_20260726T140352Z,F49-E004,N12_R2_IRC,0,none,0,1.3501e-14,1.3501e-14,0,0,1,0,0,linear,0,63.458,PASS
pusch_impact_20260726T140352Z,F49-E005,N12_R4_MMSE,0,none,0,1.3501e-14,1.3501e-14,0,0,1,0,0,linear,0,66.9632,PASS
pusch_impact_20260726T140352Z,F49-E006,N12_R4_IRC,0,none,0,1.3501e-14,1.3501e-14,0,0,1,0,0,linear,0,62.974,PASS
pusch_impact_20260726T140352Z,F49-E007,N12_R8_MMSE,0,none,0,1.3501e-14,1.3501e-14,0,0,1,0,0,linear,0,62.2774,PASS
pusch_impact_20260726T140352Z,F49-E008,N12_R8_IRC,0,none,0,1.3501e-14,1.3501e-14,0,0,1,0,0,linear,0,69.0723,PASS
pusch_impact_20260726T140352Z,F49-E009,N52_R1_MMSE,0,none,0,7.7146e-15,7.7146e-15,0,0,1,0,0,linear,0,64.6064,PASS
pusch_impact_20260726T140352Z,F49-E010,N52_R1_IRC,0,none,0,7.7146e-15,7.7146e-15,0,0,1,0,0,linear,0,58.2447,PASS
pusch_impact_20260726T140352Z,F49-E011,N52_R2_MMSE,0,none,0,7.7146e-15,7.7146e-15,0,0,1,0,0,linear,0,59.2301,PASS
pusch_impact_20260726T140352Z,F49-E012,N52_R2_IRC,0,none,0,7.7146e-15,7.7146e-15,0,0,1,0,0,linear,0,61.0771,PASS
pusch_impact_20260726T140352Z,F49-E013,N52_R4_MMSE,0,none,0,7.7146e-15,7.7146e-15,0,0,1,0,0,linear,0,59.4508,PASS
pusch_impact_20260726T140352Z,F49-E014,N52_R4_IRC,0,none,0,7.7146e-15,7.7146e-15,0,0,1,0,0,linear,0,74.2329,PASS
pusch_impact_20260726T140352Z,F49-E015,N52_R8_MMSE,0,none,0,7.7146e-15,7.7146e-15,0,0,1,0,0,linear,0,63.3275,PASS
pusch_impact_20260726T140352Z,F49-E016,N52_R8_IRC,0,none,0,7.7146e-15,7.7146e-15,0,0,1,0,0,linear,0,65.4253,PASS
pusch_impact_20260726T140352Z,F49-E017,N106_R1_MMSE,0,none,0,1.2536e-14,1.2536e-14,0,0,1,0,0,linear,0,69.8556,PASS
pusch_impact_20260726T140352Z,F49-E018,N106_R1_IRC,0,none,0,1.2536e-14,1.2536e-14,0,0,1,0,0,linear,0,54.5874,PASS
pusch_impact_20260726T140352Z,F49-E019,N106_R2_MMSE,0,none,0,1.2536e-14,1.2536e-14,0,0,1,0,0,linear,0,55.5989,PASS
pusch_impact_20260726T140352Z,F49-E020,N106_R2_IRC,0,none,0,1.2536e-14,1.2536e-14,0,0,1,0,0,linear,0,60.3409,PASS
pusch_impact_20260726T140352Z,F49-E021,N106_R4_MMSE,0,none,0,1.2536e-14,1.2536e-14,0,0,1,0,0,linear,0,67.8562,PASS
pusch_impact_20260726T140352Z,F49-E022,N106_R4_IRC,0,none,0,1.2536e-14,1.2536e-14,0,0,1,0,0,linear,0,56.9091,PASS
pusch_impact_20260726T140352Z,F49-E023,N106_R8_MMSE,0,none,0,1.2536e-14,1.2536e-14,0,0,1,0,0,linear,0,57.1825,PASS
pusch_impact_20260726T140352Z,F49-E024,N106_R8_IRC,0,none,0,1.2536e-14,1.2536e-14,0,0,1,0,0,linear,0,60.231,PASS
pusch_impact_20260726T140352Z,F49-E025,N273_R1_MMSE,0,none,0,1.5429e-14,1.5429e-14,0,0,1,0,0,linear,0,61.7858,PASS
pusch_impact_20260726T140352Z,F49-E026,N273_R1_IRC,0,none,0,1.5429e-14,1.5429e-14,0,0,1,0,0,linear,0,61.0289,PASS
pusch_impact_20260726T140352Z,F49-E027,N273_R2_MMSE,0,none,0,1.5429e-14,1.5429e-14,0,0,1,0,0,linear,0,52.6965,PASS
pusch_impact_20260726T140352Z,F49-E028,N273_R2_IRC,0,none,0,1.5429e-14,1.5429e-14,0,0,1,0,0,linear,0,119.6426,PASS
pusch_impact_20260726T140352Z,F49-E029,N273_R4_MMSE,0,none,0,1.5429e-14,1.5429e-14,0,0,1,0,0,linear,0,67.4913,PASS
pusch_impact_20260726T140352Z,F49-E030,N273_R4_IRC,0,none,0,1.5429e-14,1.5429e-14,0,0,1,0,0,linear,0,53.9014,PASS
pusch_impact_20260726T140352Z,F49-E031,N273_R8_MMSE,0,none,0,1.5429e-14,1.5429e-14,0,0,1,0,0,linear,0,65.1773,PASS
pusch_impact_20260726T140352Z,F49-E032,N273_R8_IRC,0,none,0,1.5429e-14,1.5429e-14,0,0,1,0,0,linear,0,68.1252,PASS
pusch_impact_20260726T140352Z,F50-E001,serial_2,0,none,0,7.7146e-15,7.7146e-15,0,0,1,0,0,linear,0,68.7251,PASS
pusch_impact_20260726T140352Z,F50-E002,serial_11,0,none,0,7.7146e-15,7.7146e-15,0,0,1,0,0,linear,0,63.8442,PASS
pusch_impact_20260726T140352Z,F50-E003,serial_27,0,none,0,7.7146e-15,7.7146e-15,0,0,1,0,0,linear,0,64.5004,PASS
pusch_impact_20260726T140352Z,F50-E004,parallel_2,0,none,0,7.7146e-15,7.7146e-15,0,0,1,0,0,linear,0,63.0894,PASS
pusch_impact_20260726T140352Z,F50-E005,parallel_11,0,none,0,7.7146e-15,7.7146e-15,0,0,1,0,0,linear,0,58.4387,PASS
pusch_impact_20260726T140352Z,F50-E006,parallel_27,0,none,0,7.7146e-15,7.7146e-15,0,0,1,0,0,linear,0,68.7041,PASS
pusch_impact_20260726T140352Z,F51-E001,U0D0P0T0H0,0,none,0,7.7146e-15,7.7146e-15,0,0,1,0,0,linear,0,72.4712,PASS
pusch_impact_20260726T140352Z,F51-E002,U0D0P0T0H1,0,intra_slot,24,7.7146e-15,7.7146e-15,0,0,1,0,0,linear,0,64.3064,PASS
pusch_impact_20260726T140352Z,F51-E003,U0D0P0T1H0,1,none,0,9.1525,9.1525,1.8219e-16,1.28e-31,1,0,0,linear,0,63.3118,PASS
pusch_impact_20260726T140352Z,F51-E004,U0D0P0T1H1,1,intra_slot,24,8.8369,8.8369,0,1.2618e-31,1,0,0,linear,0,64.7433,PASS
pusch_impact_20260726T140352Z,F51-E005,U0D0P1T0H0,0,none,0,7.7146e-15,7.7146e-15,0,0,1,0,0,linear,0,62.7937,PASS
pusch_impact_20260726T140352Z,F51-E006,U0D0P1T0H1,0,intra_slot,24,7.7146e-15,7.7146e-15,0,0,1,0,0,linear,0,62.1914,PASS
pusch_impact_20260726T140352Z,F51-E007,U0D0P1T1H0,1,none,0,9.9252,9.9252,3.6438e-16,1.318e-31,1,0,0,linear,0,67.0355,PASS
pusch_impact_20260726T140352Z,F51-E008,U0D0P1T1H1,1,intra_slot,24,8.5492,8.5492,0,1.3126e-31,1,0,0,linear,0,66.6963,PASS
pusch_impact_20260726T140352Z,F51-E009,U0D1P0T0H0,0,none,0,7.7146e-15,7.7146e-15,0,0,1,0,0,linear,0,66.9439,PASS
pusch_impact_20260726T140352Z,F51-E010,U0D1P0T0H1,0,intra_slot,24,7.7146e-15,7.7146e-15,0,0,1,0,0,linear,0,59.6043,PASS
pusch_impact_20260726T140352Z,F51-E011,U0D1P0T1H0,1,none,0,8.6053,8.6053,3.6438e-16,1.2482e-31,1,0,0,linear,0,61.6602,PASS
pusch_impact_20260726T140352Z,F51-E012,U0D1P0T1H1,1,intra_slot,24,9.348,9.348,3.6438e-16,1.3049e-31,1,0,0,linear,0,75.2921,PASS
pusch_impact_20260726T140352Z,F51-E013,U0D1P1T0H0,0,none,0,7.7146e-15,7.7146e-15,0,0,1,0,0,linear,0,77.3298,PASS
pusch_impact_20260726T140352Z,F51-E014,U0D1P1T0H1,0,intra_slot,24,7.7146e-15,7.7146e-15,0,0,1,0,0,linear,0,67.6599,PASS
pusch_impact_20260726T140352Z,F51-E015,U0D1P1T1H0,1,none,0,9.2873,9.2873,1.8219e-16,1.3371e-31,1,0,0,linear,0,62.034,PASS
pusch_impact_20260726T140352Z,F51-E016,U0D1P1T1H1,1,intra_slot,24,8.2087,8.2087,1.8219e-16,1.2885e-31,1,0,0,linear,0,64.6691,PASS
pusch_impact_20260726T140352Z,F51-E017,U1D0P0T0H0,0,none,0,7.7146e-15,7.7146e-15,0,0,1,0,0,linear,0,81.0558,PASS
pusch_impact_20260726T140352Z,F51-E018,U1D0P0T0H1,0,intra_slot,24,7.7146e-15,7.7146e-15,0,0,1,0,0,linear,0,67.9314,PASS
pusch_impact_20260726T140352Z,F51-E019,U1D0P0T1H0,1,none,0,8.2837,8.2837,0,1.3119e-31,1,0,0,linear,0,71.4729,PASS
pusch_impact_20260726T140352Z,F51-E020,U1D0P0T1H1,1,intra_slot,24,8.3471,8.3471,3.6438e-16,1.3197e-31,1,0,0,linear,0,63.2999,PASS
pusch_impact_20260726T140352Z,F51-E021,U1D0P1T0H0,0,none,0,7.7146e-15,7.7146e-15,0,0,1,0,0,linear,0,66.1681,PASS
pusch_impact_20260726T140352Z,F51-E022,U1D0P1T0H1,0,intra_slot,24,7.7146e-15,7.7146e-15,0,0,1,0,0,linear,0,61.7872,PASS
pusch_impact_20260726T140352Z,F51-E023,U1D0P1T1H0,1,none,0,9.0812,9.0812,1.8219e-16,1.2427e-31,1,0,0,linear,0,66.641,PASS
pusch_impact_20260726T140352Z,F51-E024,U1D0P1T1H1,1,intra_slot,24,8.1746,8.1746,3.6438e-16,1.304e-31,1,0,0,linear,0,56.5337,PASS
pusch_impact_20260726T140352Z,F51-E025,U1D1P0T0H0,0,none,0,7.7146e-15,7.7146e-15,0,0,1,0,0,linear,0,68.8752,PASS
pusch_impact_20260726T140352Z,F51-E026,U1D1P0T0H1,0,intra_slot,24,7.7146e-15,7.7146e-15,0,0,1,0,0,linear,0,57.5638,PASS
pusch_impact_20260726T140352Z,F51-E027,U1D1P0T1H0,1,none,0,9.0264,9.0264,1.8219e-16,1.3121e-31,1,0,0,linear,0,56.6341,PASS
pusch_impact_20260726T140352Z,F51-E028,U1D1P0T1H1,1,intra_slot,24,8.3666,8.3666,1.8219e-16,1.2372e-31,1,0,0,linear,0,64.6483,PASS
pusch_impact_20260726T140352Z,F51-E029,U1D1P1T0H0,0,none,0,7.7146e-15,7.7146e-15,0,0,1,0,0,linear,0,61.0481,PASS
pusch_impact_20260726T140352Z,F51-E030,U1D1P1T0H1,0,intra_slot,24,7.7146e-15,7.7146e-15,0,0,1,0,0,linear,0,67.1594,PASS
pusch_impact_20260726T140352Z,F51-E031,U1D1P1T1H0,1,none,0,7.8513,7.8513,7.2876e-16,1.34e-31,1,0,0,linear,0,72.9364,PASS
pusch_impact_20260726T140352Z,F51-E032,U1D1P1T1H1,1,intra_slot,24,8.5426,8.5426,1.8219e-16,1.2608e-31,1,0,0,linear,0,59.1764,PASS
pusch_impact_20260726T140352Z,F52-E001,awgn_calibration,0,none,0,7.7146e-15,7.7146e-15,0,0,1,0,0,linear,0,66.7431,PASS
pusch_impact_20260726T140352Z,F52-E002,cell_center,0,none,0,3.586,3.586,0,0,1,0,0,linear,0,68.679,PASS
pusch_impact_20260726T140352Z,F52-E003,cell_edge,0,none,0,-8.1968e-15,-8.1968e-15,0,0,1,0,0,linear,1,133.6052,PASS
pusch_impact_20260726T140352Z,F52-E004,high_mobility,0,intra_slot,0,7.7146e-15,7.7146e-15,0,0,1,0,0,linear,0,71.6805,PASS
pusch_impact_20260726T140352Z,F52-E005,phase_noise_256qam,0,none,0,4.1897,4.1897,0,0,1,0,0,linear,0,70.2631,PASS
pusch_impact_20260726T140352Z,F52-E006,high_rank_8layer,0,none,0,3.5482,3.5482,0,0,1,0,0,linear,0,67.437,PASS
pusch_impact_20260726T140352Z,F52-E007,configured_grant,0,none,0,7.7146e-15,7.7146e-15,0,0,1,0,0,linear,0,63.5128,PASS
pusch_impact_20260726T140352Z,F52-E008,mu_pusch,0,none,0,7.7146e-15,7.7146e-15,0,0,1,0,0,linear,0,71.855,PASS
pusch_impact_20260726T140352Z,F52-E009,transform_precoded,1,none,0,8.1876,8.1876,3.6438e-16,1.2948e-31,1,0,0,linear,0,62.1883,PASS
pusch_impact_20260726T140352Z,F52-E010,uci_heavy,0,none,0,7.7146e-15,7.7146e-15,0,0,1,0,0,linear,0,59.0223,PASS
pusch_impact_20260726T140352Z,F52-E011,harq_edge,0,none,0,-8.1968e-15,-8.1968e-15,0,0,1,0,0,linear,1,227.6517,PASS
pusch_impact_20260726T140352Z,F52-E012,impairment_combo,0,none,0,7.7146e-15,7.7146e-15,0,0,1,0,0,linear,0,153.6069,PASS
