RunID,CaseID,SchedulingRequestID,AbsoluteSlot,IsOccasion,PendingPositiveSR,Transmitted,ResourceID,Mismatch,Status
PUCCH_PHASE05_R18,SR-0001,2,0,true,false,false,2,false,PASS
PUCCH_PHASE05_R18,SR-0002,3,0,true,true,true,3,false,PASS
PUCCH_PHASE05_R18,SR-0003,4,3,true,false,false,4,false,PASS
PUCCH_PHASE05_R18,SR-0004,1,3,true,true,true,1,false,PASS
PUCCH_PHASE05_R18,SR-0005,2,6,true,false,false,2,false,PASS
PUCCH_PHASE05_R18,SR-0006,3,6,true,true,true,3,false,PASS
PUCCH_PHASE05_R18,SR-0007,4,9,true,false,false,4,false,PASS
PUCCH_PHASE05_R18,SR-0008,1,9,true,true,true,1,false,PASS
PUCCH_PHASE05_R18,SR-0009,2,12,true,false,false,2,false,PASS
PUCCH_PHASE05_R18,SR-0010,3,12,true,true,true,3,false,PASS
PUCCH_PHASE05_R18,SR-0011,4,15,true,false,false,4,false,PASS
PUCCH_PHASE05_R18,SR-0012,1,15,true,true,true,1,false,PASS
PUCCH_PHASE05_R18,SR-0013,2,18,true,false,false,2,false,PASS
PUCCH_PHASE05_R18,SR-0014,3,18,true,true,true,3,false,PASS
PUCCH_PHASE05_R18,SR-0015,4,21,true,false,false,4,false,PASS
PUCCH_PHASE05_R18,SR-0016,1,21,true,true,true,1,false,PASS
PUCCH_PHASE05_R18,SR-0017,2,24,true,false,false,2,false,PASS
PUCCH_PHASE05_R18,SR-0018,3,24,true,true,true,3,false,PASS
PUCCH_PHASE05_R18,SR-0019,4,0,true,false,false,4,false,PASS
PUCCH_PHASE05_R18,SR-0020,1,0,true,true,true,1,false,PASS
PUCCH_PHASE05_R18,SR-0021,2,3,false,false,false,2,false,PASS
PUCCH_PHASE05_R18,SR-0022,3,3,false,true,false,3,false,PASS
PUCCH_PHASE05_R18,SR-0023,4,6,true,false,false,4,false,PASS
PUCCH_PHASE05_R18,SR-0024,1,6,true,true,true,1,false,PASS
PUCCH_PHASE05_R18,SR-0025,2,9,false,false,false,2,false,PASS
PUCCH_PHASE05_R18,SR-0026,3,9,false,true,false,3,false,PASS
PUCCH_PHASE05_R18,SR-0027,4,12,true,false,false,4,false,PASS
PUCCH_PHASE05_R18,SR-0028,1,12,true,true,true,1,false,PASS
PUCCH_PHASE05_R18,SR-0029,2,15,false,false,false,2,false,PASS
PUCCH_PHASE05_R18,SR-0030,3,15,false,true,false,3,false,PASS
PUCCH_PHASE05_R18,SR-0031,4,18,true,false,false,4,false,PASS
PUCCH_PHASE05_R18,SR-0032,1,18,true,true,true,1,false,PASS
PUCCH_PHASE05_R18,SR-0033,2,21,false,false,false,2,false,PASS
PUCCH_PHASE05_R18,SR-0034,3,21,false,true,false,3,false,PASS
PUCCH_PHASE05_R18,SR-0035,4,24,true,false,false,4,false,PASS
PUCCH_PHASE05_R18,SR-0036,1,24,true,true,true,1,false,PASS
PUCCH_PHASE05_R18,SR-0037,2,0,false,false,false,2,false,PASS
PUCCH_PHASE05_R18,SR-0038,3,0,false,true,false,3,false,PASS
PUCCH_PHASE05_R18,SR-0039,4,3,true,false,false,4,false,PASS
PUCCH_PHASE05_R18,SR-0040,1,3,true,true,true,1,false,PASS
PUCCH_PHASE05_R18,SR-0041,2,6,false,false,false,2,false,PASS
PUCCH_PHASE05_R18,SR-0042,3,6,false,true,false,3,false,PASS
PUCCH_PHASE05_R18,SR-0043,4,9,true,false,false,4,false,PASS
PUCCH_PHASE05_R18,SR-0044,1,9,true,true,true,1,false,PASS
PUCCH_PHASE05_R18,SR-0045,2,12,false,false,false,2,false,PASS
PUCCH_PHASE05_R18,SR-0046,3,12,false,true,false,3,false,PASS
PUCCH_PHASE05_R18,SR-0047,4,15,true,false,false,4,false,PASS
PUCCH_PHASE05_R18,SR-0048,1,15,true,true,true,1,false,PASS
PUCCH_PHASE05_R18,SR-0049,2,18,false,false,false,2,false,PASS
PUCCH_PHASE05_R18,SR-0050,3,18,false,true,false,3,false,PASS
PUCCH_PHASE05_R18,SR-0051,4,21,true,false,false,4,false,PASS
PUCCH_PHASE05_R18,SR-0052,1,21,true,true,true,1,false,PASS
PUCCH_PHASE05_R18,SR-0053,2,24,false,false,false,2,false,PASS
PUCCH_PHASE05_R18,SR-0054,3,24,false,true,false,3,false,PASS
PUCCH_PHASE05_R18,SR-0055,4,0,true,false,false,4,false,PASS
PUCCH_PHASE05_R18,SR-0056,1,0,true,true,true,1,false,PASS
PUCCH_PHASE05_R18,SR-0057,2,3,false,false,false,2,false,PASS
PUCCH_PHASE05_R18,SR-0058,3,3,false,true,false,3,false,PASS
PUCCH_PHASE05_R18,SR-0059,4,6,false,false,false,4,false,PASS
PUCCH_PHASE05_R18,SR-0060,1,6,false,true,false,1,false,PASS
PUCCH_PHASE05_R18,SR-0061,2,9,false,false,false,2,false,PASS
PUCCH_PHASE05_R18,SR-0062,3,9,false,true,false,3,false,PASS
PUCCH_PHASE05_R18,SR-0063,4,12,true,false,false,4,false,PASS
PUCCH_PHASE05_R18,SR-0064,1,12,true,true,true,1,false,PASS
PUCCH_PHASE05_R18,SR-0065,2,15,false,false,false,2,false,PASS
PUCCH_PHASE05_R18,SR-0066,3,15,false,true,false,3,false,PASS
PUCCH_PHASE05_R18,SR-0067,4,18,false,false,false,4,false,PASS
PUCCH_PHASE05_R18,SR-0068,1,18,false,true,false,1,false,PASS
PUCCH_PHASE05_R18,SR-0069,2,21,false,false,false,2,false,PASS
PUCCH_PHASE05_R18,SR-0070,3,21,false,true,false,3,false,PASS
PUCCH_PHASE05_R18,SR-0071,4,24,true,false,false,4,false,PASS
PUCCH_PHASE05_R18,SR-0072,1,24,true,true,true,1,false,PASS
PUCCH_PHASE05_R18,SR-0073,2,0,false,false,false,2,false,PASS
PUCCH_PHASE05_R18,SR-0074,3,0,false,true,false,3,false,PASS
PUCCH_PHASE05_R18,SR-0075,4,3,false,false,false,4,false,PASS
PUCCH_PHASE05_R18,SR-0076,1,3,false,true,false,1,false,PASS
PUCCH_PHASE05_R18,SR-0077,2,6,false,false,false,2,false,PASS
PUCCH_PHASE05_R18,SR-0078,3,6,false,true,false,3,false,PASS
PUCCH_PHASE05_R18,SR-0079,4,9,true,false,false,4,false,PASS
PUCCH_PHASE05_R18,SR-0080,1,9,true,true,true,1,false,PASS
PUCCH_PHASE05_R18,SR-0081,2,12,false,false,false,2,false,PASS
PUCCH_PHASE05_R18,SR-0082,3,12,false,true,false,3,false,PASS
PUCCH_PHASE05_R18,SR-0083,4,15,false,false,false,4,false,PASS
PUCCH_PHASE05_R18,SR-0084,1,15,false,true,false,1,false,PASS
PUCCH_PHASE05_R18,SR-0085,2,18,false,false,false,2,false,PASS
PUCCH_PHASE05_R18,SR-0086,3,18,false,true,false,3,false,PASS
PUCCH_PHASE05_R18,SR-0087,4,21,true,false,false,4,false,PASS
PUCCH_PHASE05_R18,SR-0088,1,21,true,true,true,1,false,PASS
PUCCH_PHASE05_R18,SR-0089,2,24,false,false,false,2,false,PASS
PUCCH_PHASE05_R18,SR-0090,3,24,false,true,false,3,false,PASS
PUCCH_PHASE05_R18,SR-0091,4,0,false,false,false,4,false,PASS
PUCCH_PHASE05_R18,SR-0092,1,0,false,true,false,1,false,PASS
PUCCH_PHASE05_R18,SR-0093,2,3,false,false,false,2,false,PASS
PUCCH_PHASE05_R18,SR-0094,3,3,false,true,false,3,false,PASS
PUCCH_PHASE05_R18,SR-0095,4,6,true,false,false,4,false,PASS
PUCCH_PHASE05_R18,SR-0096,1,6,true,true,true,1,false,PASS
PUCCH_PHASE05_R18,SR-0097,2,9,false,false,false,2,false,PASS
PUCCH_PHASE05_R18,SR-0098,3,9,false,true,false,3,false,PASS
PUCCH_PHASE05_R18,SR-0099,4,12,false,false,false,4,false,PASS
PUCCH_PHASE05_R18,SR-0100,1,12,false,true,false,1,false,PASS
PUCCH_PHASE05_R18,SR-0101,2,15,false,false,false,2,false,PASS
PUCCH_PHASE05_R18,SR-0102,3,15,false,true,false,3,false,PASS
PUCCH_PHASE05_R18,SR-0103,4,18,true,false,false,4,false,PASS
PUCCH_PHASE05_R18,SR-0104,1,18,true,true,true,1,false,PASS
PUCCH_PHASE05_R18,SR-0105,2,21,false,false,false,2,false,PASS
PUCCH_PHASE05_R18,SR-0106,3,21,false,true,false,3,false,PASS
PUCCH_PHASE05_R18,SR-0107,4,24,false,false,false,4,false,PASS
PUCCH_PHASE05_R18,SR-0108,1,24,false,true,false,1,false,PASS
PUCCH_PHASE05_R18,SR-0109,2,0,false,false,false,2,false,PASS
PUCCH_PHASE05_R18,SR-0110,3,0,false,true,false,3,false,PASS
PUCCH_PHASE05_R18,SR-0111,4,3,true,false,false,4,false,PASS
PUCCH_PHASE05_R18,SR-0112,1,3,true,true,true,1,false,PASS
PUCCH_PHASE05_R18,SR-0113,2,6,false,false,false,2,false,PASS
PUCCH_PHASE05_R18,SR-0114,3,6,false,true,false,3,false,PASS
PUCCH_PHASE05_R18,SR-0115,4,9,false,false,false,4,false,PASS
PUCCH_PHASE05_R18,SR-0116,1,9,false,true,false,1,false,PASS
PUCCH_PHASE05_R18,SR-0117,2,12,false,false,false,2,false,PASS
PUCCH_PHASE05_R18,SR-0118,3,12,false,true,false,3,false,PASS
PUCCH_PHASE05_R18,SR-0119,4,15,true,false,false,4,false,PASS
PUCCH_PHASE05_R18,SR-0120,1,15,true,true,true,1,false,PASS
PUCCH_PHASE05_R18,SR-0121,2,18,false,false,false,2,false,PASS
PUCCH_PHASE05_R18,SR-0122,3,18,false,true,false,3,false,PASS
PUCCH_PHASE05_R18,SR-0123,4,21,false,false,false,4,false,PASS
PUCCH_PHASE05_R18,SR-0124,1,21,false,true,false,1,false,PASS
PUCCH_PHASE05_R18,SR-0125,2,24,false,false,false,2,false,PASS
PUCCH_PHASE05_R18,SR-0126,3,24,false,true,false,3,false,PASS
PUCCH_PHASE05_R18,SR-0127,4,0,true,false,false,4,false,PASS
PUCCH_PHASE05_R18,SR-0128,1,0,true,true,true,1,false,PASS
PUCCH_PHASE05_R18,SR-0129,2,3,false,false,false,2,false,PASS
PUCCH_PHASE05_R18,SR-0130,3,3,false,true,false,3,false,PASS
PUCCH_PHASE05_R18,SR-0131,4,6,false,false,false,4,false,PASS
PUCCH_PHASE05_R18,SR-0132,1,6,false,true,false,1,false,PASS
PUCCH_PHASE05_R18,SR-0133,2,9,false,false,false,2,false,PASS
PUCCH_PHASE05_R18,SR-0134,3,9,false,true,false,3,false,PASS
PUCCH_PHASE05_R18,SR-0135,4,12,false,false,false,4,false,PASS
PUCCH_PHASE05_R18,SR-0136,1,12,false,true,false,1,false,PASS
PUCCH_PHASE05_R18,SR-0137,2,15,true,false,false,2,false,PASS
PUCCH_PHASE05_R18,SR-0138,3,15,true,true,true,3,false,PASS
PUCCH_PHASE05_R18,SR-0139,4,18,false,false,false,4,false,PASS
PUCCH_PHASE05_R18,SR-0140,1,18,false,true,false,1,false,PASS
PUCCH_PHASE05_R18,SR-0141,2,21,false,false,false,2,false,PASS
PUCCH_PHASE05_R18,SR-0142,3,21,false,true,false,3,false,PASS
PUCCH_PHASE05_R18,SR-0143,4,24,false,false,false,4,false,PASS
PUCCH_PHASE05_R18,SR-0144,1,24,false,true,false,1,false,PASS
PUCCH_PHASE05_R18,SR-0145,2,0,false,false,false,2,false,PASS
PUCCH_PHASE05_R18,SR-0146,3,0,false,true,false,3,false,PASS
PUCCH_PHASE05_R18,SR-0147,4,3,false,false,false,4,false,PASS
PUCCH_PHASE05_R18,SR-0148,1,3,false,true,false,1,false,PASS
PUCCH_PHASE05_R18,SR-0149,2,6,true,false,false,2,false,PASS
PUCCH_PHASE05_R18,SR-0150,3,6,true,true,true,3,false,PASS
PUCCH_PHASE05_R18,SR-0151,4,9,false,false,false,4,false,PASS
PUCCH_PHASE05_R18,SR-0152,1,9,false,true,false,1,false,PASS
PUCCH_PHASE05_R18,SR-0153,2,12,false,false,false,2,false,PASS
PUCCH_PHASE05_R18,SR-0154,3,12,false,true,false,3,false,PASS
PUCCH_PHASE05_R18,SR-0155,4,15,false,false,false,4,false,PASS
PUCCH_PHASE05_R18,SR-0156,1,15,false,true,false,1,false,PASS
PUCCH_PHASE05_R18,SR-0157,2,18,false,false,false,2,false,PASS
PUCCH_PHASE05_R18,SR-0158,3,18,false,true,false,3,false,PASS
PUCCH_PHASE05_R18,SR-0159,4,21,true,false,false,4,false,PASS
PUCCH_PHASE05_R18,SR-0160,1,21,true,true,true,1,false,PASS
PUCCH_PHASE05_R18,SR-0161,2,24,false,false,false,2,false,PASS
PUCCH_PHASE05_R18,SR-0162,3,24,false,true,false,3,false,PASS
PUCCH_PHASE05_R18,SR-0163,4,0,false,false,false,4,false,PASS
PUCCH_PHASE05_R18,SR-0164,1,0,false,true,false,1,false,PASS
PUCCH_PHASE05_R18,SR-0165,2,3,false,false,false,2,false,PASS
PUCCH_PHASE05_R18,SR-0166,3,3,false,true,false,3,false,PASS
PUCCH_PHASE05_R18,SR-0167,4,6,false,false,false,4,false,PASS
PUCCH_PHASE05_R18,SR-0168,1,6,false,true,false,1,false,PASS
PUCCH_PHASE05_R18,SR-0169,2,9,false,false,false,2,false,PASS
PUCCH_PHASE05_R18,SR-0170,3,9,false,true,false,3,false,PASS
PUCCH_PHASE05_R18,SR-0171,4,12,true,false,false,4,false,PASS
PUCCH_PHASE05_R18,SR-0172,1,12,true,true,true,1,false,PASS
PUCCH_PHASE05_R18,SR-0173,2,15,false,false,false,2,false,PASS
PUCCH_PHASE05_R18,SR-0174,3,15,false,true,false,3,false,PASS
PUCCH_PHASE05_R18,SR-0175,4,18,false,false,false,4,false,PASS
PUCCH_PHASE05_R18,SR-0176,1,18,false,true,false,1,false,PASS
PUCCH_PHASE05_R18,SR-0177,2,21,false,false,false,2,false,PASS
PUCCH_PHASE05_R18,SR-0178,3,21,false,true,false,3,false,PASS
PUCCH_PHASE05_R18,SR-0179,4,24,false,false,false,4,false,PASS
PUCCH_PHASE05_R18,SR-0180,1,24,false,true,false,1,false,PASS
PUCCH_PHASE05_R18,SR-0181,2,0,false,false,false,2,false,PASS
PUCCH_PHASE05_R18,SR-0182,3,0,false,true,false,3,false,PASS
PUCCH_PHASE05_R18,SR-0183,4,3,true,false,false,4,false,PASS
PUCCH_PHASE05_R18,SR-0184,1,3,true,true,true,1,false,PASS
PUCCH_PHASE05_R18,SR-0185,2,6,false,false,false,2,false,PASS
PUCCH_PHASE05_R18,SR-0186,3,6,false,true,false,3,false,PASS
PUCCH_PHASE05_R18,SR-0187,4,9,false,false,false,4,false,PASS
PUCCH_PHASE05_R18,SR-0188,1,9,false,true,false,1,false,PASS
PUCCH_PHASE05_R18,SR-0189,2,12,false,false,false,2,false,PASS
PUCCH_PHASE05_R18,SR-0190,3,12,false,true,false,3,false,PASS
PUCCH_PHASE05_R18,SR-0191,4,15,false,false,false,4,false,PASS
PUCCH_PHASE05_R18,SR-0192,1,15,false,true,false,1,false,PASS
PUCCH_PHASE05_R18,SR-0193,2,18,true,false,false,2,false,PASS
PUCCH_PHASE05_R18,SR-0194,3,18,true,true,true,3,false,PASS
PUCCH_PHASE05_R18,SR-0195,4,21,false,false,false,4,false,PASS
PUCCH_PHASE05_R18,SR-0196,1,21,false,true,false,1,false,PASS
PUCCH_PHASE05_R18,SR-0197,2,24,false,false,false,2,false,PASS
PUCCH_PHASE05_R18,SR-0198,3,24,false,true,false,3,false,PASS
PUCCH_PHASE05_R18,SR-0199,4,0,true,false,false,4,false,PASS
PUCCH_PHASE05_R18,SR-0200,1,0,true,true,true,1,false,PASS
PUCCH_PHASE05_R18,SR-0201,2,3,false,false,false,2,false,PASS
PUCCH_PHASE05_R18,SR-0202,3,3,false,true,false,3,false,PASS
PUCCH_PHASE05_R18,SR-0203,4,6,false,false,false,4,false,PASS
PUCCH_PHASE05_R18,SR-0204,1,6,false,true,false,1,false,PASS
PUCCH_PHASE05_R18,SR-0205,2,9,false,false,false,2,false,PASS
PUCCH_PHASE05_R18,SR-0206,3,9,false,true,false,3,false,PASS
PUCCH_PHASE05_R18,SR-0207,4,12,false,false,false,4,false,PASS
PUCCH_PHASE05_R18,SR-0208,1,12,false,true,false,1,false,PASS
PUCCH_PHASE05_R18,SR-0209,2,15,false,false,false,2,false,PASS
PUCCH_PHASE05_R18,SR-0210,3,15,false,true,false,3,false,PASS
PUCCH_PHASE05_R18,SR-0211,4,18,false,false,false,4,false,PASS
PUCCH_PHASE05_R18,SR-0212,1,18,false,true,false,1,false,PASS
PUCCH_PHASE05_R18,SR-0213,2,21,false,false,false,2,false,PASS
PUCCH_PHASE05_R18,SR-0214,3,21,false,true,false,3,false,PASS
PUCCH_PHASE05_R18,SR-0215,4,24,false,false,false,4,false,PASS
PUCCH_PHASE05_R18,SR-0216,1,24,false,true,false,1,false,PASS
PUCCH_PHASE05_R18,SR-0217,2,0,false,false,false,2,false,PASS
PUCCH_PHASE05_R18,SR-0218,3,0,false,true,false,3,false,PASS
PUCCH_PHASE05_R18,SR-0219,4,3,false,false,false,4,false,PASS
PUCCH_PHASE05_R18,SR-0220,1,3,false,true,false,1,false,PASS
PUCCH_PHASE05_R18,SR-0221,2,6,false,false,false,2,false,PASS
PUCCH_PHASE05_R18,SR-0222,3,6,false,true,false,3,false,PASS
PUCCH_PHASE05_R18,SR-0223,4,9,false,false,false,4,false,PASS
PUCCH_PHASE05_R18,SR-0224,1,9,false,true,false,1,false,PASS
PUCCH_PHASE05_R18,SR-0225,2,12,false,false,false,2,false,PASS
PUCCH_PHASE05_R18,SR-0226,3,12,false,true,false,3,false,PASS
PUCCH_PHASE05_R18,SR-0227,4,15,false,false,false,4,false,PASS
PUCCH_PHASE05_R18,SR-0228,1,15,false,true,false,1,false,PASS
PUCCH_PHASE05_R18,SR-0229,2,18,false,false,false,2,false,PASS
PUCCH_PHASE05_R18,SR-0230,3,18,false,true,false,3,false,PASS
PUCCH_PHASE05_R18,SR-0231,4,21,true,false,false,4,false,PASS
PUCCH_PHASE05_R18,SR-0232,1,21,true,true,true,1,false,PASS
PUCCH_PHASE05_R18,SR-0233,2,24,false,false,false,2,false,PASS
PUCCH_PHASE05_R18,SR-0234,3,24,false,true,false,3,false,PASS
PUCCH_PHASE05_R18,SR-0235,4,0,false,false,false,4,false,PASS
PUCCH_PHASE05_R18,SR-0236,1,0,false,true,false,1,false,PASS
PUCCH_PHASE05_R18,SR-0237,2,3,false,false,false,2,false,PASS
PUCCH_PHASE05_R18,SR-0238,3,3,false,true,false,3,false,PASS
PUCCH_PHASE05_R18,SR-0239,4,6,false,false,false,4,false,PASS
PUCCH_PHASE05_R18,SR-0240,1,6,false,true,false,1,false,PASS
PUCCH_PHASE05_R18,SR-0241,2,9,false,false,false,2,false,PASS
PUCCH_PHASE05_R18,SR-0242,3,9,false,true,false,3,false,PASS
PUCCH_PHASE05_R18,SR-0243,4,12,true,false,false,4,false,PASS
PUCCH_PHASE05_R18,SR-0244,1,12,true,true,true,1,false,PASS
PUCCH_PHASE05_R18,SR-0245,2,15,false,false,false,2,false,PASS
PUCCH_PHASE05_R18,SR-0246,3,15,false,true,false,3,false,PASS
PUCCH_PHASE05_R18,SR-0247,4,18,false,false,false,4,false,PASS
PUCCH_PHASE05_R18,SR-0248,1,18,false,true,false,1,false,PASS
PUCCH_PHASE05_R18,SR-0249,2,21,false,false,false,2,false,PASS
PUCCH_PHASE05_R18,SR-0250,3,21,false,true,false,3,false,PASS
PUCCH_PHASE05_R18,SR-0251,4,24,false,false,false,4,false,PASS
PUCCH_PHASE05_R18,SR-0252,1,24,false,true,false,1,false,PASS
PUCCH_PHASE05_R18,SR-0253,2,0,false,false,false,2,false,PASS
PUCCH_PHASE05_R18,SR-0254,3,0,false,true,false,3,false,PASS
PUCCH_PHASE05_R18,SR-0255,4,3,true,false,false,4,false,PASS
PUCCH_PHASE05_R18,SR-0256,1,3,true,true,true,1,false,PASS
PUCCH_PHASE05_R18,SR-0257,2,6,false,false,false,2,false,PASS
PUCCH_PHASE05_R18,SR-0258,3,6,false,true,false,3,false,PASS
PUCCH_PHASE05_R18,SR-0259,4,9,false,false,false,4,false,PASS
PUCCH_PHASE05_R18,SR-0260,1,9,false,true,false,1,false,PASS
PUCCH_PHASE05_R18,SR-0261,2,12,false,false,false,2,false,PASS
PUCCH_PHASE05_R18,SR-0262,3,12,false,true,false,3,false,PASS
PUCCH_PHASE05_R18,SR-0263,4,15,false,false,false,4,false,PASS
PUCCH_PHASE05_R18,SR-0264,1,15,false,true,false,1,false,PASS
PUCCH_PHASE05_R18,SR-0265,2,18,false,false,false,2,false,PASS
PUCCH_PHASE05_R18,SR-0266,3,18,false,true,false,3,false,PASS
PUCCH_PHASE05_R18,SR-0267,4,21,false,false,false,4,false,PASS
PUCCH_PHASE05_R18,SR-0268,1,21,false,true,false,1,false,PASS
PUCCH_PHASE05_R18,SR-0269,2,24,false,false,false,2,false,PASS
PUCCH_PHASE05_R18,SR-0270,3,24,false,true,false,3,false,PASS
PUCCH_PHASE05_R18,SR-0271,4,0,true,false,false,4,false,PASS
PUCCH_PHASE05_R18,SR-0272,1,0,true,true,true,1,false,PASS
PUCCH_PHASE05_R18,SR-0273,2,3,false,false,false,2,false,PASS
PUCCH_PHASE05_R18,SR-0274,3,3,false,true,false,3,false,PASS
PUCCH_PHASE05_R18,SR-0275,4,6,false,false,false,4,false,PASS
PUCCH_PHASE05_R18,SR-0276,1,6,false,true,false,1,false,PASS
PUCCH_PHASE05_R18,SR-0277,2,9,false,false,false,2,false,PASS
PUCCH_PHASE05_R18,SR-0278,3,9,false,true,false,3,false,PASS
PUCCH_PHASE05_R18,SR-0279,4,12,false,false,false,4,false,PASS
PUCCH_PHASE05_R18,SR-0280,1,12,false,true,false,1,false,PASS
PUCCH_PHASE05_R18,SR-0281,2,15,false,false,false,2,false,PASS
PUCCH_PHASE05_R18,SR-0282,3,15,false,true,false,3,false,PASS
PUCCH_PHASE05_R18,SR-0283,4,18,false,false,false,4,false,PASS
PUCCH_PHASE05_R18,SR-0284,1,18,false,true,false,1,false,PASS
PUCCH_PHASE05_R18,SR-0285,2,21,false,false,false,2,false,PASS
PUCCH_PHASE05_R18,SR-0286,3,21,false,true,false,3,false,PASS
PUCCH_PHASE05_R18,SR-0287,4,24,false,false,false,4,false,PASS
PUCCH_PHASE05_R18,SR-0288,1,24,false,true,false,1,false,PASS
PUCCH_PHASE05_R18,SR-0289,2,0,false,false,false,2,false,PASS
PUCCH_PHASE05_R18,SR-0290,3,0,false,true,false,3,false,PASS
PUCCH_PHASE05_R18,SR-0291,4,3,false,false,false,4,false,PASS
PUCCH_PHASE05_R18,SR-0292,1,3,false,true,false,1,false,PASS
PUCCH_PHASE05_R18,SR-0293,2,6,false,false,false,2,false,PASS
PUCCH_PHASE05_R18,SR-0294,3,6,false,true,false,3,false,PASS
PUCCH_PHASE05_R18,SR-0295,4,9,false,false,false,4,false,PASS
PUCCH_PHASE05_R18,SR-0296,1,9,false,true,false,1,false,PASS
PUCCH_PHASE05_R18,SR-0297,2,12,false,false,false,2,false,PASS
PUCCH_PHASE05_R18,SR-0298,3,12,false,true,false,3,false,PASS
PUCCH_PHASE05_R18,SR-0299,4,15,false,false,false,4,false,PASS
PUCCH_PHASE05_R18,SR-0300,1,15,false,true,false,1,false,PASS
PUCCH_PHASE05_R18,SR-0301,2,18,false,false,false,2,false,PASS
PUCCH_PHASE05_R18,SR-0302,3,18,false,true,false,3,false,PASS
PUCCH_PHASE05_R18,SR-0303,4,21,true,false,false,4,false,PASS
PUCCH_PHASE05_R18,SR-0304,1,21,true,true,true,1,false,PASS
PUCCH_PHASE05_R18,SR-0305,2,24,false,false,false,2,false,PASS
PUCCH_PHASE05_R18,SR-0306,3,24,false,true,false,3,false,PASS
PUCCH_PHASE05_R18,SR-0307,4,0,false,false,false,4,false,PASS
PUCCH_PHASE05_R18,SR-0308,1,0,false,true,false,1,false,PASS
PUCCH_PHASE05_R18,SR-0309,2,3,false,false,false,2,false,PASS
PUCCH_PHASE05_R18,SR-0310,3,3,false,true,false,3,false,PASS
PUCCH_PHASE05_R18,SR-0311,4,6,false,false,false,4,false,PASS
PUCCH_PHASE05_R18,SR-0312,1,6,false,true,false,1,false,PASS
PUCCH_PHASE05_R18,SR-0313,2,9,false,false,false,2,false,PASS
PUCCH_PHASE05_R18,SR-0314,3,9,false,true,false,3,false,PASS
PUCCH_PHASE05_R18,SR-0315,4,12,false,false,false,4,false,PASS
PUCCH_PHASE05_R18,SR-0316,1,12,false,true,false,1,false,PASS
PUCCH_PHASE05_R18,SR-0317,2,15,false,false,false,2,false,PASS
PUCCH_PHASE05_R18,SR-0318,3,15,false,true,false,3,false,PASS
PUCCH_PHASE05_R18,SR-0319,4,18,false,false,false,4,false,PASS
PUCCH_PHASE05_R18,SR-0320,1,18,false,true,false,1,false,PASS
PUCCH_PHASE05_R18,SR-0321,2,21,false,false,false,2,false,PASS
PUCCH_PHASE05_R18,SR-0322,3,21,false,true,false,3,false,PASS
PUCCH_PHASE05_R18,SR-0323,4,24,false,false,false,4,false,PASS
PUCCH_PHASE05_R18,SR-0324,1,24,false,true,false,1,false,PASS
PUCCH_PHASE05_R18,SR-0325,2,0,false,false,false,2,false,PASS
PUCCH_PHASE05_R18,SR-0326,3,0,false,true,false,3,false,PASS
PUCCH_PHASE05_R18,SR-0327,4,3,true,false,false,4,false,PASS
PUCCH_PHASE05_R18,SR-0328,1,3,true,true,true,1,false,PASS
PUCCH_PHASE05_R18,SR-0329,2,6,false,false,false,2,false,PASS
PUCCH_PHASE05_R18,SR-0330,3,6,false,true,false,3,false,PASS
PUCCH_PHASE05_R18,SR-0331,4,9,false,false,false,4,false,PASS
PUCCH_PHASE05_R18,SR-0332,1,9,false,true,false,1,false,PASS
PUCCH_PHASE05_R18,SR-0333,2,12,false,false,false,2,false,PASS
PUCCH_PHASE05_R18,SR-0334,3,12,false,true,false,3,false,PASS
PUCCH_PHASE05_R18,SR-0335,4,15,false,false,false,4,false,PASS
PUCCH_PHASE05_R18,SR-0336,1,15,false,true,false,1,false,PASS
PUCCH_PHASE05_R18,SR-0337,2,18,false,false,false,2,false,PASS
PUCCH_PHASE05_R18,SR-0338,3,18,false,true,false,3,false,PASS
PUCCH_PHASE05_R18,SR-0339,4,21,false,false,false,4,false,PASS
PUCCH_PHASE05_R18,SR-0340,1,21,false,true,false,1,false,PASS
PUCCH_PHASE05_R18,SR-0341,2,24,false,false,false,2,false,PASS
PUCCH_PHASE05_R18,SR-0342,3,24,false,true,false,3,false,PASS
PUCCH_PHASE05_R18,SR-0343,4,0,true,false,false,4,false,PASS
PUCCH_PHASE05_R18,SR-0344,1,0,true,true,true,1,false,PASS
PUCCH_PHASE05_R18,SR-0345,2,3,false,false,false,2,false,PASS
PUCCH_PHASE05_R18,SR-0346,3,3,false,true,false,3,false,PASS
PUCCH_PHASE05_R18,SR-0347,4,6,false,false,false,4,false,PASS
PUCCH_PHASE05_R18,SR-0348,1,6,false,true,false,1,false,PASS
PUCCH_PHASE05_R18,SR-0349,2,9,false,false,false,2,false,PASS
PUCCH_PHASE05_R18,SR-0350,3,9,false,true,false,3,false,PASS
PUCCH_PHASE05_R18,SR-0351,4,12,false,false,false,4,false,PASS
PUCCH_PHASE05_R18,SR-0352,1,12,false,true,false,1,false,PASS
PUCCH_PHASE05_R18,SR-0353,2,15,false,false,false,2,false,PASS
PUCCH_PHASE05_R18,SR-0354,3,15,false,true,false,3,false,PASS
PUCCH_PHASE05_R18,SR-0355,4,18,false,false,false,4,false,PASS
PUCCH_PHASE05_R18,SR-0356,1,18,false,true,false,1,false,PASS
PUCCH_PHASE05_R18,SR-0357,2,21,false,false,false,2,false,PASS
PUCCH_PHASE05_R18,SR-0358,3,21,false,true,false,3,false,PASS
PUCCH_PHASE05_R18,SR-0359,4,24,false,false,false,4,false,PASS
PUCCH_PHASE05_R18,SR-0360,1,24,false,true,false,1,false,PASS
PUCCH_PHASE05_R18,SR-0361,2,0,false,false,false,2,false,PASS
PUCCH_PHASE05_R18,SR-0362,3,0,false,true,false,3,false,PASS
PUCCH_PHASE05_R18,SR-0363,4,3,false,false,false,4,false,PASS
PUCCH_PHASE05_R18,SR-0364,1,3,false,true,false,1,false,PASS
PUCCH_PHASE05_R18,SR-0365,2,6,false,false,false,2,false,PASS
PUCCH_PHASE05_R18,SR-0366,3,6,false,true,false,3,false,PASS
PUCCH_PHASE05_R18,SR-0367,4,9,false,false,false,4,false,PASS
PUCCH_PHASE05_R18,SR-0368,1,9,false,true,false,1,false,PASS
PUCCH_PHASE05_R18,SR-0369,2,12,false,false,false,2,false,PASS
PUCCH_PHASE05_R18,SR-0370,3,12,false,true,false,3,false,PASS
PUCCH_PHASE05_R18,SR-0371,4,15,false,false,false,4,false,PASS
PUCCH_PHASE05_R18,SR-0372,1,15,false,true,false,1,false,PASS
PUCCH_PHASE05_R18,SR-0373,2,18,false,false,false,2,false,PASS
PUCCH_PHASE05_R18,SR-0374,3,18,false,true,false,3,false,PASS
PUCCH_PHASE05_R18,SR-0375,4,21,false,false,false,4,false,PASS
PUCCH_PHASE05_R18,SR-0376,1,21,false,true,false,1,false,PASS
PUCCH_PHASE05_R18,SR-0377,2,24,false,false,false,2,false,PASS
PUCCH_PHASE05_R18,SR-0378,3,24,false,true,false,3,false,PASS
PUCCH_PHASE05_R18,SR-0379,4,0,false,false,false,4,false,PASS
PUCCH_PHASE05_R18,SR-0380,1,0,false,true,false,1,false,PASS
PUCCH_PHASE05_R18,SR-0381,2,3,false,false,false,2,false,PASS
PUCCH_PHASE05_R18,SR-0382,3,3,false,true,false,3,false,PASS
PUCCH_PHASE05_R18,SR-0383,4,6,false,false,false,4,false,PASS
PUCCH_PHASE05_R18,SR-0384,1,6,false,true,false,1,false,PASS
PUCCH_PHASE05_R18,SR-0385,2,9,false,false,false,2,false,PASS
PUCCH_PHASE05_R18,SR-0386,3,9,false,true,false,3,false,PASS
PUCCH_PHASE05_R18,SR-0387,4,12,false,false,false,4,false,PASS
PUCCH_PHASE05_R18,SR-0388,1,12,false,true,false,1,false,PASS
PUCCH_PHASE05_R18,SR-0389,2,15,false,false,false,2,false,PASS
PUCCH_PHASE05_R18,SR-0390,3,15,false,true,false,3,false,PASS
PUCCH_PHASE05_R18,SR-0391,4,18,false,false,false,4,false,PASS
PUCCH_PHASE05_R18,SR-0392,1,18,false,true,false,1,false,PASS
PUCCH_PHASE05_R18,SR-0393,2,21,false,false,false,2,false,PASS
PUCCH_PHASE05_R18,SR-0394,3,21,false,true,false,3,false,PASS
PUCCH_PHASE05_R18,SR-0395,4,24,false,false,false,4,false,PASS
PUCCH_PHASE05_R18,SR-0396,1,24,false,true,false,1,false,PASS
PUCCH_PHASE05_R18,SR-0397,2,0,false,false,false,2,false,PASS
PUCCH_PHASE05_R18,SR-0398,3,0,false,true,false,3,false,PASS
PUCCH_PHASE05_R18,SR-0399,4,3,true,false,false,4,false,PASS
PUCCH_PHASE05_R18,SR-0400,1,3,true,true,true,1,false,PASS
PUCCH_PHASE05_R18,SR-0401,2,6,false,false,false,2,false,PASS
PUCCH_PHASE05_R18,SR-0402,3,6,false,true,false,3,false,PASS
PUCCH_PHASE05_R18,SR-0403,4,9,false,false,false,4,false,PASS
PUCCH_PHASE05_R18,SR-0404,1,9,false,true,false,1,false,PASS
PUCCH_PHASE05_R18,SR-0405,2,12,false,false,false,2,false,PASS
PUCCH_PHASE05_R18,SR-0406,3,12,false,true,false,3,false,PASS
PUCCH_PHASE05_R18,SR-0407,4,15,false,false,false,4,false,PASS
PUCCH_PHASE05_R18,SR-0408,1,15,false,true,false,1,false,PASS
PUCCH_PHASE05_R18,SR-0409,2,18,false,false,false,2,false,PASS
PUCCH_PHASE05_R18,SR-0410,3,18,false,true,false,3,false,PASS
PUCCH_PHASE05_R18,SR-0411,4,21,false,false,false,4,false,PASS
PUCCH_PHASE05_R18,SR-0412,1,21,false,true,false,1,false,PASS
PUCCH_PHASE05_R18,SR-0413,2,24,false,false,false,2,false,PASS
PUCCH_PHASE05_R18,SR-0414,3,24,false,true,false,3,false,PASS
