RunID,ExperimentID,FamilyID,PairID,Variant,WorkItem,Title,SourceCSV,SourceRowKey,SourceCSV_SHA256,Metric,Aggregation,ObservedValue,SourceRows,SourceRowsPass,TypedError,ExecutionBackend,ApproximationMode,TruthQualified,Status
frame_grid_impact_20260726T132620Z,FG-F01-E01,F01,FG-F01,baseline,1,Numerology and cyclic prefix,frame_numerology_matrix.csv,NUM-N-00,c6c1eadae1c2e43adbb8c9096eb12a132c2091d23bd65c1f1e00bdc6e2872dbf,ResolvedSlotsPerFrame,value_quantile,10,1,true,,verified_production_frame_grid_artifacts,comparative_component_campaign_not_waveform_truth,false,PASS
frame_grid_impact_20260726T132620Z,FG-F01-E02,F01,FG-F01,treatment,1,Numerology and cyclic prefix,frame_numerology_matrix.csv,NUM-E-02,c6c1eadae1c2e43adbb8c9096eb12a132c2091d23bd65c1f1e00bdc6e2872dbf,ResolvedSlotsPerFrame,value_quantile,40,1,true,,verified_production_frame_grid_artifacts,comparative_component_campaign_not_waveform_truth,false,PASS
frame_grid_impact_20260726T132620Z,FG-F01-E03,F01,FG-F01,stress,1,Numerology and cyclic prefix,frame_numerology_matrix.csv,NUM-N-06,c6c1eadae1c2e43adbb8c9096eb12a132c2091d23bd65c1f1e00bdc6e2872dbf,ResolvedSlotsPerFrame,value_quantile,640,1,true,,verified_production_frame_grid_artifacts,comparative_component_campaign_not_waveform_truth,false,PASS
frame_grid_impact_20260726T132620Z,FG-F02-E01,F02,FG-F02,baseline,2,Frequency range and transmission bandwidth,carrier_grid_matrix.csv,GRID-FR1-030-0005,3b8f7042e8624bf537965eaa31e49153fa78fe72ff75a192ac098e8e83d620d4,ResolvedNRB,value_quantile,11,1,true,,verified_production_frame_grid_artifacts,comparative_component_campaign_not_waveform_truth,false,PASS
frame_grid_impact_20260726T132620Z,FG-F02-E02,F02,FG-F02,treatment,2,Frequency range and transmission bandwidth,carrier_grid_matrix.csv,GRID-FR1-030-0035,3b8f7042e8624bf537965eaa31e49153fa78fe72ff75a192ac098e8e83d620d4,ResolvedNRB,value_quantile,92,1,true,,verified_production_frame_grid_artifacts,comparative_component_campaign_not_waveform_truth,false,PASS
frame_grid_impact_20260726T132620Z,FG-F02-E03,F02,FG-F02,stress,2,Frequency range and transmission bandwidth,carrier_grid_matrix.csv,GRID-FR1-030-0100,3b8f7042e8624bf537965eaa31e49153fa78fe72ff75a192ac098e8e83d620d4,ResolvedNRB,value_quantile,273,1,true,,verified_production_frame_grid_artifacts,comparative_component_campaign_not_waveform_truth,false,PASS
frame_grid_impact_20260726T132620Z,FG-F03-E01,F03,FG-F03,baseline,3,Validated OFDM sampling policy,ofdm_roundtrip.csv,GRID-FR1-015-0003,55fe64ad90def601ad1c29ef3140386681842de8c3e6c83005607ddb95567318,Nfft,value_quantile,256,1,true,,verified_production_frame_grid_artifacts,comparative_component_campaign_not_waveform_truth,false,PASS
frame_grid_impact_20260726T132620Z,FG-F03-E02,F03,FG-F03,treatment,3,Validated OFDM sampling policy,ofdm_roundtrip.csv,GRID-FR1-030-0030,55fe64ad90def601ad1c29ef3140386681842de8c3e6c83005607ddb95567318,Nfft,value_quantile,2048,1,true,,verified_production_frame_grid_artifacts,comparative_component_campaign_not_waveform_truth,false,PASS
frame_grid_impact_20260726T132620Z,FG-F03-E03,F03,FG-F03,stress,3,Validated OFDM sampling policy,ofdm_roundtrip.csv,GRID-FR22-960-2000,55fe64ad90def601ad1c29ef3140386681842de8c3e6c83005607ddb95567318,Nfft,value_quantile,4096,1,true,,verified_production_frame_grid_artifacts,comparative_component_campaign_not_waveform_truth,false,PASS
frame_grid_impact_20260726T132620Z,FG-F04-E01,F04,FG-F04,baseline,4,TDD common symbol ownership,slot_symbol_ownership.csv,TDD-004,6d43ff5854eb76558a5f18a682956e3fbce759fc976dcb8511ef1db732af8539,ResolvedDirection,direction_dl_fraction,0,14,true,,verified_production_frame_grid_artifacts,comparative_component_campaign_not_waveform_truth,false,PASS
frame_grid_impact_20260726T132620Z,FG-F04-E02,F04,FG-F04,treatment,4,TDD common symbol ownership,slot_symbol_ownership.csv,TDD-013,6d43ff5854eb76558a5f18a682956e3fbce759fc976dcb8511ef1db732af8539,ResolvedDirection,direction_dl_fraction,0.32857,280,true,,verified_production_frame_grid_artifacts,comparative_component_campaign_not_waveform_truth,false,PASS
frame_grid_impact_20260726T132620Z,FG-F04-E03,F04,FG-F04,stress,4,TDD common symbol ownership,slot_symbol_ownership.csv,TDD-003,6d43ff5854eb76558a5f18a682956e3fbce759fc976dcb8511ef1db732af8539,ResolvedDirection,direction_dl_fraction,1,14,true,,verified_production_frame_grid_artifacts,comparative_component_campaign_not_waveform_truth,false,PASS
frame_grid_impact_20260726T132620Z,FG-F05-E01,F05,FG-F05,baseline,5,TDD dedicated and flexible symbols,slot_symbol_ownership.csv,TDD-001,6d43ff5854eb76558a5f18a682956e3fbce759fc976dcb8511ef1db732af8539,ResolutionSource,dedicated_override_fraction,0,140,true,,verified_production_frame_grid_artifacts,comparative_component_campaign_not_waveform_truth,false,PASS
frame_grid_impact_20260726T132620Z,FG-F05-E02,F05,FG-F05,treatment,5,TDD dedicated and flexible symbols,slot_symbol_ownership.csv,TDD-002,6d43ff5854eb76558a5f18a682956e3fbce759fc976dcb8511ef1db732af8539,ResolutionSource,dedicated_override_fraction,0.057143,140,true,,verified_production_frame_grid_artifacts,comparative_component_campaign_not_waveform_truth,false,PASS
frame_grid_impact_20260726T132620Z,FG-F05-E03,F05,FG-F05,stress,5,TDD dedicated and flexible symbols,slot_symbol_ownership.csv,TDD-005,6d43ff5854eb76558a5f18a682956e3fbce759fc976dcb8511ef1db732af8539,ResolutionSource,dedicated_override_fraction,1,14,true,,verified_production_frame_grid_artifacts,comparative_component_campaign_not_waveform_truth,false,PASS
frame_grid_impact_20260726T132620Z,FG-F06-E01,F06,FG-F06,baseline,6,Explicit FDD carrier contexts,fdd_grid_trace.csv,FDD-DL-00-00-000,40a4a1bb3f65f583eb72b77972fef71c5ffb8c7c9e6bb2d5c455557c67e83675,NumRB,value_quantile,1,1,true,separate_dl_grid,verified_production_frame_grid_artifacts,comparative_component_campaign_not_waveform_truth,false,PASS
frame_grid_impact_20260726T132620Z,FG-F06-E02,F06,FG-F06,treatment,6,Explicit FDD carrier contexts,fdd_grid_trace.csv,FDD-DL-01-07-005,40a4a1bb3f65f583eb72b77972fef71c5ffb8c7c9e6bb2d5c455557c67e83675,NumRB,value_quantile,1,1,true,separate_dl_grid,verified_production_frame_grid_artifacts,comparative_component_campaign_not_waveform_truth,false,PASS
frame_grid_impact_20260726T132620Z,FG-F06-E03,F06,FG-F06,stress,6,Explicit FDD carrier contexts,fdd_grid_trace.csv,FDD-UL-01-07-005,40a4a1bb3f65f583eb72b77972fef71c5ffb8c7c9e6bb2d5c455557c67e83675,NumRB,value_quantile,1,1,true,separate_ul_grid,verified_production_frame_grid_artifacts,comparative_component_campaign_not_waveform_truth,false,PASS
frame_grid_impact_20260726T132620Z,FG-F07-E01,F07,FG-F07,baseline,7,Separated control and data allocation,allocation_legality.csv,ALLOC-003,30309dbbc74889c23fa9fc4bc1238cd57d0c5fabfcfc2a08032e43f7416f8e22,ActualValid,valid_fraction,0,1,true,flexible_symbols_unresolved,verified_production_frame_grid_artifacts,comparative_component_campaign_not_waveform_truth,false,PASS
frame_grid_impact_20260726T132620Z,FG-F07-E02,F07,FG-F07,treatment,7,Separated control and data allocation,allocation_legality.csv,ALLOC-001,30309dbbc74889c23fa9fc4bc1238cd57d0c5fabfcfc2a08032e43f7416f8e22,ActualValid,valid_fraction,1,1,true,fixed_dl_symbols,verified_production_frame_grid_artifacts,comparative_component_campaign_not_waveform_truth,false,PASS
frame_grid_impact_20260726T132620Z,FG-F07-E03,F07,FG-F07,stress,7,Separated control and data allocation,allocation_legality.csv,ALLOC-014,30309dbbc74889c23fa9fc4bc1238cd57d0c5fabfcfc2a08032e43f7416f8e22,ActualValid,valid_fraction,1,1,true,preserve_explicit_full_slot_pusch,verified_production_frame_grid_artifacts,comparative_component_campaign_not_waveform_truth,false,PASS
frame_grid_impact_20260726T132620Z,FG-F08-E01,F08,FG-F08,baseline,8,Exact SSB timing,ssb_timing_matrix.csv,SSB-A-00,64f1d2db10807b8be3897e18155e386f4ac930c46cfa0c282c71f97777bd6149,StartSymbol,value_quantile,2,1,true,ssb_case_candidate_resolved,verified_production_frame_grid_artifacts,comparative_component_campaign_not_waveform_truth,false,PASS
frame_grid_impact_20260726T132620Z,FG-F08-E02,F08,FG-F08,treatment,8,Exact SSB timing,ssb_timing_matrix.csv,SSB-D-26,64f1d2db10807b8be3897e18155e386f4ac930c46cfa0c282c71f97777bd6149,StartSymbol,value_quantile,212,1,true,ssb_case_candidate_resolved,verified_production_frame_grid_artifacts,comparative_component_campaign_not_waveform_truth,false,PASS
frame_grid_impact_20260726T132620Z,FG-F08-E03,F08,FG-F08,stress,8,Exact SSB timing,ssb_timing_matrix.csv,SSB-D-63,64f1d2db10807b8be3897e18155e386f4ac930c46cfa0c282c71f97777bd6149,StartSymbol,value_quantile,524,1,true,ssb_case_candidate_resolved,verified_production_frame_grid_artifacts,comparative_component_campaign_not_waveform_truth,false,PASS
frame_grid_impact_20260726T132620Z,FG-F09-E01,F09,FG-F09,baseline,9,Exact PRACH occasions,prach_occasion_matrix.csv,PRACH-FR1-TDD-SHORT-0000,43a2c3b02eb6e5bc8f5e5086d35b154761d5ef47ee1d30bfbe2b1582e2a5239b,AbsoluteSlot,value_quantile,0,1,true,not_applicable_or_ul_available,verified_production_frame_grid_artifacts,comparative_component_campaign_not_waveform_truth,false,PASS
frame_grid_impact_20260726T132620Z,FG-F09-E02,F09,FG-F09,treatment,9,Exact PRACH occasions,prach_occasion_matrix.csv,PRACH-FR1-FDD-SHORT-0006,43a2c3b02eb6e5bc8f5e5086d35b154761d5ef47ee1d30bfbe2b1582e2a5239b,AbsoluteSlot,value_quantile,9,1,true,not_applicable_or_ul_available,verified_production_frame_grid_artifacts,comparative_component_campaign_not_waveform_truth,false,PASS
frame_grid_impact_20260726T132620Z,FG-F09-E03,F09,FG-F09,stress,9,Exact PRACH occasions,prach_occasion_matrix.csv,PRACH-FR1-TDD-SHORT-0019,43a2c3b02eb6e5bc8f5e5086d35b154761d5ef47ee1d30bfbe2b1582e2a5239b,AbsoluteSlot,value_quantile,19,1,true,not_applicable_or_ul_available,verified_production_frame_grid_artifacts,comparative_component_campaign_not_waveform_truth,false,PASS
frame_grid_impact_20260726T132620Z,FG-F10-E01,F10,FG-F10,baseline,10,Zero implicit OFDM windowing,ofdm_roundtrip.csv,GRID-FR1-060-0010,55fe64ad90def601ad1c29ef3140386681842de8c3e6c83005607ddb95567318,EVMPercent,value_quantile,1.7497e-14,1,true,,verified_production_frame_grid_artifacts,comparative_component_campaign_not_waveform_truth,false,PASS
frame_grid_impact_20260726T132620Z,FG-F10-E02,F10,FG-F10,treatment,10,Zero implicit OFDM windowing,ofdm_roundtrip.csv,GRID-FR1-030-0070,55fe64ad90def601ad1c29ef3140386681842de8c3e6c83005607ddb95567318,EVMPercent,value_quantile,2.22e-14,1,true,,verified_production_frame_grid_artifacts,comparative_component_campaign_not_waveform_truth,false,PASS
frame_grid_impact_20260726T132620Z,FG-F10-E03,F10,FG-F10,stress,10,Zero implicit OFDM windowing,ofdm_roundtrip.csv,GRID-FR1-015-0045,55fe64ad90def601ad1c29ef3140386681842de8c3e6c83005607ddb95567318,EVMPercent,value_quantile,2.7941e-14,1,true,,verified_production_frame_grid_artifacts,comparative_component_campaign_not_waveform_truth,false,PASS
frame_grid_impact_20260726T132620Z,FG-F11-E01,F11,FG-F11,baseline,11,Canonical multi-BWP operation,bwp_switch_trace.csv,BWP-HISTORY-001,96a00d10525e8772c3c8d43852c2774f8825dafb576ff04c21f830530010870a,AbsSlot,value_quantile,0,1,true,initial_active_bwp,verified_production_frame_grid_artifacts,comparative_component_campaign_not_waveform_truth,false,PASS
frame_grid_impact_20260726T132620Z,FG-F11-E02,F11,FG-F11,treatment,11,Canonical multi-BWP operation,bwp_switch_trace.csv,BWP-GRANT-02,96a00d10525e8772c3c8d43852c2774f8825dafb576ff04c21f830530010870a,AbsSlot,value_quantile,2,1,true,inactive_bwp,verified_production_frame_grid_artifacts,comparative_component_campaign_not_waveform_truth,false,PASS
frame_grid_impact_20260726T132620Z,FG-F11-E03,F11,FG-F11,stress,11,Canonical multi-BWP operation,bwp_switch_trace.csv,BWP-UL-SNAPSHOT,96a00d10525e8772c3c8d43852c2774f8825dafb576ff04c21f830530010870a,AbsSlot,value_quantile,5,1,true,ul_bwp_unchanged_by_dl_switch,verified_production_frame_grid_artifacts,comparative_component_campaign_not_waveform_truth,false,PASS
frame_grid_impact_20260726T132620Z,FG-F12-E01,F12,FG-F12,baseline,12,Component carrier and absolute timing,component_carrier_trace.csv,CC1-UL-RESOURCE,1cc1b07d2021378a96bc738af69ab4f5c3e7248baf23e9aa39a878e9d984ebf8,NumRB,value_quantile,24,1,true,timing_relation_valid,verified_production_frame_grid_artifacts,comparative_component_campaign_not_waveform_truth,false,PASS
frame_grid_impact_20260726T132620Z,FG-F12-E02,F12,FG-F12,treatment,12,Component carrier and absolute timing,component_carrier_trace.csv,CC-WRONG-INDICATOR,1cc1b07d2021378a96bc738af69ab4f5c3e7248baf23e9aa39a878e9d984ebf8,NumRB,value_quantile,24,1,true,carrier_indicator_target_mismatch,verified_production_frame_grid_artifacts,comparative_component_campaign_not_waveform_truth,false,PASS
frame_grid_impact_20260726T132620Z,FG-F12-E03,F12,FG-F12,stress,12,Component carrier and absolute timing,component_carrier_trace.csv,CC0-DL-RESOURCE,1cc1b07d2021378a96bc738af69ab4f5c3e7248baf23e9aa39a878e9d984ebf8,NumRB,value_quantile,64,1,true,timing_relation_valid,verified_production_frame_grid_artifacts,comparative_component_campaign_not_waveform_truth,false,PASS
