run_id,chart_name,direction,ue_rank,throughput_mbps,jain_fairness_index,source_table_logical_path
1,fairness index trend,DL,1,1.02933333333333,0.5179647688274658,reports/csv/live_user_performance_snapshot.csv
1,fairness index trend,DL,2,1.02933333333333,0.5179647688274658,reports/csv/live_user_performance_snapshot.csv
1,fairness index trend,DL,3,1.12533333333333,0.5179647688274658,reports/csv/live_user_performance_snapshot.csv
1,fairness index trend,DL,4,1.232,0.5179647688274658,reports/csv/live_user_performance_snapshot.csv
1,fairness index trend,DL,5,1.34933333333333,0.5179647688274658,reports/csv/live_user_performance_snapshot.csv
1,fairness index trend,DL,6,1.34933333333333,0.5179647688274658,reports/csv/live_user_performance_snapshot.csv
1,fairness index trend,DL,7,1.34933333333333,0.5179647688274658,reports/csv/live_user_performance_snapshot.csv
1,fairness index trend,DL,8,1.47733333333333,0.5179647688274658,reports/csv/live_user_performance_snapshot.csv
1,fairness index trend,DL,9,1.47733333333333,0.5179647688274658,reports/csv/live_user_performance_snapshot.csv
1,fairness index trend,DL,10,1.47733333333333,0.5179647688274658,reports/csv/live_user_performance_snapshot.csv
1,fairness index trend,DL,11,1.648,0.5179647688274658,reports/csv/live_user_performance_snapshot.csv
1,fairness index trend,DL,12,1.68533333333333,0.5179647688274658,reports/csv/live_user_performance_snapshot.csv
1,fairness index trend,DL,13,1.84,0.5179647688274658,reports/csv/live_user_performance_snapshot.csv
1,fairness index trend,DL,14,2.05866666666667,0.5179647688274658,reports/csv/live_user_performance_snapshot.csv
1,fairness index trend,DL,15,2.05866666666667,0.5179647688274658,reports/csv/live_user_performance_snapshot.csv
1,fairness index trend,DL,16,2.05866666666667,0.5179647688274658,reports/csv/live_user_performance_snapshot.csv
1,fairness index trend,DL,17,2.05866666666667,0.5179647688274658,reports/csv/live_user_performance_snapshot.csv
1,fairness index trend,DL,18,2.22933333333333,0.5179647688274658,reports/csv/live_user_performance_snapshot.csv
1,fairness index trend,DL,19,2.26133333333333,0.5179647688274658,reports/csv/live_user_performance_snapshot.csv
1,fairness index trend,DL,20,2.26133333333333,0.5179647688274658,reports/csv/live_user_performance_snapshot.csv
1,fairness index trend,DL,21,2.26133333333333,0.5179647688274658,reports/csv/live_user_performance_snapshot.csv
1,fairness index trend,DL,22,2.34666666666667,0.5179647688274658,reports/csv/live_user_performance_snapshot.csv
1,fairness index trend,DL,23,2.42133333333333,0.5179647688274658,reports/csv/live_user_performance_snapshot.csv
1,fairness index trend,DL,24,2.69866666666667,0.5179647688274658,reports/csv/live_user_performance_snapshot.csv
1,fairness index trend,DL,25,2.69866666666667,0.5179647688274658,reports/csv/live_user_performance_snapshot.csv
1,fairness index trend,DL,26,2.69866666666667,0.5179647688274658,reports/csv/live_user_performance_snapshot.csv
1,fairness index trend,DL,27,2.69866666666667,0.5179647688274658,reports/csv/live_user_performance_snapshot.csv
1,fairness index trend,DL,28,2.69866666666667,0.5179647688274658,reports/csv/live_user_performance_snapshot.csv
1,fairness index trend,DL,29,2.95466666666667,0.5179647688274658,reports/csv/live_user_performance_snapshot.csv
1,fairness index trend,DL,30,2.95466666666667,0.5179647688274658,reports/csv/live_user_performance_snapshot.csv
1,fairness index trend,DL,31,3.03466666666667,0.5179647688274658,reports/csv/live_user_performance_snapshot.csv
1,fairness index trend,DL,32,3.03466666666667,0.5179647688274658,reports/csv/live_user_performance_snapshot.csv
1,fairness index trend,DL,33,3.03466666666667,0.5179647688274658,reports/csv/live_user_performance_snapshot.csv
1,fairness index trend,DL,34,3.03466666666667,0.5179647688274658,reports/csv/live_user_performance_snapshot.csv
1,fairness index trend,DL,35,3.03466666666667,0.5179647688274658,reports/csv/live_user_performance_snapshot.csv
1,fairness index trend,DL,36,3.03466666666667,0.5179647688274658,reports/csv/live_user_performance_snapshot.csv
1,fairness index trend,DL,37,3.21066666666667,0.5179647688274658,reports/csv/live_user_performance_snapshot.csv
1,fairness index trend,DL,38,3.24266666666667,0.5179647688274658,reports/csv/live_user_performance_snapshot.csv
1,fairness index trend,DL,39,3.24266666666667,0.5179647688274658,reports/csv/live_user_performance_snapshot.csv
1,fairness index trend,DL,40,3.29066666666667,0.5179647688274658,reports/csv/live_user_performance_snapshot.csv
1,fairness index trend,DL,41,3.296,0.5179647688274658,reports/csv/live_user_performance_snapshot.csv
1,fairness index trend,DL,42,3.296,0.5179647688274658,reports/csv/live_user_performance_snapshot.csv
1,fairness index trend,DL,43,3.296,0.5179647688274658,reports/csv/live_user_performance_snapshot.csv
1,fairness index trend,DL,44,3.68,0.5179647688274658,reports/csv/live_user_performance_snapshot.csv
1,fairness index trend,DL,45,3.68,0.5179647688274658,reports/csv/live_user_performance_snapshot.csv
1,fairness index trend,DL,46,4.336,0.5179647688274658,reports/csv/live_user_performance_snapshot.csv
1,fairness index trend,DL,47,5.51466666666667,0.5179647688274658,reports/csv/live_user_performance_snapshot.csv
1,fairness index trend,DL,48,8.45866666666667,0.5179647688274658,reports/csv/live_user_performance_snapshot.csv
1,fairness index trend,DL,49,15.6853333333333,0.5179647688274658,reports/csv/live_user_performance_snapshot.csv
1,fairness index trend,DL,50,18.4693333333333,0.5179647688274658,reports/csv/live_user_performance_snapshot.csv
1,fairness index trend,UL,1,0.0,0.38684994185022875,reports/csv/live_user_performance_snapshot.csv
1,fairness index trend,UL,2,0.0,0.38684994185022875,reports/csv/live_user_performance_snapshot.csv
1,fairness index trend,UL,3,0.0,0.38684994185022875,reports/csv/live_user_performance_snapshot.csv
1,fairness index trend,UL,4,0.0,0.38684994185022875,reports/csv/live_user_performance_snapshot.csv
1,fairness index trend,UL,5,0.0,0.38684994185022875,reports/csv/live_user_performance_snapshot.csv
1,fairness index trend,UL,6,0.0,0.38684994185022875,reports/csv/live_user_performance_snapshot.csv
1,fairness index trend,UL,7,0.0,0.38684994185022875,reports/csv/live_user_performance_snapshot.csv
1,fairness index trend,UL,8,0.0,0.38684994185022875,reports/csv/live_user_performance_snapshot.csv
1,fairness index trend,UL,9,0.0,0.38684994185022875,reports/csv/live_user_performance_snapshot.csv
1,fairness index trend,UL,10,0.0,0.38684994185022875,reports/csv/live_user_performance_snapshot.csv
1,fairness index trend,UL,11,0.0,0.38684994185022875,reports/csv/live_user_performance_snapshot.csv
1,fairness index trend,UL,12,0.0,0.38684994185022875,reports/csv/live_user_performance_snapshot.csv
1,fairness index trend,UL,13,0.0,0.38684994185022875,reports/csv/live_user_performance_snapshot.csv
1,fairness index trend,UL,14,0.0,0.38684994185022875,reports/csv/live_user_performance_snapshot.csv
1,fairness index trend,UL,15,0.0,0.38684994185022875,reports/csv/live_user_performance_snapshot.csv
1,fairness index trend,UL,16,0.0,0.38684994185022875,reports/csv/live_user_performance_snapshot.csv
1,fairness index trend,UL,17,0.0,0.38684994185022875,reports/csv/live_user_performance_snapshot.csv
1,fairness index trend,UL,18,1.064,0.38684994185022875,reports/csv/live_user_performance_snapshot.csv
1,fairness index trend,UL,19,1.064,0.38684994185022875,reports/csv/live_user_performance_snapshot.csv
1,fairness index trend,UL,20,1.064,0.38684994185022875,reports/csv/live_user_performance_snapshot.csv
1,fairness index trend,UL,21,1.256,0.38684994185022875,reports/csv/live_user_performance_snapshot.csv
1,fairness index trend,UL,22,1.256,0.38684994185022875,reports/csv/live_user_performance_snapshot.csv
1,fairness index trend,UL,23,1.48,0.38684994185022875,reports/csv/live_user_performance_snapshot.csv
1,fairness index trend,UL,24,1.48,0.38684994185022875,reports/csv/live_user_performance_snapshot.csv
1,fairness index trend,UL,25,1.48,0.38684994185022875,reports/csv/live_user_performance_snapshot.csv
1,fairness index trend,UL,26,1.48,0.38684994185022875,reports/csv/live_user_performance_snapshot.csv
1,fairness index trend,UL,27,1.48,0.38684994185022875,reports/csv/live_user_performance_snapshot.csv
1,fairness index trend,UL,28,1.48,0.38684994185022875,reports/csv/live_user_performance_snapshot.csv
1,fairness index trend,UL,29,1.672,0.38684994185022875,reports/csv/live_user_performance_snapshot.csv
1,fairness index trend,UL,30,1.672,0.38684994185022875,reports/csv/live_user_performance_snapshot.csv
1,fairness index trend,UL,31,1.672,0.38684994185022875,reports/csv/live_user_performance_snapshot.csv
1,fairness index trend,UL,32,1.672,0.38684994185022875,reports/csv/live_user_performance_snapshot.csv
1,fairness index trend,UL,33,18.488,0.38684994185022875,reports/csv/live_user_performance_snapshot.csv
1,fairness index trend,UL,34,18.488,0.38684994185022875,reports/csv/live_user_performance_snapshot.csv
1,fairness index trend,UL,35,18.488,0.38684994185022875,reports/csv/live_user_performance_snapshot.csv
1,fairness index trend,UL,36,18.488,0.38684994185022875,reports/csv/live_user_performance_snapshot.csv
1,fairness index trend,UL,37,19.096,0.38684994185022875,reports/csv/live_user_performance_snapshot.csv
1,fairness index trend,UL,38,22.76,0.38684994185022875,reports/csv/live_user_performance_snapshot.csv
1,fairness index trend,UL,39,22.76,0.38684994185022875,reports/csv/live_user_performance_snapshot.csv
1,fairness index trend,UL,40,22.76,0.38684994185022875,reports/csv/live_user_performance_snapshot.csv
1,fairness index trend,UL,41,22.76,0.38684994185022875,reports/csv/live_user_performance_snapshot.csv
1,fairness index trend,UL,42,25.552,0.38684994185022875,reports/csv/live_user_performance_snapshot.csv
1,fairness index trend,UL,43,25.552,0.38684994185022875,reports/csv/live_user_performance_snapshot.csv
1,fairness index trend,UL,44,25.552,0.38684994185022875,reports/csv/live_user_performance_snapshot.csv
1,fairness index trend,UL,45,25.552,0.38684994185022875,reports/csv/live_user_performance_snapshot.csv
1,fairness index trend,UL,46,25.552,0.38684994185022875,reports/csv/live_user_performance_snapshot.csv
1,fairness index trend,UL,47,25.552,0.38684994185022875,reports/csv/live_user_performance_snapshot.csv
1,fairness index trend,UL,48,28.816,0.38684994185022875,reports/csv/live_user_performance_snapshot.csv
1,fairness index trend,UL,49,28.816,0.38684994185022875,reports/csv/live_user_performance_snapshot.csv
1,fairness index trend,UL,50,28.816,0.38684994185022875,reports/csv/live_user_performance_snapshot.csv
1,fairness index trend,Combined,1,1.02933333333333,0.49888008529639133,reports/csv/live_user_performance_snapshot.csv
1,fairness index trend,Combined,2,1.232,0.49888008529639133,reports/csv/live_user_performance_snapshot.csv
1,fairness index trend,Combined,3,1.34933333333333,0.49888008529639133,reports/csv/live_user_performance_snapshot.csv
1,fairness index trend,Combined,4,1.34933333333333,0.49888008529639133,reports/csv/live_user_performance_snapshot.csv
1,fairness index trend,Combined,5,1.68533333333333,0.49888008529639133,reports/csv/live_user_performance_snapshot.csv
1,fairness index trend,Combined,6,2.05866666666667,0.49888008529639133,reports/csv/live_user_performance_snapshot.csv
1,fairness index trend,Combined,7,2.05866666666667,0.49888008529639133,reports/csv/live_user_performance_snapshot.csv
1,fairness index trend,Combined,8,2.22933333333333,0.49888008529639133,reports/csv/live_user_performance_snapshot.csv
1,fairness index trend,Combined,9,2.26133333333333,0.49888008529639133,reports/csv/live_user_performance_snapshot.csv
1,fairness index trend,Combined,10,2.34666666666667,0.49888008529639133,reports/csv/live_user_performance_snapshot.csv
1,fairness index trend,Combined,11,2.69866666666667,0.49888008529639133,reports/csv/live_user_performance_snapshot.csv
1,fairness index trend,Combined,12,2.69866666666667,0.49888008529639133,reports/csv/live_user_performance_snapshot.csv
1,fairness index trend,Combined,13,2.73333333333333,0.49888008529639133,reports/csv/live_user_performance_snapshot.csv
1,fairness index trend,Combined,14,2.82933333333333,0.49888008529639133,reports/csv/live_user_performance_snapshot.csv
1,fairness index trend,Combined,15,3.03466666666667,0.49888008529639133,reports/csv/live_user_performance_snapshot.csv
1,fairness index trend,Combined,16,3.03466666666667,0.49888008529639133,reports/csv/live_user_performance_snapshot.csv
1,fairness index trend,Combined,17,3.03466666666667,0.49888008529639133,reports/csv/live_user_performance_snapshot.csv
1,fairness index trend,Combined,18,3.12266666666667,0.49888008529639133,reports/csv/live_user_performance_snapshot.csv
1,fairness index trend,Combined,19,3.24266666666667,0.49888008529639133,reports/csv/live_user_performance_snapshot.csv
1,fairness index trend,Combined,20,3.24266666666667,0.49888008529639133,reports/csv/live_user_performance_snapshot.csv
1,fairness index trend,Combined,21,3.32533333333333,0.49888008529639133,reports/csv/live_user_performance_snapshot.csv
1,fairness index trend,Combined,22,3.512,0.49888008529639133,reports/csv/live_user_performance_snapshot.csv
1,fairness index trend,Combined,23,4.17866666666667,0.49888008529639133,reports/csv/live_user_performance_snapshot.csv
1,fairness index trend,Combined,24,4.17866666666667,0.49888008529639133,reports/csv/live_user_performance_snapshot.csv
1,fairness index trend,Combined,25,4.21066666666667,0.49888008529639133,reports/csv/live_user_performance_snapshot.csv
1,fairness index trend,Combined,26,4.27466666666667,0.49888008529639133,reports/csv/live_user_performance_snapshot.csv
1,fairness index trend,Combined,27,4.51466666666667,0.49888008529639133,reports/csv/live_user_performance_snapshot.csv
1,fairness index trend,Combined,28,4.51466666666667,0.49888008529639133,reports/csv/live_user_performance_snapshot.csv
1,fairness index trend,Combined,29,4.968,0.49888008529639133,reports/csv/live_user_performance_snapshot.csv
1,fairness index trend,Combined,30,5.352,0.49888008529639133,reports/csv/live_user_performance_snapshot.csv
1,fairness index trend,Combined,31,5.352,0.49888008529639133,reports/csv/live_user_performance_snapshot.csv
1,fairness index trend,Combined,32,17.1653333333333,0.49888008529639133,reports/csv/live_user_performance_snapshot.csv
1,fairness index trend,Combined,33,19.5173333333333,0.49888008529639133,reports/csv/live_user_performance_snapshot.csv
1,fairness index trend,Combined,34,19.6133333333333,0.49888008529639133,reports/csv/live_user_performance_snapshot.csv
1,fairness index trend,Combined,35,20.5466666666667,0.49888008529639133,reports/csv/live_user_performance_snapshot.csv
1,fairness index trend,Combined,36,20.7493333333333,0.49888008529639133,reports/csv/live_user_performance_snapshot.csv
1,fairness index trend,Combined,37,22.392,0.49888008529639133,reports/csv/live_user_performance_snapshot.csv
1,fairness index trend,Combined,38,24.2373333333333,0.49888008529639133,reports/csv/live_user_performance_snapshot.csv
1,fairness index trend,Combined,39,24.2373333333333,0.49888008529639133,reports/csv/live_user_performance_snapshot.csv
1,fairness index trend,Combined,40,25.7146666666667,0.49888008529639133,reports/csv/live_user_performance_snapshot.csv
1,fairness index trend,Combined,41,27.9733333333333,0.49888008529639133,reports/csv/live_user_performance_snapshot.csv
1,fairness index trend,Combined,42,28.2506666666667,0.49888008529639133,reports/csv/live_user_performance_snapshot.csv
1,fairness index trend,Combined,43,28.5866666666667,0.49888008529639133,reports/csv/live_user_performance_snapshot.csv
1,fairness index trend,Combined,44,28.8426666666667,0.49888008529639133,reports/csv/live_user_performance_snapshot.csv
1,fairness index trend,Combined,45,30.464,0.49888008529639133,reports/csv/live_user_performance_snapshot.csv
1,fairness index trend,Combined,46,31.0666666666667,0.49888008529639133,reports/csv/live_user_performance_snapshot.csv
1,fairness index trend,Combined,47,32.112,0.49888008529639133,reports/csv/live_user_performance_snapshot.csv
1,fairness index trend,Combined,48,33.152,0.49888008529639133,reports/csv/live_user_performance_snapshot.csv
1,fairness index trend,Combined,49,34.0106666666667,0.49888008529639133,reports/csv/live_user_performance_snapshot.csv
1,fairness index trend,Combined,50,41.2293333333333,0.49888008529639133,reports/csv/live_user_performance_snapshot.csv
