RunID,ExperimentID,FamilyID,SNBits,CipherAlgorithm,IntegrityAlgorithm,ReorderingDelay_ms,DiscardedPDUs,DuplicatePDUs,SecurityFailures,Status
"PROTOCOL-IMPACT-20260727-071740","F01_01_B","F01","18","NEA0","NIA0","0.1","0","0","0","PASS"
"PROTOCOL-IMPACT-20260727-071740","F01_01_T","F01","18","NEA0","NIA0","0.1","0","0","0","PASS"
"PROTOCOL-IMPACT-20260727-071740","F01_02_B","F01","18","NEA0","NIA0","0.1","0","0","0","PASS"
"PROTOCOL-IMPACT-20260727-071740","F01_02_T","F01","18","NEA0","NIA0","0.1","0","0","0","PASS"
"PROTOCOL-IMPACT-20260727-071740","F01_03_B","F01","18","NEA0","NIA0","0.1","0","0","0","PASS"
"PROTOCOL-IMPACT-20260727-071740","F01_03_T","F01","18","NEA0","NIA0","0.1","0","0","0","PASS"
"PROTOCOL-IMPACT-20260727-071740","F01_04_B","F01","18","NEA0","NIA0","0.1","0","0","0","PASS"
"PROTOCOL-IMPACT-20260727-071740","F01_04_T","F01","18","NEA0","NIA0","0.1","0","0","0","PASS"
"PROTOCOL-IMPACT-20260727-071740","F01_05_B","F01","18","NEA0","NIA0","0.1","0","0","0","PASS"
"PROTOCOL-IMPACT-20260727-071740","F01_05_T","F01","18","NEA0","NIA0","0.1","0","0","0","PASS"
"PROTOCOL-IMPACT-20260727-071740","F01_06_B","F01","18","NEA0","NIA0","0.1","0","0","0","PASS"
"PROTOCOL-IMPACT-20260727-071740","F01_06_T","F01","18","NEA0","NIA0","0.1","0","0","0","PASS"
"PROTOCOL-IMPACT-20260727-071740","F02_01_B","F02","18","NEA0","NIA0","0.1","0","0","0","PASS"
"PROTOCOL-IMPACT-20260727-071740","F02_01_T","F02","18","NEA0","NIA0","0.1","0","0","0","PASS"
"PROTOCOL-IMPACT-20260727-071740","F02_02_B","F02","18","NEA0","NIA0","0.1","0","0","0","PASS"
"PROTOCOL-IMPACT-20260727-071740","F02_02_T","F02","18","NEA0","NIA0","0.1","0","0","0","PASS"
"PROTOCOL-IMPACT-20260727-071740","F02_03_B","F02","18","NEA0","NIA0","0.1","0","0","0","PASS"
"PROTOCOL-IMPACT-20260727-071740","F02_03_T","F02","18","NEA0","NIA0","0.1","0","0","0","PASS"
"PROTOCOL-IMPACT-20260727-071740","F02_04_B","F02","18","NEA0","NIA0","0.1","0","0","0","PASS"
"PROTOCOL-IMPACT-20260727-071740","F02_04_T","F02","18","NEA0","NIA0","0.1","0","0","0","PASS"
"PROTOCOL-IMPACT-20260727-071740","F02_05_B","F02","18","NEA0","NIA0","0.1","0","0","0","PASS"
"PROTOCOL-IMPACT-20260727-071740","F02_05_T","F02","18","NEA0","NIA0","0.1","0","0","0","PASS"
"PROTOCOL-IMPACT-20260727-071740","F02_06_B","F02","18","NEA0","NIA0","0.1","0","0","0","PASS"
"PROTOCOL-IMPACT-20260727-071740","F02_06_T","F02","18","NEA0","NIA0","0.1","0","0","0","PASS"
"PROTOCOL-IMPACT-20260727-071740","F03_01_B","F03","18","NEA0","NIA0","0.1","0","0","0","PASS"
"PROTOCOL-IMPACT-20260727-071740","F03_01_T","F03","18","NEA0","NIA0","0.1","0","0","0","PASS"
"PROTOCOL-IMPACT-20260727-071740","F03_02_B","F03","18","NEA0","NIA0","0.1","0","0","0","PASS"
"PROTOCOL-IMPACT-20260727-071740","F03_02_T","F03","18","NEA0","NIA0","0.1","0","0","0","PASS"
"PROTOCOL-IMPACT-20260727-071740","F03_03_B","F03","18","NEA0","NIA0","0.1","0","0","0","PASS"
"PROTOCOL-IMPACT-20260727-071740","F03_03_T","F03","18","NEA0","NIA0","0.1","0","0","0","PASS"
"PROTOCOL-IMPACT-20260727-071740","F03_04_B","F03","18","NEA0","NIA0","0.1","0","0","0","PASS"
"PROTOCOL-IMPACT-20260727-071740","F03_04_T","F03","18","NEA0","NIA0","0.1","0","0","0","PASS"
"PROTOCOL-IMPACT-20260727-071740","F03_05_B","F03","18","NEA0","NIA0","0.1","0","0","0","PASS"
"PROTOCOL-IMPACT-20260727-071740","F03_05_T","F03","18","NEA0","NIA0","0.1","0","0","0","PASS"
"PROTOCOL-IMPACT-20260727-071740","F03_06_B","F03","18","NEA0","NIA0","0.1","0","0","0","PASS"
"PROTOCOL-IMPACT-20260727-071740","F03_06_T","F03","18","NEA0","NIA0","0.1","0","0","0","PASS"
"PROTOCOL-IMPACT-20260727-071740","F04_01_B","F04","18","NEA0","NIA0","0.1","0","0","0","PASS"
"PROTOCOL-IMPACT-20260727-071740","F04_01_T","F04","18","NEA0","NIA0","0.1","0","0","0","PASS"
"PROTOCOL-IMPACT-20260727-071740","F04_02_B","F04","18","NEA0","NIA0","0.1","0","0","0","PASS"
"PROTOCOL-IMPACT-20260727-071740","F04_02_T","F04","18","NEA0","NIA0","0.1","0","0","0","PASS"
"PROTOCOL-IMPACT-20260727-071740","F04_03_B","F04","18","NEA0","NIA0","0.1","0","0","0","PASS"
"PROTOCOL-IMPACT-20260727-071740","F04_03_T","F04","18","NEA0","NIA0","0.1","0","0","0","PASS"
"PROTOCOL-IMPACT-20260727-071740","F04_04_B","F04","18","NEA0","NIA0","0.1","0","0","0","PASS"
"PROTOCOL-IMPACT-20260727-071740","F04_04_T","F04","18","NEA0","NIA0","0.1","0","0","0","PASS"
"PROTOCOL-IMPACT-20260727-071740","F04_05_B","F04","18","NEA0","NIA0","0.1","0","0","0","PASS"
"PROTOCOL-IMPACT-20260727-071740","F04_05_T","F04","18","NEA0","NIA0","0.1","0","0","0","PASS"
"PROTOCOL-IMPACT-20260727-071740","F04_06_B","F04","18","NEA0","NIA0","0.1","0","0","0","PASS"
"PROTOCOL-IMPACT-20260727-071740","F04_06_T","F04","18","NEA0","NIA0","0.1","0","0","0","PASS"
"PROTOCOL-IMPACT-20260727-071740","F05_01_B","F05","18","NEA0","NIA0","0.1","0","0","0","PASS"
"PROTOCOL-IMPACT-20260727-071740","F05_01_T","F05","18","NEA0","NIA0","0.1","0","0","0","PASS"
"PROTOCOL-IMPACT-20260727-071740","F05_02_B","F05","18","NEA0","NIA0","0.1","0","0","0","PASS"
"PROTOCOL-IMPACT-20260727-071740","F05_02_T","F05","18","NEA0","NIA0","0.1","0","0","0","PASS"
"PROTOCOL-IMPACT-20260727-071740","F05_03_B","F05","18","NEA0","NIA0","0.1","0","0","0","PASS"
"PROTOCOL-IMPACT-20260727-071740","F05_03_T","F05","18","NEA0","NIA0","0.1","0","0","0","PASS"
"PROTOCOL-IMPACT-20260727-071740","F05_04_B","F05","18","NEA0","NIA0","0.1","0","0","0","PASS"
"PROTOCOL-IMPACT-20260727-071740","F05_04_T","F05","18","NEA0","NIA0","0.1","0","0","0","PASS"
"PROTOCOL-IMPACT-20260727-071740","F05_05_B","F05","18","NEA0","NIA0","0.1","0","0","0","PASS"
"PROTOCOL-IMPACT-20260727-071740","F05_05_T","F05","18","NEA0","NIA0","0.1","0","0","0","PASS"
"PROTOCOL-IMPACT-20260727-071740","F05_06_B","F05","18","NEA0","NIA0","0.1","0","0","0","PASS"
"PROTOCOL-IMPACT-20260727-071740","F05_06_T","F05","18","NEA0","NIA0","0.1","0","0","0","PASS"
"PROTOCOL-IMPACT-20260727-071740","F06_01_B","F06","18","NEA0","NIA0","0.1","0","0","0","PASS"
"PROTOCOL-IMPACT-20260727-071740","F06_01_T","F06","18","NEA0","NIA0","0.1","0","0","0","PASS"
"PROTOCOL-IMPACT-20260727-071740","F06_02_B","F06","18","NEA0","NIA0","0.1","0","0","0","PASS"
"PROTOCOL-IMPACT-20260727-071740","F06_02_T","F06","18","NEA0","NIA0","0.1","0","0","0","PASS"
"PROTOCOL-IMPACT-20260727-071740","F06_03_B","F06","18","NEA0","NIA0","0.1","0","0","0","PASS"
"PROTOCOL-IMPACT-20260727-071740","F06_03_T","F06","18","NEA0","NIA0","0.1","0","0","0","PASS"
"PROTOCOL-IMPACT-20260727-071740","F06_04_B","F06","18","NEA0","NIA0","0.1","0","0","0","PASS"
"PROTOCOL-IMPACT-20260727-071740","F06_04_T","F06","18","NEA0","NIA0","0.1","0","0","0","PASS"
"PROTOCOL-IMPACT-20260727-071740","F06_05_B","F06","18","NEA0","NIA0","0.1","0","0","0","PASS"
"PROTOCOL-IMPACT-20260727-071740","F06_05_T","F06","18","NEA0","NIA0","0.1","0","0","0","PASS"
"PROTOCOL-IMPACT-20260727-071740","F06_06_B","F06","18","NEA0","NIA0","0.1","0","0","0","PASS"
"PROTOCOL-IMPACT-20260727-071740","F06_06_T","F06","18","NEA0","NIA0","0.1","0","0","0","PASS"
"PROTOCOL-IMPACT-20260727-071740","F07_01_B","F07","18","NEA0","NIA0","0.1","0","0","0","PASS"
"PROTOCOL-IMPACT-20260727-071740","F07_01_T","F07","18","NEA0","NIA0","0.1","0","0","0","PASS"
"PROTOCOL-IMPACT-20260727-071740","F07_02_B","F07","18","NEA0","NIA0","0.1","0","0","0","PASS"
"PROTOCOL-IMPACT-20260727-071740","F07_02_T","F07","18","NEA0","NIA0","0.1","0","0","0","PASS"
"PROTOCOL-IMPACT-20260727-071740","F07_03_B","F07","18","NEA0","NIA0","0.1","0","0","0","PASS"
"PROTOCOL-IMPACT-20260727-071740","F07_03_T","F07","18","NEA0","NIA0","0.1","0","0","0","PASS"
"PROTOCOL-IMPACT-20260727-071740","F07_04_B","F07","18","NEA0","NIA0","0.1","0","0","0","PASS"
"PROTOCOL-IMPACT-20260727-071740","F07_04_T","F07","18","NEA0","NIA0","0.1","0","0","0","PASS"
"PROTOCOL-IMPACT-20260727-071740","F07_05_B","F07","18","NEA0","NIA0","0.1","0","0","0","PASS"
"PROTOCOL-IMPACT-20260727-071740","F07_05_T","F07","18","NEA0","NIA0","0.1","0","0","0","PASS"
"PROTOCOL-IMPACT-20260727-071740","F07_06_B","F07","18","NEA0","NIA0","0.1","0","0","0","PASS"
"PROTOCOL-IMPACT-20260727-071740","F07_06_T","F07","18","NEA0","NIA0","0.1","0","0","0","PASS"
"PROTOCOL-IMPACT-20260727-071740","F08_01_B","F08","18","NEA0","NIA0","0.1","0","0","0","PASS"
"PROTOCOL-IMPACT-20260727-071740","F08_01_T","F08","18","NEA0","NIA0","0.1","0","0","0","PASS"
"PROTOCOL-IMPACT-20260727-071740","F08_02_B","F08","18","NEA0","NIA0","0.1","0","0","0","PASS"
"PROTOCOL-IMPACT-20260727-071740","F08_02_T","F08","18","NEA0","NIA0","0.1","0","0","0","PASS"
"PROTOCOL-IMPACT-20260727-071740","F08_03_B","F08","18","NEA0","NIA0","0.1","0","0","0","PASS"
"PROTOCOL-IMPACT-20260727-071740","F08_03_T","F08","18","NEA0","NIA0","0.1","0","0","0","PASS"
"PROTOCOL-IMPACT-20260727-071740","F08_04_B","F08","18","NEA0","NIA0","0.1","0","0","0","PASS"
"PROTOCOL-IMPACT-20260727-071740","F08_04_T","F08","18","NEA0","NIA0","0.1","0","0","0","PASS"
"PROTOCOL-IMPACT-20260727-071740","F08_05_B","F08","18","NEA0","NIA0","0.1","0","0","0","PASS"
"PROTOCOL-IMPACT-20260727-071740","F08_05_T","F08","18","NEA0","NIA0","0.1","0","0","0","PASS"
"PROTOCOL-IMPACT-20260727-071740","F08_06_B","F08","18","NEA0","NIA0","0.1","0","0","0","PASS"
"PROTOCOL-IMPACT-20260727-071740","F08_06_T","F08","18","NEA0","NIA0","0.1","0","0","0","PASS"
"PROTOCOL-IMPACT-20260727-071740","F09_01_B","F09","18","NEA0","NIA0","0.1","0","0","0","PASS"
"PROTOCOL-IMPACT-20260727-071740","F09_01_T","F09","18","NEA0","NIA0","0.1","0","0","0","PASS"
"PROTOCOL-IMPACT-20260727-071740","F09_02_B","F09","18","NEA0","NIA0","0.1","0","0","0","PASS"
"PROTOCOL-IMPACT-20260727-071740","F09_02_T","F09","18","NEA0","NIA0","0.1","0","0","0","PASS"
